message,label
You have won a lottery click the link now,1
Congratulations claim your prize today,1
Urgent your bank account will be blocked,1
Verify your account immediately,1
Meeting scheduled at 10am tomorrow,0
Invoice attached for last month services,0
Family dinner tonight at home,0
Project deadline extended to next week,0
Don't miss out on this limited time offer,1
Your subscription is about to expire,1
Lunch with colleagues at noon,0
Weekly team meeting agenda,0
Reminder your appointment is tomorrow,0
Get rich quick with this simple trick,1
Join our webinar on productivity tips,0
Special discount just for you,1
Happy birthday wish you all the best,0
New job opportunity available apply now,1
Weekly newsletter from your favorite blog,0
Exclusive access to premium content,1
Payment due for outstanding balance,0
Confirm your identity now,1
Project completed and delivered,0
Claim your inheritance from abroad,1
Meeting notes from yesterday's call,0
Update your payment method immediately,1
Thank you for your recent purchase,0
Act now before offer expires,1
Team building event next Friday,0
Verify credentials to continue,1
Your package is on its way,0
Free money waiting for you,1
Doctor appointment confirmation,0
Urgent action required check email,1
Happy new year celebrations,0
Tax refund available process now,1
Quarterly business review scheduled,0
Unbelievable savings on your purchase,1
System maintenance tonight 9-11pm,0
You're eligible for cash bonus,1
Feedback survey for your experience,0
Wire transfer needed immediately,1
Coffee break reminder at 3pm,0
Last chance to secure your spot,1
Budget approval from management,0
Click here to verify your account,1
Monthly expense report due Friday,0
Congratulations you won the lottery,1
Training session next Tuesday 2pm,0
Claim your free gift card now,1
Client feedback meeting scheduled,0
Unlimited earning potential join us,1
Lunch delivery arriving in 15 mins,0
Suspicious activity detected act now,1
Office supplies order confirmation,0
Don't miss this exclusive opportunity,1
Performance review scheduled tomorrow,0
You have unclaimed money waiting,1
Birthday cake in the break room,0
Immediate action required security,1
Sales report for Q1 attached,0
Win a brand new iPhone today,1
Parking permit renewal reminder,0
Get instant cash loans apply now,1
Team lunch rescheduled to 1pm,0
Verify email address to unlock,1
Annual company picnic July 10th,0
Easy money from home no experience,1
Travel itinerary for conference trip,0
Your account will be closed soon,1
Shipment tracking number included,0
Become rich overnight guaranteed,1
Project milestone reached on track,0
Confirm banking details immediately,1
Seminar on leadership development,0
Limited time offer expires today,1
Restaurant reservation at 7pm,0
Refund pending approval process,1
Department meeting minutes attached,0
Strike it rich with our system,1
Prescription ready for pickup,0
Update security information now,1
Team outing details and location,0
You are a lucky winner click,1
Insurance claim status update,0
Investment opportunity huge returns,1
Holiday party RSVP deadline soon,0
Authenticate yourself to proceed,1
Flight confirmation number provided,0
Cash back rewards program join,1
Weekly standup meeting at 10am,0
Your prize is waiting claim now,1
Car service appointment booked,0
Financial opportunity available now,1
Team collaboration tools updated,0
Win big money fast easy,1
Quarterly earnings summary included,0
Password reset request received,1
Community event volunteer signup,0
Guaranteed income stream setup,1
Office supply inventory check,0
Validate your personal information,1
Birthday greeting from company,0
Amazing deals available today only,1
Meeting rescheduled to 3pm sharp,0
Boost your income quickly now,1
Training materials for new software,0
Free vouchers just for you,1
Risk assessment review scheduled,0
Get paid for taking surveys,1
Budget planning for next year,0
Membership benefits access now,1
Safety briefing mandatory attendance,0
Double your money investment,1
Customer feedback survey attached,0
Click to collect your winnings,1
Performance metrics dashboard link,0
Your account requires immediate verification,1
Meeting with client John Smith tomorrow,0
Claim your rewards balance now,1
HR policy update for new employees,0
Become wealthy from your smartphone,1
Dental appointment reminder at 9am,0
Secure your payment method update,1
Team project status update available,0
Unexpected inheritance notification act,1
Supply order placed and confirmed,0
Cash advance available for qualified,1
IT security patch installation scheduled,0
Fast easy money no credit,1
Lunch reservation at Italian restaurant,0
Verify account to avoid suspension,1
Quarterly budget review with finance,0
Work from home earn thousands,1
Package delivered left at doorstep,0
Instant approval for personal loan,1
Board meeting agenda items attached,0
Make money online passive income,1
Prescription filled ready for pickup,0
Confirm credentials for authentication,1
Employee wellness program enrollment,0
Get cash fast payday loans,1
Office building access card update,0
Affiliate marketing income stream,1
Team appreciation lunch tomorrow,0
Validate banking information secure,1
Network infrastructure maintenance window,0
High yield investment opportunity,1
Flight delay notification and rebooking,0
Update recovery phone number now,1
Charity fundraiser volunteer request,0
Risk free trial purchase today,1
Expense report reimbursement status,0
Multiple income streams available now,1
Doctor follow up appointment schedule,0
Verify identity through email link,1
Performance bonus calculation sheet,0
Legitimate money making system,1
Court summons legal action notice,1
Safety inspection scheduled date,0
Timeshare vacation offer exclusive,1
Childcare facility pickup reminder,0
Authentic income generating method,1
Financial advisor meeting scheduled,0
Zero risk guaranteed profit scheme,1
Contract renewal for renewal period,0
Emergency assistance available apply,1
Team building activity registration,0
Unsecured personal loan approved,1
Rental property management update,0
Secret to quick wealth revealed,1
Apartment lease signing appointment,0
Unlock account with verification,1
Board directors emergency meeting,0
Make fast cash immediately start,1
Stock market trading tips exclusive,1
Annual health insurance review time,0
Financial freedom opportunity apply,1
Zoom call meeting link attached,0
Collect outstanding settlement now,1
Webinar attendance confirmation code,0
Inheritance claim processing begun,1
Compliance training completion status,0
Revolutionary investment system works,1
Company shuttle schedule change notice,0
Validate social security immediately,1
Fitness center membership activation,0
Financial breakthrough opportunity here,1
Insurance premium payment reminder,0
Suspicious transaction alert verify,1
Weekly sync with management team,0
Money doubling program guaranteed,1
Restaurant delivery order ready,0
Account suspension imminent act fast,1
IT support ticket resolution complete,0
Crypto mining opportunity start,1
Employee handbook updated version,0
Offshore bank account setup help,1
Parking validation provided today,0
Underground money transfer system,1
Diploma certification course completed,0
Instant wealth acceleration program,1
Team feedback survey completion,0
Million dollar opportunity limited,1
Software license renewal reminder,0
Golden opportunity dont miss,1
Benefits enrollment deadline extended,0
Passive income source available,1
Client testimonial review requested,0
Unlimited commission structure join,1
Your account verification pending,1
Marketing campaign results summary,0
Instant payment processing available,1
Team collaboration update meeting,0
Free money no strings attached,1
Security clearance form required,0
Claim your tax refund now,1
Project handover documentation ready,0
Easy cash loan approval fast,1
Office furniture replacement order,0
Financial breakthrough guaranteed today,1
Meeting room booking confirmed,0
Work from home wealth opportunity,1
Annual performance evaluation date,0
Get paid for doing nothing,1
Conference attendance confirmation,0
Multiple passive income streams,1
Sales pipeline status report,0
Suspicious login detected verify,1
Team member feedback session,0
Underground income system revealed,1
Supplier invoice payment terms,0
Secret money making revealed,1
HR department policy update,0
Investment club membership exclusive,1
Client contract renewal discussion,0
Unbelievable money making offer,1
Training certification completion date,0
Verified income opportunity here,1
Quarterly financial results report,0
Validate your account immediately,1
New office location announcement,0
Wealth creation system available,1
Budget variance analysis attached,0
Instant approval guaranteed loans,1
Team roster changes effective,0
Money multiplier program works,1
Insurance policy renewal notice,0
Quick cash advance available,1
Inventory management system update,0
Financial independence achievable now,1
Customer service training scheduled,0
Become a millionaire fast,1
Compliance audit scheduled date,0
No risk money doubling,1
Promotion announcement team wide,0
Secret profit sharing available,1
Network security awareness training,0
Legitimate wealth generation proven,1
Building maintenance access code,0
Authentic income breakthrough here,1
Emergency protocol training required,0
Fortune awaits immediate action,1
Parking lot repair notice,0
Skyrocket your income today,1
Annual audit report available,0
Money flowing system exposed,1
Webinar speaker confirmation,0
Guaranteed riches opportunity,1
Desk assignment reassignment notice,0
Unlock hidden wealth sources,1
Team performance bonus structure,0
Shortcut to financial success,1
Department reorganization announcement,0
Truth about making money,1
Vacation days balance updated,0
Revolutionary income generator,1
Project scope change request,0
Elite wealth circle exclusive,1
Parking permit renewal due,0
Abundance mindset wealth course,1
Company picnic date set,0
Insider stock tips provided,1
Break room refrigerator cleaning,0
Underground banking secrets,1
Travel reimbursement submission reminder,0
Forbidden money making method,1
Wellness program enrollment open,0
Miracle wealth creation system,1
Facilities maintenance emergency,0
Authorized money transfer help,1
Team outing final RSVP,0
Quick riches formula revealed,1
Server maintenance notification,0
Shortcut to easy wealth,1
IT backup system check,0
Money magnet attraction course,1
Document storage clean up,0
Affiliate income secrets exposed,1
Building access update required,0
Crypto wealth opportunity,1
Expiring documents reminder,0
Financial freedom roadmap included,1
Keyboard shortcuts training video,0
Money making cheat code,1
Coffee machine out of order,0
Trading secrets to riches,1
Fax machine error notification,0
Investment secrets now revealed,1
Building key card reissue,0
Wealth magnetism course available,1
Office supplies reorder due,0
Proven money making blueprint,1
Stationery inventory check,0
Financial abundance activation,1
Mailroom package received,0
Money flow optimization course,1
Printer toner replacement needed,0
Hidden wealth sources guide,1
Printer paper reorder alert,0
Secret to quick millions,1
Copier maintenance required,0
Underground wealth building,1
Scanner malfunction report,0
Money while you sleep system,1
Desk organization tips sharing,0
Guaranteed income source found,1
File cabinet reorganization,0
Wealth accelerator program,1
Document shredding schedule,0
Money multiplier secrets revealed,1
Trash collection notice,0
Financial transformation available,1
Cubicle decoration guidelines,0
Instant cash generator method,1
Light bulb replacement request,0
Shortcut to fast wealth,1
Furniture assembly instructions,0
Money machine operation guide,1
Door lock repair needed,0
Wealth formula finally exposed,1
Window blinds adjustment,0
Money making opportunity knocking,1
Air conditioning temperature set,0
Riches and abundance guide,1
Lighting adjustment requested,0
Financial success acceleration,1
Water cooler installation,0
Money creation breakthrough,1
Restroom supplies refill,0
Wealth generation secrets shared,1
Cleaning schedule notification,0
Easy money making finally works,1
Reception area decoration,0
Abundance prosperity formula,1
Elevator maintenance notice,0
Quick cash source located,1
Stairwell inspection required,0
Shortcut to sudden wealth,1
Emergency exit drill upcoming,0
Money making revolution started,1
Fire safety training session,0
Instant riches opportunity arrived,1
Evacuation procedure reminder,0
Wealth unlocking secrets revealed,1
Safety equipment inspection,0
Money flow acceleration course,1
First aid kit restock,0
Infinite income potential here,1
Accident report procedures,0
Financial breakthrough awaits,1
Incident investigation follow up,0
Money manifestation secrets,1
Security badge replacement,0
Wealth consciousness activation,1
Access control system update,0
Easy fortune creation guide,1
Lock down protocol exercise,0
Money streaming systems explained,1
Perimeter fence inspection,0
Riches await immediate,1
Security camera angles check,0
Underground fortune guide,1
Guard shift schedule posted,0
Money while sleeping course,1
Visitor log management,0
Wealth secret finally told,1
Package receiving procedures,0
Fast cash breakthrough method,1
Mailbox key reissue,0
Money making truth exposed,1
Gate access hours change,0
Instant wealth formula found,1
Surveillance footage retention,0
Underground riches method,1
Guard duty schedule rotation,0
Money making secret sauce,1
After hours access approval,0
Financial abundance secrets,1
Parking validation system,0
Shortcut riches guide,1
Parking space reassignment,0
Money fountain discovery,1
Parking rate adjustment,0
Quick millions opportunity,1
Parking validation update,0
Money machine blueprint,1
Spot reservation notice,0
Financial success formula,1
Parking attendant shift,0
Money flow secrets revealed,1
Parking brake malfunction,0
Wealth activation protocol,1
Parking meter failure,0
Easy riches finally available,1
Parking lane closure,0
Underground wealth vault,1
Valet service parking,0
Money manufacturing system,1
Parking valet tipping,0
Abundance code activation,1
Parking valet schedule,0
Shortcut to fast money,1
Valet uniform change,0
Fortune finding method,1
Valet parking training,0
Money waterfall discovery,1
Vehicle inspection required,0
Quick wealth acceleration,1
Tire pressure check,0
Secret money fountain,1
Battery replacement needed,0
Instant fortune method,1
Oil change reminder,0
Money miracle waiting,1
Car wash scheduling,0
Wealth transformation secrets,1
Windshield wiper fluid,0
Easy money abundance,1
Headlight bulb burnt,0
Quick riches secret,1
Brake fluid service,0
Fortune manifestation,1
Coolant level check,0
Money explosion happening,1
Transmission service due,0
Wealth multiplication,1
Suspension inspection time,0
Money creation power,1
Alignment check needed,0
Quick fortune guide,1
Brake pad replacement,0
Riches activation code,1
Tire rotation schedule,0
Money flowing easily,1
Spark plug replacement,0
Fast wealth arrival,1
Engine filter service,0
Secret fortune code,1
Air filter change,0
Money unlimited access,1
Radiator flush service,0
Instant abundance available,1
Engine coolant level,0
Quick money breakthrough,1
Serpentine belt check,0
Fortune discovery package,1
Alternator testing due,0
Money multiplier guide,1
Power steering fluid,0
Easy millions start,1
Brake bleeding service,0
Underground wealth,1
Fuel injector cleaning,0
Money success secrets,1
Emission test reminder,0
Fast cash location,1
Battery terminal corrosion,0
Wealth formula truth,1
Charging system testing,0
Money fountain location,1
Starter motor check,0
Quick riches location,1
Door hinge lubrication,0
Fortune location found,1
Window regulator issue,0
Money location revealed,1
Seat belt inspection,0
Wealth location map,1
Airbag system check,0
Cash location guide,1
Steering wheel play,0
Money hiding spot,1
Accelerator response,0
Treasure location details,1
Brake pedal feel,0
Hidden money location,1
Clutch engagement point,0
Secret money cache,1
Transmission shift quality,0
Buried treasure location,1
Suspension bounce test,0
Money vault location,1
Wheel balance check,0
Underground cache,1
Tire wear pattern,0
Wealth vault location,1
Brake rotor thickness,0
Riches location shared,1
Suspension noise investigation,0
Money stash found,1
Steering responsiveness,0
Fortune cache details,1
Engine knocking sound,0
Secret wealth vault,1
Transmission slipping,0
Hidden riches location,1
Cooling fan operation,0
Money fortune location,1
Fan blade damage check,0
Wealth treasure map,1
Refrigerant pressure,0
Gold fortune location,1
AC compressor cycling,0
Jewels location revealed,1
Heater core function,0
Treasure chest location,1
Defroster operation check,0
Buried fortune location,1
Climate control testing,0
Money mine location,1
Vent mode selection,0
Diamond location map,1
Temperature calibration,0
Ruby fortune location,1
Humidity control system,0
Sapphire treasure details,1
Solar panel charging,0
Emerald location found,1
UV protection testing,0
Pearl cache location,1
Sunroof operation check,0
Opal treasure location,1
Moonroof mechanism test,0
Crystal location shared,1
Sliding door track,0
Amber treasure found,1
Liftgate motor noise,0
Topaz location map,1
Trunk latch problem,0
Quartz location revealed,1
Door lock actuator,0
Garnet treasure location,1
Window lock function,0
Turquoise fortune found,1
Safety lock mechanism,0
Jade treasure location,1
Dead bolt inspection,0
Jasper location revealed,1
Strike plate alignment,0
Onyx treasure cache,1
Hinge pin lubrication,0
Obsidian fortune location,1
Handle mechanism check,0
Marble cache location,1
Latch striker plate,0
Granite treasure details,1
Mortise lock cylinder,0
Limestone fortune found,1
Key blade wear,0
Sandstone location map,1
Lock rekeying service,0
Basalt treasure location,1
Master key system,0
Slate cache revealed,1
Electronic lock system,0
Shale fortune location,1
Keypad battery check,0
Feldspar treasure found,1
Smart lock update,0
Mica location revealed,1
Biometric scan clean,0
Quartz fortune details,1
RFID card testing,0
Felsite treasure cache,1
Proximity card check,0
Pegmatite location map,1
Card reader lens,0
Granite fortune location,1
Encryption key rotation,0
Gneiss treasure shared,1
Algorithm update patch,0
Schist cache location,1
Authentication server,0
Amphibolite treasure,1
Password complexity rules,0
Quartzite location found,1
Brute force protection,0
Slate fortune details,1
Rate limiting enabled,0
Phyllite treasure cache,1
Session timeout setting,0
Hornfels fortune map,1
Token expiration check,0
Marble treasure location,1
Certificate validation,0
Limestone cache found,1
SSL handshake test,0
Dolomite treasure details,1
TLS version support,0
Travertine fortune found,1
Cipher suite strength,0
Tufa location revealed,1
Hash algorithm check,0
Calcite treasure cache,1
Salt length validation,0
Chalk fortune location,1
Pepper value check,0
Marl treasure details,1
MAC computation test,0
Clay fortune found,1
Padding oracle check,0
Silt location revealed,1
Timing attack test,0
Sand treasure cache,1
Cache timing analysis,0
Shale fortune location,1
Branch prediction timing,0
Mudstone treasure found,1
Spectre mitigation check,0
Siltstone cache details,1
Meltdown protection,0
Sandstone treasure location,1
Rowhammer test,0
Greywacke fortune found,1
Cache invalidation,0
Arkose treasure details,1
Flush pipeline timing,0
Conglomerate cache,1
Prefetch buffer test,0
Breccia fortune location,1
TLB flush timing,0
Diorite treasure found,1
Branch buffer test,0
Andesite cache details,1
Instruction cache test,0
Basalt treasure location,1
Data cache timing,0
Rhyolite fortune found,1
Write buffer timing,0
Obsidian cache location,1
Memory refresh timing,0
Tuff treasure details,1
ECC error timing,0
Scoria fortune found,1
Single error correction,1
Pumice cache location,1
Memory error injection,0
Lapilli treasure details,1
Fault injection test,0
Ash fortune location,1
Heat stress test,0
Cinder treasure cache,1
Cold stress test,0
Slag fortune found,1
Thermal cycling test,0
Clinker cache details,1
Humidity stress test,0
Mortar treasure location,1
Salt spray test,0
Grout fortune found,1
Vibration test,0
Concrete cache location,1
Shock test,0
Cement treasure details,1
Drop test,0
Aggregate fortune found,1
Crush test,0
Sand cache location,1
Tensile test,0
Gravel treasure details,1
Flexure test,0
Crushed stone fortune,1
Impact test,0
Rip rap cache location,1
Fatigue test,0
Riprap treasure details,1
Corrosion test,0
Ballast fortune found,1
Salt fog test,0
Talus cache location,1
Accelerated weathering,0
Scree treasure details,1
UV aging test,0
Shale fortune found,1
Thermal shock test,0
Slate cache location,1
Mechanical vibration,0
Flagstone treasure,1
Environmental stress,0
Tile fortune location,1
Combined stress,0
Grout cache found,1
Multi-factor stress,1
Caulk treasure details,1
Simultaneous testing,0
Sealant fortune found,1
Parallel loading,0
Adhesive cache location,1
Sequential loading,0
Joint treasure details,1
Cyclic loading,0
Seam fortune found,1
Random loading,0
Weld cache location,1
Sinusoidal loading,0
Rivet treasure details,1
Square wave loading,0
Bolt fortune found,1
Ramp wave loading,0
Screw cache location,1
Triangular loading,0
Nut treasure details,1
Sawtooth loading,0
Washer fortune found,1
White noise loading,0
Gasket cache location,1
Pink noise loading,0
Seal treasure details,1
Brownian loading,0
Bearing fortune found,1
Gaussian loading,0
Bushing cache location,1
Poisson loading,0
Spacer treasure details,1
Exponential loading,0
Shim fortune found,1
Logarithmic loading,0
Wedge cache location,1
Hyperbolic loading,0
Block treasure details,1
Parabolic loading,0
Brick fortune found,1
Cubic loading,0
Stone cache location,1
Quartic loading,0
Rock treasure details,1
Quintic loading,0
Pebble fortune found,1
Sextic loading,0
Cobble cache location,1
Combined wave,0
Boulder treasure details,1
Harmonic loading,0
Monolith fortune found,1
Resonant loading,0
Statue cache location,1
Natural frequency,0
Monument treasure,1
Damped oscillation,0
Pillar fortune found,1
Underdamped oscillation,0
Column cache location,1
Critically damped,0
Support treasure details,1
Overdamped oscillation,0
'Budget with colleagues at Budget,0
'Don't miss out on this credit card,1
'Invoice {0} processed successfully,0
'Congratulations! Claim your exclusive deal today,1
'Meeting scheduled at Report,0
'{0} report is ready to view,0
'Update your exclusive deal now,1
'Document {0} requires your approval,0
'Budget newsletter from your favorite blog,0
'Status update on {0} project,0
'Your {0} has been updated,0
'Schedule appointment confirmed,0
'Status update on {0} project,0
'Team {0} scheduled for tomorrow,0
'Invoice {0} processed successfully,0
'New {0} available in your account,0
'Don't miss out on this credit card,1
'You have won membership status! Click the link now,1
'Don't miss out on this cash back,1
'Report appointment confirmed,0
'Unlock your {0} instantly,1
'Update your security code now,1
'Your {0} needs attention,1
'Reminder your Review is tomorrow,0
'Re-activate your {0} account,1
'Team {0} scheduled for tomorrow,0
'Report dinner tonight at home,0
'Status update on {0} project,0
'Click here to {0},1
'Your account requires inheritance,1
'{0} report is ready to view,0
'Update your password now,1
'Claim your free credit card today,1
'Team {0} scheduled for tomorrow,0
'Act now to get password,1
'Verify your bonus payment immediately,1
'Feedback dinner tonight at home,0
'Confirm your {0} details,1
'Your account requires password,1
'Document {0} requires your approval,0
'Project deadline extended to Report,0
'Unlock your {0} instantly,1
'Urgent: Your exclusive deal will be blocked,1
'New opportunity for {0},1
'Get tax refund with this simple trick,1
'Update your lottery prize now,1
'Get password with this simple trick,1
'Status update on {0} project,0
'Confirm your {0} details,1
'Confirmation team meeting agenda,0
'Confirm your {0} details,1
'Update your gift card now,1
'Claim your free cash back today,1
'Team {0} scheduled for tomorrow,0
'You have won bonus payment! Click the link now,1
'Your gift card is about to expire,1
'Act now to get investment opportunity,1
'Urgent: Your account access will be blocked,1
'Document {0} requires your approval,0
'Status update on {0} project,0
'Suspicious activity on your inheritance,1
'Your security code is about to expire,1
'Your {0} needs attention,1
'Click here to {0},1
'Your credit card is about to expire,1
'Don't miss out on this password,1
'Your payment method is about to expire,1
'Congratulations! Claim your investment opportunity today,1
'Verify your password immediately,1
'Report appointment confirmed,0
'Unlock your {0} instantly,1
'Monthly dinner tonight at home,0
'Document {0} requires your approval,0
'Special membership status just for you,1
'Training team meeting agenda,0
'Schedule newsletter from your favorite blog,0
'Conference newsletter from your favorite blog,0
'Invoice {0} processed successfully,0
'Re-activate your {0} account,1
'Report newsletter from your favorite blog,0
'Click here to {0},1
'Special gift card just for you,1
'Invoice with colleagues at Invoice,0
'Your {0} password expires soon,0
'Weekly dinner tonight at home,0
'New {0} available in your account,0
'Your exclusive deal is about to expire,1
'Your personal details is about to expire,1
'Limited time offer: investment opportunity,1
'Verify your password immediately,1
'Don't miss out on this account access,1
'{0} report is ready to view,0
'Verify your crypto reward immediately,1
'Your {0} has been updated,0
'Agenda with colleagues at Agenda,0
'Invoice {0} processed successfully,0
'Meeting scheduled at Team,0
'Meeting scheduled at Training,0
'Document {0} requires your approval,0
'Calendar invitation for {0},0
'Document {0} requires your approval,0
'Status update on {0} project,0
'Feedback dinner tonight at home,0
'Urgent: Your cash back will be blocked,1
'Status update on {0} project,0
'Click here to {0},1
'New {0} available in your account,0
'Your {0} needs attention,1
'Click here to {0},1
'Your {0} password expires soon,0
'Don't miss out on this crypto reward,1
'Status update on {0} project,0
'Meeting scheduled at Report,0
'Get security code with this simple trick,1
'Team {0} scheduled for tomorrow,0
'Update your membership status now,1
'Urgent: Your payment method will be blocked,1
'Document {0} requires your approval,0
'Team with colleagues at Team,0
'Verify your lottery prize immediately,1
'Details newsletter from your favorite blog,0
'Calendar invitation for {0},0
'Friday attached for last month services,0
'Suspicious activity on your cash back,1
'Confirmation dinner tonight at home,0
'Verify your payment method immediately,1
'Congratulations! Claim your bonus payment today,1
'Status update on {0} project,0
'Document {0} requires your approval,0
'Calendar invitation for {0},0
'Don't miss out on this investment opportunity,1
'Project deadline extended to Friday,0
'2pm with colleagues at 2pm,0
'Invoice {0} processed successfully,0
'Your {0} needs attention,1
'Congratulations! Claim your tax refund today,1
'Limited time offer: investment opportunity,1
'Click here to {0},1
'Status update on {0} project,0
'Re-activate your {0} account,1
'Update your account access now,1
'Schedule team meeting agenda,0
'Invoice {0} processed successfully,0
'Invoice {0} processed successfully,0
'Urgent: Your personal details will be blocked,1
'Training newsletter from your favorite blog,0
'Urgent: Your investment opportunity will be blocked,1
'Limited time offer: exclusive deal,1
'Your {0} password expires soon,0
'New {0} available in your account,0
'Conference newsletter from your favorite blog,0
'Your free vacation is about to expire,1
'Meeting scheduled at Confirmation,0
'Feedback newsletter from your favorite blog,0
'Re-activate your {0} account,1
'Project deadline extended to Feedback,0
'Confirmation attached for last month services,0
'Click here to {0},1
'Special crypto reward just for you,1
'Team {0} scheduled for tomorrow,0
'New opportunity for {0},1
'Limited time offer: bank account,1
'Schedule dinner tonight at home,0
'Document {0} requires your approval,0
'Project deadline extended to 10am,0
'Calendar invitation for {0},0
'Act now to get bonus payment,1
'New {0} available in your account,0
'Your cash back is about to expire,1
'Don't miss out on this credit card,1
'Congratulations! Claim your membership status today,1
'Your {0} password expires soon,0
'Your {0} has been updated,0
'Special personal details just for you,1
'Review team meeting agenda,0
'Review appointment confirmed,0
'Act now to get password,1
'Claim your free payment method today,1
'Your account requires account access,1
'Verify your inheritance immediately,1
'Friday with colleagues at Friday,0
'Team {0} scheduled for tomorrow,0
'Get bonus payment with this simple trick,1
'Monday with colleagues at Monday,0
'Congratulations! Claim your investment opportunity today,1
'Document {0} requires your approval,0
'Special cash back just for you,1
'Claim your free cash back today,1
'Congratulations! Claim your payment method today,1
'2pm dinner tonight at home,0
'Schedule with colleagues at Schedule,0
'Verify your password immediately,1
'Your {0} password expires soon,0
'Confirm your {0} details,1
'Update your password now,1
'Don't miss out on this exclusive deal,1
'Document {0} requires your approval,0
'Meeting scheduled at 2pm,0
'Re-activate your {0} account,1
'Don't miss out on this bank account,1
'Update your membership status now,1
'Team {0} scheduled for tomorrow,0
'New opportunity for {0},1
'New opportunity for {0},1
'Your {0} password expires soon,0
'Your cash back is about to expire,1
'{0} report is ready to view,0
'Calendar invitation for {0},0
'Receipt attached for last month services,0
'Receipt newsletter from your favorite blog,0
'Meeting scheduled at Agenda,0
'Click here to {0},1
'Claim your free bonus payment today,1
'Your {0} has been updated,0
'Weekly dinner tonight at home,0
'New opportunity for {0},1
'Get membership status with this simple trick,1
'Status update on {0} project,0
'Project deadline extended to 2pm,0
'Get tax refund with this simple trick,1
'You have won gift card! Click the link now,1
'Your bank account is about to expire,1
'Special security code just for you,1
'Team {0} scheduled for tomorrow,0
'Training appointment confirmed,0
'Confirm your {0} details,1
'Congratulations! Claim your cash back today,1
'Limited time offer: bank account,1
'Get tax refund with this simple trick,1
'Update your credit card now,1
'Verify your membership status immediately,1
'Your {0} password expires soon,0
'Document {0} requires your approval,0
'Calendar invitation for {0},0
'Agenda dinner tonight at home,0
'Confirm your {0} details,1
'Limited time offer: credit card,1
'Your {0} has been updated,0
'Conference team meeting agenda,0
'Congratulations! Claim your account access today,1
'Your {0} password expires soon,0
'Schedule appointment confirmed,0
'Congratulations! Claim your crypto reward today,1
'Get lottery prize with this simple trick,1
'Feedback attached for last month services,0
'New opportunity for {0},1
'Your {0} password expires soon,0
'New {0} available in your account,0
'Update with colleagues at Update,0
'Your exclusive deal is about to expire,1
'{0} report is ready to view,0
'Budget attached for last month services,0
'You have won personal details! Click the link now,1
'Click here to {0},1
'Verify your account access immediately,1
'Special free vacation just for you,1
'Limited time offer: investment opportunity,1
'Claim your free exclusive deal today,1
'Project deadline extended to Family,0
'Invoice {0} processed successfully,0
'Document {0} requires your approval,0
'{0} report is ready to view,0
'Urgent: Your tax refund will be blocked,1
'Meeting scheduled at Agenda,0
'You have won account access! Click the link now,1
'Limited time offer: tax refund,1
'Document {0} requires your approval,0
'Act now to get lottery prize,1
'Click here to {0},1
'You have won account access! Click the link now,1
'Meeting scheduled at Family,0
'Reminder your Confirmation is tomorrow,0
'Your personal details is about to expire,1
'Suspicious activity on your security code,1
'Report team meeting agenda,0
'{0} report is ready to view,0
'Schedule attached for last month services,0
'New {0} available in your account,0
'Claim your free bank account today,1
'Your {0} password expires soon,0
'Unlock your {0} instantly,1
'Meeting scheduled at Family,0
'Limited time offer: bank account,1
'Claim your free security code today,1
'Unlock your {0} instantly,1
'New opportunity for {0},1
'Invoice appointment confirmed,0
'New opportunity for {0},1
'10am attached for last month services,0
'Team {0} scheduled for tomorrow,0
'Monday dinner tonight at home,0
'Team attached for last month services,0
'Congratulations! Claim your tax refund today,1
'Update your password now,1
'You have won investment opportunity! Click the link now,1
'2pm dinner tonight at home,0
'Project deadline extended to Review,0
'Your bank account is about to expire,1
'Click here to {0},1
'Your {0} needs attention,1
'Congratulations! Claim your account access today,1
'Meeting scheduled at Report,0
'{0} report is ready to view,0
'Get account access with this simple trick,1
'Special account access just for you,1
'Update your investment opportunity now,1
'Details with colleagues at Details,0
'Claim your free security code today,1
'Team {0} scheduled for tomorrow,0
'Your {0} has been updated,0
'Re-activate your {0} account,1
'Invoice {0} processed successfully,0
'Status update on {0} project,0
'Verify your membership status immediately,1
'Budget appointment confirmed,0
'Re-activate your {0} account,1
'Your {0} needs attention,1
'Team {0} scheduled for tomorrow,0
'Limited time offer: credit card,1
'Urgent: Your investment opportunity will be blocked,1
'Invoice {0} processed successfully,0
'Unlock your {0} instantly,1
'You have won personal details! Click the link now,1
'Re-activate your {0} account,1
'Document {0} requires your approval,0
'Status update on {0} project,0
'Confirm your {0} details,1
'Click here to {0},1
'New {0} available in your account,0
'Monday attached for last month services,0
'Team appointment confirmed,0
'New opportunity for {0},1
'{0} report is ready to view,0
'New {0} available in your account,0
'Calendar invitation for {0},0
'Your free vacation is about to expire,1
'Limited time offer: credit card,1
'Claim your free gift card today,1
'Meeting scheduled at Team,0
'Team {0} scheduled for tomorrow,0
'Budget dinner tonight at home,0
'Weekly attached for last month services,0
'Limited time offer: cash back,1
'Team {0} scheduled for tomorrow,0
'New opportunity for {0},1
'Team team meeting agenda,0
'Details dinner tonight at home,0
'Status update on {0} project,0
'Re-activate your {0} account,1
'Training team meeting agenda,0
'Don't miss out on this personal details,1
'Reminder your 10am is tomorrow,0
'Update dinner tonight at home,0
'You have won free vacation! Click the link now,1
'Project deadline extended to Friday,0
'You have won free vacation! Click the link now,1
'You have won password! Click the link now,1
'Team {0} scheduled for tomorrow,0
'Invoice {0} processed successfully,0
'Meeting scheduled at Team,0
'Project deadline extended to Training,0
'Limited time offer: credit card,1
'Suspicious activity on your password,1
'Limited time offer: membership status,1
'Calendar invitation for {0},0
'Verify your payment method immediately,1
'Limited time offer: free vacation,1
'Click here to {0},1
'Suspicious activity on your personal details,1
'Reminder your Confirmation is tomorrow,0
'Click here to {0},1
'You have won crypto reward! Click the link now,1
'2pm dinner tonight at home,0
'Weekly attached for last month services,0
'Verify your security code immediately,1
'Update your membership status now,1
'Team {0} scheduled for tomorrow,0
'Update your gift card now,1
'Congratulations! Claim your password today,1
'Your membership status is about to expire,1
'Invoice {0} processed successfully,0
'Get inheritance with this simple trick,1
'Schedule newsletter from your favorite blog,0
'Your {0} has been updated,0
'Your {0} has been updated,0
'Conference appointment confirmed,0
'Your account requires membership status,1
'New opportunity for {0},1
'Unlock your {0} instantly,1
'Budget appointment confirmed,0
'{0} report is ready to view,0
'You have won free vacation! Click the link now,1
'Friday appointment confirmed,0
'Reminder your Schedule is tomorrow,0
'Update your account access now,1
'Team {0} scheduled for tomorrow,0
'Your {0} password expires soon,0
'Unlock your {0} instantly,1
'Your {0} password expires soon,0
'Your {0} password expires soon,0
'Confirm your {0} details,1
'Unlock your {0} instantly,1
'Feedback with colleagues at Feedback,0
'Re-activate your {0} account,1
'Document {0} requires your approval,0
'Your account requires bonus payment,1
'Monthly with colleagues at Monthly,0
'Click here to {0},1
'Limited time offer: exclusive deal,1
'Report newsletter from your favorite blog,0
'Your credit card is about to expire,1
'Congratulations! Claim your cash back today,1
'Friday appointment confirmed,0
'Monthly appointment confirmed,0
'Verify your membership status immediately,1
'Your {0} password expires soon,0
'Act now to get payment method,1
'Confirmation dinner tonight at home,0
'Update your payment method now,1
'New {0} available in your account,0
'Re-activate your {0} account,1
'You have won tax refund! Click the link now,1
'Verify your payment method immediately,1
'Claim your free payment method today,1
'Your {0} password expires soon,0
'Don't miss out on this cash back,1
'Agenda dinner tonight at home,0
'Get payment method with this simple trick,1
'Your {0} password expires soon,0
'Team {0} scheduled for tomorrow,0
'New opportunity for {0},1
'Team {0} scheduled for tomorrow,0
'Confirm your {0} details,1
'Limited time offer: inheritance,1
'Confirm your {0} details,1
'Document {0} requires your approval,0
'Document {0} requires your approval,0
'Suspicious activity on your credit card,1
'Document {0} requires your approval,0
'Re-activate your {0} account,1
'Details team meeting agenda,0
'Special lottery prize just for you,1
'Monday appointment confirmed,0
'Your {0} has been updated,0
'Your {0} has been updated,0
'Meeting scheduled at Confirmation,0
'You have won personal details! Click the link now,1
'You have won crypto reward! Click the link now,1
'Your lottery prize is about to expire,1
'Details appointment confirmed,0
'Your {0} needs attention,1
'Document {0} requires your approval,0
'Your account requires account access,1
'Confirm your {0} details,1
'Update your personal details now,1
'Team appointment confirmed,0
'Team {0} scheduled for tomorrow,0
'Don't miss out on this security code,1
'Report attached for last month services,0
'Special free vacation just for you,1
'Invoice with colleagues at Invoice,0
'New {0} available in your account,0
'10am newsletter from your favorite blog,0
'Your bank account is about to expire,1
'Weekly appointment confirmed,0
'Status update on {0} project,0
'Reminder your Monday is tomorrow,0
'Your {0} needs attention,1
'Special exclusive deal just for you,1
'Team {0} scheduled for tomorrow,0
'Limited time offer: security code,1
'Suspicious activity on your crypto reward,1
'Document {0} requires your approval,0
'Your tax refund is about to expire,1
'Your tax refund is about to expire,1
'Receipt newsletter from your favorite blog,0
'Confirm your {0} details,1
'Your bonus payment is about to expire,1
'Congratulations! Claim your exclusive deal today,1
'Project deadline extended to Monthly,0
'Invoice {0} processed successfully,0
'Limited time offer: investment opportunity,1
'Verify your security code immediately,1
'Special credit card just for you,1
'New {0} available in your account,0
'Family newsletter from your favorite blog,0
'Monthly with colleagues at Monthly,0
'Your {0} password expires soon,0
'New {0} available in your account,0
'Unlock your {0} instantly,1
'Suspicious activity on your tax refund,1
'Act now to get gift card,1
'Document {0} requires your approval,0
'Your account requires exclusive deal,1
'New {0} available in your account,0
'Suspicious activity on your tax refund,1
'Calendar invitation for {0},0
'Click here to {0},1
'Limited time offer: investment opportunity,1
'Meeting scheduled at Schedule,0
'Invoice newsletter from your favorite blog,0
'Schedule appointment confirmed,0
'Document {0} requires your approval,0
'Limited time offer: inheritance,1
'Unlock your {0} instantly,1
'Act now to get tax refund,1
'Team with colleagues at Team,0
'Status update on {0} project,0
'Family appointment confirmed,0
'Your {0} has been updated,0
'Update your investment opportunity now,1
'{0} report is ready to view,0
'Suspicious activity on your gift card,1
'You have won cash back! Click the link now,1
'Details attached for last month services,0
'Don't miss out on this credit card,1
'Project deadline extended to Weekly,0
'Confirm your {0} details,1
'Monthly newsletter from your favorite blog,0
'Meeting scheduled at Review,0
'Get password with this simple trick,1
'Limited time offer: tax refund,1
'Your {0} password expires soon,0
'Get cash back with this simple trick,1
'Your {0} password expires soon,0
'Act now to get security code,1
'Invoice {0} processed successfully,0
'{0} report is ready to view,0
'Your {0} needs attention,1
'Claim your free security code today,1
'Re-activate your {0} account,1
'Don't miss out on this password,1
'Team team meeting agenda,0
'Your account requires inheritance,1
'Urgent: Your bonus payment will be blocked,1
'Your account requires crypto reward,1
'Suspicious activity on your bank account,1
'{0} report is ready to view,0
'Budget team meeting agenda,0
'Your {0} needs attention,1
'{0} report is ready to view,0
'Urgent: Your bank account will be blocked,1
'You have won inheritance! Click the link now,1
'10am attached for last month services,0
'Invoice {0} processed successfully,0
'New opportunity for {0},1
'Your free vacation is about to expire,1
'Team {0} scheduled for tomorrow,0
'Urgent: Your exclusive deal will be blocked,1
'Your {0} password expires soon,0
'Limited time offer: gift card,1
'Your account requires account access,1
'New {0} available in your account,0
'Training team meeting agenda,0
'Invoice {0} processed successfully,0
'Your account access is about to expire,1
'Update your bonus payment now,1
'Special account access just for you,1
'Your {0} needs attention,1
'Verify your exclusive deal immediately,1
'Meeting scheduled at Agenda,0
'Click here to {0},1
'You have won crypto reward! Click the link now,1
'Update your credit card now,1
'Click here to {0},1
'Special password just for you,1
'Re-activate your {0} account,1
'You have won inheritance! Click the link now,1
'Team {0} scheduled for tomorrow,0
'Limited time offer: free vacation,1
'Update your bonus payment now,1
'Team with colleagues at Team,0
'New {0} available in your account,0
'Confirm your {0} details,1
'Conference attached for last month services,0
'Calendar invitation for {0},0
'Training with colleagues at Training,0
'New {0} available in your account,0
'Meeting scheduled at Meeting,0
'Budget with colleagues at Budget,0
'Reminder your Details is tomorrow,0
'Verify your tax refund immediately,1
'{0} report is ready to view,0
'Claim your free security code today,1
'Claim your free tax refund today,1
'Your {0} password expires soon,0
'Don't miss out on this account access,1
'Your account requires gift card,1
'Suspicious activity on your cash back,1
'New opportunity for {0},1
'Update your bank account now,1
'Document {0} requires your approval,0
'Act now to get security code,1
'New opportunity for {0},1
'Status update on {0} project,0
'Meeting scheduled at Receipt,0
'Don't miss out on this bonus payment,1
'Verify your bank account immediately,1
'Update your crypto reward now,1
'Calendar invitation for {0},0
'{0} report is ready to view,0
'Urgent: Your credit card will be blocked,1
'Friday team meeting agenda,0
'Team {0} scheduled for tomorrow,0
'Don't miss out on this crypto reward,1
'Claim your free bonus payment today,1
'Verify your personal details immediately,1
'Team {0} scheduled for tomorrow,0
'Click here to {0},1
'You have won free vacation! Click the link now,1
'Re-activate your {0} account,1
'Re-activate your {0} account,1
'Reminder your Review is tomorrow,0
'Unlock your {0} instantly,1
'Get inheritance with this simple trick,1
'Don't miss out on this security code,1
'Don't miss out on this lottery prize,1
'Your account requires membership status,1
'Project deadline extended to 10am,0
'Calendar invitation for {0},0
'Status update on {0} project,0
'Your {0} password expires soon,0
'Special free vacation just for you,1
'Act now to get account access,1
'Conference dinner tonight at home,0
'Your {0} has been updated,0
'Get gift card with this simple trick,1
'Your {0} needs attention,1
'Get free vacation with this simple trick,1
'Act now to get membership status,1
'New {0} available in your account,0
'Special personal details just for you,1
'Click here to {0},1
'New opportunity for {0},1
'Urgent: Your bonus payment will be blocked,1
'Urgent: Your credit card will be blocked,1
'Unlock your {0} instantly,1
'Reminder your 10am is tomorrow,0
'Agenda team meeting agenda,0
'Invoice appointment confirmed,0
'Document {0} requires your approval,0
'New {0} available in your account,0
'Re-activate your {0} account,1
'New opportunity for {0},1
'Meeting attached for last month services,0
'Your {0} has been updated,0
'New {0} available in your account,0
'Update your exclusive deal now,1
'Meeting scheduled at Team,0
'{0} report is ready to view,0
'Friday team meeting agenda,0
'Don't miss out on this payment method,1
'Confirm your {0} details,1
'Click here to {0},1
'New {0} available in your account,0
'New {0} available in your account,0
'Team {0} scheduled for tomorrow,0
'Your {0} password expires soon,0
'Urgent: Your membership status will be blocked,1
'Reminder your Confirmation is tomorrow,0
'Confirm your {0} details,1
'Click here to {0},1
'Update team meeting agenda,0
'Urgent: Your gift card will be blocked,1
'{0} report is ready to view,0
'Click here to {0},1
'Your {0} password expires soon,0
'Confirmation newsletter from your favorite blog,0
'New {0} available in your account,0
'Report dinner tonight at home,0
'Feedback attached for last month services,0
'Meeting scheduled at Report,0
'Meeting scheduled at Review,0
'Click here to {0},1
'Suspicious activity on your investment opportunity,1
'Limited time offer: payment method,1
'Friday dinner tonight at home,0
'Unlock your {0} instantly,1
'Special exclusive deal just for you,1
'Feedback dinner tonight at home,0
'Monday with colleagues at Monday,0
'Unlock your {0} instantly,1
'Urgent: Your bank account will be blocked,1
'Your tax refund is about to expire,1
'Update your membership status now,1
'Congratulations! Claim your inheritance today,1
'Special account access just for you,1
'New {0} available in your account,0
'Suspicious activity on your inheritance,1
'Feedback attached for last month services,0
'Get bonus payment with this simple trick,1
'Verify your personal details immediately,1
'New opportunity for {0},1
'Monday attached for last month services,0
'Status update on {0} project,0
'New {0} available in your account,0
'Confirmation dinner tonight at home,0
'Unlock your {0} instantly,1
'New {0} available in your account,0
'Friday dinner tonight at home,0
'You have won security code! Click the link now,1
'Update your inheritance now,1
'Your account requires free vacation,1
'Invoice {0} processed successfully,0
'Suspicious activity on your free vacation,1
'Team {0} scheduled for tomorrow,0
'Invoice {0} processed successfully,0
'10am attached for last month services,0
'Invoice {0} processed successfully,0
'Reminder your Budget is tomorrow,0
'Feedback dinner tonight at home,0
'Your lottery prize is about to expire,1
'Special lottery prize just for you,1
'Confirm your {0} details,1
'Your {0} has been updated,0
'Urgent: Your lottery prize will be blocked,1
'Meeting scheduled at 2pm,0
'Click here to {0},1
'Invoice attached for last month services,0
'Suspicious activity on your account access,1
'Claim your free password today,1
'Re-activate your {0} account,1
'Calendar invitation for {0},0
'Confirm your {0} details,1
'New opportunity for {0},1
'Your personal details is about to expire,1
'Click here to {0},1
'Unlock your {0} instantly,1
'Congratulations! Claim your tax refund today,1
'Monthly dinner tonight at home,0
'2pm dinner tonight at home,0
'Meeting scheduled at Weekly,0
'Team {0} scheduled for tomorrow,0
'Invoice {0} processed successfully,0
'Congratulations! Claim your exclusive deal today,1
'Your {0} password expires soon,0
'Update your lottery prize now,1
'Team {0} scheduled for tomorrow,0
'Your account requires lottery prize,1
'Invoice {0} processed successfully,0
'Team team meeting agenda,0
'Project deadline extended to 2pm,0
'Your {0} has been updated,0
'Urgent: Your security code will be blocked,1
'Verify your crypto reward immediately,1
'Your {0} password expires soon,0
'Training with colleagues at Training,0
'Urgent: Your password will be blocked,1
'Update your password now,1
'Team {0} scheduled for tomorrow,0
'Special tax refund just for you,1
'Reminder your Budget is tomorrow,0
'{0} report is ready to view,0
'Reminder your Review is tomorrow,0
'Your {0} needs attention,1
'Schedule attached for last month services,0
'Get membership status with this simple trick,1
'Team {0} scheduled for tomorrow,0
'Project deadline extended to Family,0
'Invoice appointment confirmed,0
'Reminder your 10am is tomorrow,0
'Invoice {0} processed successfully,0
'Verify your investment opportunity immediately,1
'Click here to {0},1
'Your {0} password expires soon,0
'Confirmation attached for last month services,0
'Confirmation attached for last month services,0
'Unlock your {0} instantly,1
'{0} report is ready to view,0
'Verify your bank account immediately,1
'Details with colleagues at Details,0
'Friday team meeting agenda,0
'Your security code is about to expire,1
'Document {0} requires your approval,0
'Your {0} needs attention,1
'Your account requires credit card,1
'Meeting scheduled at 10am,0
'Act now to get gift card,1
'Your {0} needs attention,1
'Act now to get bank account,1
'{0} report is ready to view,0
'10am attached for last month services,0
'Special exclusive deal just for you,1
'Calendar invitation for {0},0
'Reminder your Invoice is tomorrow,0
'Your {0} needs attention,1
'Suspicious activity on your payment method,1
'Project deadline extended to Receipt,0
'Meeting scheduled at Agenda,0
'Act now to get bank account,1
'Special password just for you,1
'Team team meeting agenda,0
'Your {0} has been updated,0
'Family dinner tonight at home,0
'Confirm your {0} details,1
'Re-activate your {0} account,1
'Calendar invitation for {0},0
'Reminder your Report is tomorrow,0
'Confirm your {0} details,1
'Your free vacation is about to expire,1
'Urgent: Your account access will be blocked,1
'Your {0} needs attention,1
'Don't miss out on this free vacation,1
'Document {0} requires your approval,0
'Urgent: Your inheritance will be blocked,1
'Meeting scheduled at Meeting,0
'Document {0} requires your approval,0
'Report with colleagues at Report,0
'Document {0} requires your approval,0
'Congratulations! Claim your crypto reward today,1
'Update with colleagues at Update,0
'Special payment method just for you,1
'10am newsletter from your favorite blog,0
'Your crypto reward is about to expire,1
'Click here to {0},1
'Your {0} password expires soon,0
'Act now to get credit card,1
'Conference team meeting agenda,0
'Verify your credit card immediately,1
'Project deadline extended to Feedback,0
'Your {0} password expires soon,0
'Claim your free gift card today,1
'Meeting scheduled at Details,0
'Unlock your {0} instantly,1
'Calendar invitation for {0},0
'Invoice with colleagues at Invoice,0
'Agenda with colleagues at Agenda,0
'Schedule appointment confirmed,0
'Friday with colleagues at Friday,0
'Congratulations! Claim your free vacation today,1
'Receipt appointment confirmed,0
'Your {0} needs attention,1
'Urgent: Your exclusive deal will be blocked,1
'Congratulations! Claim your cash back today,1
'Document {0} requires your approval,0
'Your {0} password expires soon,0
'Calendar invitation for {0},0
'Special membership status just for you,1
'Friday attached for last month services,0
'Update your account access now,1
'New {0} available in your account,0
'Click here to {0},1
'Meeting scheduled at Monthly,0
'Suspicious activity on your personal details,1
'Team {0} scheduled for tomorrow,0
'Team {0} scheduled for tomorrow,0
'Your {0} password expires soon,0
'Team {0} scheduled for tomorrow,0
'New opportunity for {0},1
'Schedule newsletter from your favorite blog,0
'2pm newsletter from your favorite blog,0
'Your account requires credit card,1
'Confirmation attached for last month services,0
'Details appointment confirmed,0
'Your {0} has been updated,0
'Calendar invitation for {0},0
'Your {0} password expires soon,0
'{0} report is ready to view,0
'Details dinner tonight at home,0
'Limited time offer: inheritance,1
'Monday attached for last month services,0
'Click here to {0},1
'Team {0} scheduled for tomorrow,0
'Calendar invitation for {0},0
'Reminder your Schedule is tomorrow,0
'Update your bonus payment now,1
'Your account requires crypto reward,1
'10am with colleagues at 10am,0
'Feedback dinner tonight at home,0
'Your payment method is about to expire,1
'Project deadline extended to Confirmation,0
'New opportunity for {0},1
'Family appointment confirmed,0
'Act now to get account access,1
'Invoice attached for last month services,0
'Your {0} password expires soon,0
'Special payment method just for you,1
'Act now to get gift card,1
'Update your cash back now,1
'Team newsletter from your favorite blog,0
'Team {0} scheduled for tomorrow,0
'Click here to {0},1
'Verify your credit card immediately,1
'{0} report is ready to view,0
'Details dinner tonight at home,0
'Agenda appointment confirmed,0
'Invoice {0} processed successfully,0
'Click here to {0},1
'Click here to {0},1
'Update dinner tonight at home,0
'Invoice team meeting agenda,0
'Update your gift card now,1
'Congratulations! Claim your bonus payment today,1
'Reminder your 2pm is tomorrow,0
'Suspicious activity on your credit card,1
'Update appointment confirmed,0
'Confirm your {0} details,1
'You have won tax refund! Click the link now,1
'Congratulations! Claim your exclusive deal today,1
'Suspicious activity on your investment opportunity,1
'Urgent: Your inheritance will be blocked,1
'You have won tax refund! Click the link now,1
'Training team meeting agenda,0
'Your investment opportunity is about to expire,1
'Family appointment confirmed,0
'Suspicious activity on your membership status,1
'Verify your personal details immediately,1
'Receipt with colleagues at Receipt,0
'Document {0} requires your approval,0
'Calendar invitation for {0},0
'Your account requires bank account,1
'Details dinner tonight at home,0
'Congratulations! Claim your personal details today,1
'New {0} available in your account,0
'Special free vacation just for you,1
'Claim your free exclusive deal today,1
'Your {0} password expires soon,0
'Invoice with colleagues at Invoice,0
'Feedback dinner tonight at home,0
'{0} report is ready to view,0
'Urgent: Your bonus payment will be blocked,1
'Project deadline extended to Agenda,0
'Friday attached for last month services,0
'Status update on {0} project,0
'Your account requires credit card,1
'Update team meeting agenda,0
'Your {0} has been updated,0
'Team {0} scheduled for tomorrow,0
'Confirm your {0} details,1
'Special free vacation just for you,1
'Your {0} has been updated,0
'Act now to get security code,1
'Your {0} password expires soon,0
'Your {0} has been updated,0
'Unlock your {0} instantly,1
'Meeting scheduled at Conference,0
'Update your account access now,1
'Act now to get password,1
'Your account access is about to expire,1
'Invoice {0} processed successfully,0
'Reminder your Family is tomorrow,0
'Your account requires bank account,1
'Your {0} has been updated,0
'Click here to {0},1
'New opportunity for {0},1
'Project deadline extended to Details,0
'Receipt appointment confirmed,0
'Invoice {0} processed successfully,0
'Verify your credit card immediately,1
'Get membership status with this simple trick,1
'Team {0} scheduled for tomorrow,0
'Unlock your {0} instantly,1
'Your {0} needs attention,1
'You have won free vacation! Click the link now,1
'Invoice {0} processed successfully,0
'Conference dinner tonight at home,0
'Status update on {0} project,0
'Family team meeting agenda,0
'Click here to {0},1
'Claim your free lottery prize today,1
'Document {0} requires your approval,0
'Training team meeting agenda,0
'Special gift card just for you,1
'Unlock your {0} instantly,1
'Project deadline extended to Friday,0
'Your {0} has been updated,0
'Your {0} needs attention,1
'New opportunity for {0},1
'You have won lottery prize! Click the link now,1
'Team team meeting agenda,0
'Meeting scheduled at Invoice,0
'Re-activate your {0} account,1
'Reminder your Monday is tomorrow,0
'Congratulations! Claim your security code today,1
'Your membership status is about to expire,1
'Unlock your {0} instantly,1
'Project deadline extended to Feedback,0
'Verify your bonus payment immediately,1
'Act now to get account access,1
'Update your cash back now,1
'Your {0} has been updated,0
'Act now to get crypto reward,1
'Meeting scheduled at Training,0
'Update your exclusive deal now,1
'Get bonus payment with this simple trick,1
'Report newsletter from your favorite blog,0
'Agenda newsletter from your favorite blog,0
'Team {0} scheduled for tomorrow,0
'Claim your free password today,1
'Meeting scheduled at Review,0
'Limited time offer: account access,1
'Claim your free account access today,1
'Update your cash back now,1
'Invoice {0} processed successfully,0
'Status update on {0} project,0
'Get membership status with this simple trick,1
'Invoice {0} processed successfully,0
'New opportunity for {0},1
'2pm newsletter from your favorite blog,0
'Meeting scheduled at Monday,0
Your {0} subscription renewed,0
Congratulations! Claim your fraud alert today,1
Congratulations you are selected for {0},1
Special unusual activity just for you,1
Confirm your {0} details,1
Payroll {0} processed,0
{0} report is ready to view,0
{0} ticket booked,0
Verify your unlimited credits immediately,1
November team meeting agenda,0
{0} notification alert,1
Q1 team meeting agenda,0
Claim your free special bonus today,1
Status update on {0} project,0
You have won crypto reward! Click the link now,1
Meeting notes {0} attached,0
Your account requires account suspension,1
Invoice {0} processed successfully,0
New opportunity for {0},1
Delivery {0} confirmed,0
Congratulations you are selected for {0},1
Delivery {0} confirmed,0
Update your membership status now,1
{0} ticket booked,0
Delivery {0} confirmed,0
New opportunity for {0},1
July attached for last month services,0
March dinner tonight at home,0
You have won exclusive access! Click the link now,1
{0} pending confirmation,1
Flight {0} departure reminder,0
{0} pending confirmation,1
Delivery {0} confirmed,0
Conference dinner tonight at home,0
Confirm your {0} details,1
Order {0} shipped,0
You qualified for {0},1
Final notice: {0} expires today,1
Meeting notes {0} attached,0
Special bonus payment just for you,1
Suspicious activity on your unlimited credits,1
Invoice {0} processed successfully,0
Meeting scheduled at Meeting,0
Performance {0} completed,0
Act now to get fraud alert,1
Your {0} needs attention,1
Congratulations you are selected for {0},1
Performance {0} completed,0
Invoice {0} processed successfully,0
Calendar invitation for {0},0
Status update on {0} project,0
Claim {0} within 24 hours,1
Team {0} scheduled for tomorrow,0
{0} report is ready to view,0
Re-activate your {0} account,1
July appointment confirmed,0
Confirm your {0} details,1
Claim your free inheritance today,1
Congratulations! Claim your prize money today,1
Click here to {0},1
Final notice: {0} expires today,1
Congratulations you are selected for {0},1
Re-activate your {0} account,1
Meeting notes {0} attached,0
{0} training session scheduled,0
Project deadline extended to Receipt,0
Click to receive your {0},1
Special emergency update just for you,1
Confirm your {0} details,1
Your {0} subscription renewed,0
Payroll {0} processed,0
Unlock your {0} instantly,1
{0} pending confirmation,1
Your {0} request approved,1
Invoice {0} processed successfully,0
Performance {0} completed,0
Limited time offer: free shipping,1
{0} pending confirmation,1
2pm newsletter from your favorite blog,0
Meeting scheduled at November,0
Your account requires payment confirmation,1
Contract {0} approved,0
Your {0} subscription renewed,0
Status update on {0} project,0
You have won emergency update! Click the link now,1
Act now to get investment opportunity,1
Calendar invitation for {0},0
You have won bonus payment! Click the link now,1
Hotel {0} reservation confirmed,0
Status update on {0} project,0
{0} pending confirmation,1
New {0} available in your account,0
Reminder your Invoice is tomorrow,0
Limited time offer: exclusive deal,1
Performance {0} completed,0
Q4 attached for last month services,0
Act now to get password,1
Suspicious activity on your password,1
Your {0} subscription renewed,0
Confirm your {0} details,1
Q3 with colleagues at Q3,0
Hotel {0} reservation confirmed,0
Conference with colleagues at Conference,0
Your {0} password expires soon,0
Re-activate your {0} account,1
{0} report is ready to view,0
Congratulations! Claim your gift card today,1
{0} notification alert,1
Congratulations! Claim your special bonus today,1
Performance {0} completed,0
Your {0} needs attention,1
Update your credit card now,1
{0} training session scheduled,0
{0} training session scheduled,0
Your {0} subscription renewed,0
Suspicious activity on your secret offer,1
You qualified for {0},1
Your {0} subscription renewed,0
Document {0} requires your approval,0
Invoice {0} processed successfully,0
Urgent: Your unusual activity will be blocked,1
Congratulations you are selected for {0},1
Meeting notes {0} attached,0
Confirm your {0} details,1
Confirmation appointment confirmed,0
Suspicious activity on your payment method,1
New {0} available in your account,0
January dinner tonight at home,0
Update with colleagues at Update,0
Document {0} requires your approval,0
Update your secret offer now,1
Act now to get premium upgrade,1
{0} has been awarded to you,1
March team meeting agenda,0
Order {0} shipped,0
Get payment method with this simple trick,1
Family newsletter from your favorite blog,0
Verify your verification required immediately,1
Confirm your {0} details,1
{0} has been awarded to you,1
Meeting scheduled at 10am,0
Your account requires premium upgrade,1
Final notice: {0} expires today,1
{0} report is ready to view,0
Team {0} scheduled for tomorrow,0
Your {0} needs attention,1
Your free shipping is about to expire,1
Your account requires bonus payment,1
Contract {0} approved,0
Confirm your {0} details,1
Team {0} scheduled for tomorrow,0
Budget {0} approved,0
{0} training session scheduled,0
Action required on your {0},1
Unlock your {0} instantly,1
Invoice {0} processed successfully,0
Invoice {0} processed successfully,0
Calendar invitation for {0},0
Meeting scheduled at Budget,0
Review appointment confirmed,0
Project deadline extended to January,0
Q3 team meeting agenda,0
Suspicious activity on your special bonus,1
Claim {0} within 24 hours,1
You have won exclusive access! Click the link now,1
Click to receive your {0},1
Performance {0} completed,0
Verify your free vacation immediately,1
Get payment method with this simple trick,1
Claim {0} within 24 hours,1
Friday newsletter from your favorite blog,0
Your {0} subscription renewed,0
Your {0} needs attention,1
{0} notification alert,1
Get account suspension with this simple trick,1
{0} pending confirmation,1
Act now to get inheritance,1
Final notice: {0} expires today,1
Meeting scheduled at April,0
Contract {0} approved,0
Click here to {0},1
Your {0} request approved,1
Claim {0} within 24 hours,1
You qualified for {0},1
Update newsletter from your favorite blog,0
Flight {0} departure reminder,0
Your {0} request approved,1
Your {0} request approved,1
{0} report is ready to view,0
New {0} available in your account,0
Order {0} shipped,0
Status update on {0} project,0
{0} ticket booked,0
Get payment method with this simple trick,1
Congratulations! Claim your fraud alert today,1
{0} notification alert,1
Confirmation with colleagues at Confirmation,0
Claim your free hidden benefit today,1
Performance {0} completed,0
Your {0} password expires soon,0
Reminder your Q4 is tomorrow,0
Congratulations you are selected for {0},1
Congratulations! Claim your hidden benefit today,1
Meeting scheduled at October,0
Get payment confirmation with this simple trick,1
Your {0} has been updated,0
Your {0} subscription renewed,0
{0} report is ready to view,0
Suspicious activity on your crypto reward,1
{0} has been awarded to you,1
Urgent: Your exclusive deal will be blocked,1
Project deadline extended to April,0
Don't miss out on this verification required,1
Invoice {0} processed successfully,0
Act now to get cash back,1
You have won tax refund! Click the link now,1
Claim your free free shipping today,1
Meeting scheduled at Evening,0
Re-activate your {0} account,1
You have won emergency update! Click the link now,1
Meeting attached for last month services,0
Your bank account is about to expire,1
June attached for last month services,0
Get lottery prize with this simple trick,1
Project deadline extended to July,0
Your {0} has been updated,0
{0} notification alert,1
New opportunity for {0},1
New opportunity for {0},1
Contract {0} approved,0
Meeting notes {0} attached,0
You qualified for {0},1
Your {0} subscription renewed,0
Verify your special bonus immediately,1
Invoice {0} processed successfully,0
Unlock your {0} instantly,1
Budget {0} approved,0
{0} has been awarded to you,1
Hotel {0} reservation confirmed,0
Verify your security code immediately,1
Your exclusive access is about to expire,1
Monthly newsletter from your favorite blog,0
{0} ticket booked,0
Action required on your {0},1
Payroll {0} processed,0
Your credit card is about to expire,1
{0} report is ready to view,0
Performance {0} completed,0
Congratulations! Claim your lottery prize today,1
New opportunity for {0},1
Urgent: Your hidden benefit will be blocked,1
Special personal details just for you,1
Contract {0} approved,0
Performance {0} completed,0
Order {0} shipped,0
{0} notification alert,1
{0} training session scheduled,0
Status update on {0} project,0
Document {0} requires your approval,0
2pm attached for last month services,0
Receipt dinner tonight at home,0
Your hidden benefit is about to expire,1
Urgent: Your bank account will be blocked,1
Document {0} requires your approval,0
Budget {0} approved,0
Your {0} has been updated,0
Meeting scheduled at Report,0
Update your bonus payment now,1
Your {0} has been updated,0
{0} report is ready to view,0
Delivery {0} confirmed,0
Meeting scheduled at Q3,0
Urgent: Your payment method will be blocked,1
Act now to get free vacation,1
Friday team meeting agenda,0
Click to receive your {0},1
Afternoon dinner tonight at home,0
Performance {0} completed,0
Contract {0} approved,0
Click to receive your {0},1
{0} notification alert,1
Your {0} needs attention,1
Flight {0} departure reminder,0
Claim your free premium upgrade today,1
Document {0} requires your approval,0
Hotel {0} reservation confirmed,0
Congratulations you are selected for {0},1
Click here to {0},1
Unlock your {0} instantly,1
Delivery {0} confirmed,0
{0} report is ready to view,0
Delivery {0} confirmed,0
{0} training session scheduled,0
Your account requires prize money,1
Your fraud alert is about to expire,1
Contract {0} approved,0
Special inheritance just for you,1
Calendar invitation for {0},0
Update dinner tonight at home,0
Your {0} request approved,1
Special gift card just for you,1
January with colleagues at January,0
Don't miss out on this hidden benefit,1
Claim {0} within 24 hours,1
Act now to get investment opportunity,1
Re-activate your {0} account,1
January team meeting agenda,0
Click to receive your {0},1
Re-activate your {0} account,1
Update your inheritance now,1
Urgent: Your payment method will be blocked,1
{0} notification alert,1
Performance {0} completed,0
Click here to {0},1
Re-activate your {0} account,1
Congratulations! Claim your tax refund today,1
New opportunity for {0},1
Re-activate your {0} account,1
Flight {0} departure reminder,0
Performance {0} completed,0
{0} report is ready to view,0
Congratulations you are selected for {0},1
Contract {0} approved,0
October newsletter from your favorite blog,0
Special hidden benefit just for you,1
Final notice: {0} expires today,1
Budget newsletter from your favorite blog,0
Unlock your {0} instantly,1
Click here to {0},1
Claim your free investment opportunity today,1
Performance {0} completed,0
New {0} available in your account,0
Reminder your Conference is tomorrow,0
Details with colleagues at Details,0
May with colleagues at May,0
Final notice: {0} expires today,1
Meeting notes {0} attached,0
Final notice: {0} expires today,1
Order {0} shipped,0
Schedule attached for last month services,0
Budget {0} approved,0
Meeting scheduled at Team,0
Claim {0} within 24 hours,1
Conference appointment confirmed,0
{0} pending confirmation,1
Congratulations you are selected for {0},1
Document {0} requires your approval,0
Q1 team meeting agenda,0
Your {0} subscription renewed,0
Claim {0} within 24 hours,1
Your account requires gift card,1
Performance {0} completed,0
Confirm your {0} details,1
Your fraud alert is about to expire,1
Claim your free tax refund today,1
Order {0} shipped,0
You qualified for {0},1
Invoice {0} processed successfully,0
Suspicious activity on your bonus payment,1
Verify your bank account immediately,1
New opportunity for {0},1
Team {0} scheduled for tomorrow,0
Confirm your {0} details,1
Claim {0} within 24 hours,1
Q4 team meeting agenda,0
Your account requires premium upgrade,1
Calendar invitation for {0},0
Re-activate your {0} account,1
Your {0} needs attention,1
Payroll {0} processed,0
Your {0} has been updated,0
Limited time offer: free shipping,1
{0} pending confirmation,1
Delivery {0} confirmed,0
You qualified for {0},1
Confirm your {0} details,1
Team {0} scheduled for tomorrow,0
Final notice: {0} expires today,1
Action required on your {0},1
{0} pending confirmation,1
Act now to get unusual activity,1
Urgent: Your password will be blocked,1
Your {0} has been updated,0
Contract {0} approved,0
Order {0} shipped,0
Payroll {0} processed,0
Meeting scheduled at September,0
Q4 with colleagues at Q4,0
Click here to {0},1
Limited time offer: cash back,1
Your {0} password expires soon,0
Your {0} request approved,1
Congratulations you are selected for {0},1
Delivery {0} confirmed,0
Q2 newsletter from your favorite blog,0
New opportunity for {0},1
Hotel {0} reservation confirmed,0
Get membership status with this simple trick,1
Click here to {0},1
{0} report is ready to view,0
Flight {0} departure reminder,0
Don't miss out on this premium upgrade,1
Your {0} password expires soon,0
Your bonus payment is about to expire,1
Document {0} requires your approval,0
Re-activate your {0} account,1
Update your inheritance now,1
Budget {0} approved,0
Your {0} password expires soon,0
November newsletter from your favorite blog,0
Don't miss out on this exclusive access,1
{0} pending confirmation,1
Claim your free lottery prize today,1
Update your lottery prize now,1
Document {0} requires your approval,0
Congratulations you are selected for {0},1
Click here to {0},1
Claim {0} within 24 hours,1
{0} pending confirmation,1
Urgent: Your exclusive deal will be blocked,1
Calendar invitation for {0},0
Performance {0} completed,0
Status update on {0} project,0
Your {0} has been updated,0
Your {0} needs attention,1
Congratulations you are selected for {0},1
Status update on {0} project,0
New {0} available in your account,0
Special fraud alert just for you,1
Act now to get personal details,1
Invoice {0} processed successfully,0
Order {0} shipped,0
Click here to {0},1
Your account requires payment confirmation,1
Get exclusive deal with this simple trick,1
Urgent: Your bank account will be blocked,1
Document {0} requires your approval,0
{0} training session scheduled,0
February team meeting agenda,0
Claim your free gift card today,1
Weekly appointment confirmed,0
February with colleagues at February,0
Team {0} scheduled for tomorrow,0
Team {0} scheduled for tomorrow,0
Unlock your {0} instantly,1
Meeting scheduled at Friday,0
Confirm your {0} details,1
July appointment confirmed,0
Invoice {0} processed successfully,0
{0} pending confirmation,1
Morning team meeting agenda,0
Unlock your {0} instantly,1
Q1 newsletter from your favorite blog,0
Your {0} subscription renewed,0
Act now to get account access,1
Your {0} needs attention,1
Project deadline extended to September,0
{0} report is ready to view,0
Payroll {0} processed,0
{0} ticket booked,0
Congratulations you are selected for {0},1
{0} ticket booked,0
Congratulations! Claim your free vacation today,1
Click to receive your {0},1
Project deadline extended to Invoice,0
Flight {0} departure reminder,0
{0} notification alert,1
Payroll {0} processed,0
Final notice: {0} expires today,1
Your account requires payment confirmation,1
Contract {0} approved,0
Payroll {0} processed,0
Final notice: {0} expires today,1
Reminder your May is tomorrow,0
Contract {0} approved,0
Contract {0} approved,0
Claim your free special bonus today,1
{0} notification alert,1
Flight {0} departure reminder,0
Click to receive your {0},1
Night team meeting agenda,0
Review with colleagues at Review,0
Contract {0} approved,0
Final notice: {0} expires today,1
Congratulations you are selected for {0},1
Status update on {0} project,0
Document {0} requires your approval,0
{0} has been awarded to you,1
Performance {0} completed,0
New {0} available in your account,0
Your {0} password expires soon,0
Verify your crypto reward immediately,1
Claim your free fraud alert today,1
Your {0} subscription renewed,0
Click to receive your {0},1
Performance {0} completed,0
Team {0} scheduled for tomorrow,0
{0} report is ready to view,0
Verify your bonus payment immediately,1
You qualified for {0},1
Act now to get secret offer,1
Update your payment method now,1
{0} training session scheduled,0
Claim your free tax refund today,1
Status update on {0} project,0
Get exclusive deal with this simple trick,1
Re-activate your {0} account,1
Click to receive your {0},1
Congratulations you are selected for {0},1
Click here to {0},1
Update your payment confirmation now,1
Family attached for last month services,0
Re-activate your {0} account,1
Re-activate your {0} account,1
{0} pending confirmation,1
Action required on your {0},1
Monday dinner tonight at home,0
{0} ticket booked,0
Delivery {0} confirmed,0
Team {0} scheduled for tomorrow,0
Project deadline extended to November,0
Payroll {0} processed,0
Meeting notes {0} attached,0
Meeting notes {0} attached,0
Claim your free emergency update today,1
Final notice: {0} expires today,1
Reminder your Friday is tomorrow,0
Project deadline extended to October,0
Document {0} requires your approval,0
Q1 attached for last month services,0
Special payment confirmation just for you,1
Update your password now,1
{0} notification alert,1
Update your premium upgrade now,1
Act now to get secret offer,1
You qualified for {0},1
Final notice: {0} expires today,1
Re-activate your {0} account,1
Meeting scheduled at Details,0
Congratulations! Claim your bank account today,1
New opportunity for {0},1
Your {0} password expires soon,0
March appointment confirmed,0
Your {0} password expires soon,0
Calendar invitation for {0},0
Final notice: {0} expires today,1
Order {0} shipped,0
Your {0} needs attention,1
Congratulations you are selected for {0},1
10am with colleagues at 10am,0
Your {0} needs attention,1
Final notice: {0} expires today,1
Suspicious activity on your investment opportunity,1
New {0} available in your account,0
Action required on your {0},1
Training team meeting agenda,0
New opportunity for {0},1
Click here to {0},1
Your payment method is about to expire,1
Payroll {0} processed,0
Don't miss out on this special bonus,1
Invoice {0} processed successfully,0
Status update on {0} project,0
Monthly team meeting agenda,0
Your {0} password expires soon,0
Budget {0} approved,0
Update your account access now,1
Re-activate your {0} account,1
Re-activate your {0} account,1
June with colleagues at June,0
2026 team meeting agenda,0
Verify your password immediately,1
Contract {0} approved,0
Payroll {0} processed,0
{0} pending confirmation,1
Claim your free bank account today,1
{0} pending confirmation,1
Receipt dinner tonight at home,0
Verify your emergency update immediately,1
Weekly attached for last month services,0
Congratulations you are selected for {0},1
Don't miss out on this secret offer,1
Unlock your {0} instantly,1
Suspicious activity on your prize money,1
Calendar invitation for {0},0
Action required on your {0},1
Suspicious activity on your gift card,1
Click here to {0},1
Agenda appointment confirmed,0
Flight {0} departure reminder,0
New {0} available in your account,0
Click to receive your {0},1
Click here to {0},1
Team {0} scheduled for tomorrow,0
Act now to get verification required,1
Your {0} subscription renewed,0
Status update on {0} project,0
Team {0} scheduled for tomorrow,0
Re-activate your {0} account,1
Document {0} requires your approval,0
Budget {0} approved,0
Invoice {0} processed successfully,0
Click to receive your {0},1
{0} pending confirmation,1
Status update on {0} project,0
Your {0} password expires soon,0
Your {0} needs attention,1
Urgent: Your unusual activity will be blocked,1
{0} report is ready to view,0
Calendar invitation for {0},0
Confirm your {0} details,1
Your {0} request approved,1
Your {0} subscription renewed,0
Limited time offer: verification required,1
Flight {0} departure reminder,0
Night with colleagues at Night,0
Payroll {0} processed,0
Urgent: Your hidden benefit will be blocked,1
Reminder your Invoice is tomorrow,0
Action required on your {0},1
{0} has been awarded to you,1
Meeting scheduled at Schedule,0
{0} notification alert,1
Limited time offer: payment confirmation,1
Unlock your {0} instantly,1
{0} training session scheduled,0
Click here to {0},1
Confirm your {0} details,1
Limited time offer: bonus payment,1
Meeting notes {0} attached,0
Urgent: Your inheritance will be blocked,1
Congratulations! Claim your verification required today,1
Congratulations! Claim your lottery prize today,1
You have won exclusive access! Click the link now,1
Budget {0} approved,0
Don't miss out on this crypto reward,1
{0} ticket booked,0
Order {0} shipped,0
Claim your free exclusive access today,1
Click to receive your {0},1
New opportunity for {0},1
New opportunity for {0},1
Status update on {0} project,0
Verify your cash back immediately,1
Final notice: {0} expires today,1
Verify your hidden benefit immediately,1
Payroll {0} processed,0
Congratulations! Claim your free vacation today,1
Your account requires premium upgrade,1
Calendar invitation for {0},0
Your account requires inheritance,1
Your {0} has been updated,0
Your secret offer is about to expire,1
Afternoon dinner tonight at home,0
Re-activate your {0} account,1
{0} ticket booked,0
Suspicious activity on your cash back,1
Document {0} requires your approval,0
Invoice {0} processed successfully,0
Your {0} subscription renewed,0
Claim {0} within 24 hours,1
Payroll {0} processed,0
{0} has been awarded to you,1
You have won inheritance! Click the link now,1
Your {0} request approved,1
{0} report is ready to view,0
{0} training session scheduled,0
Schedule with colleagues at Schedule,0
Payroll {0} processed,0
Reminder your Weekly is tomorrow,0
Congratulations! Claim your exclusive deal today,1
October with colleagues at October,0
{0} has been awarded to you,1
Limited time offer: membership status,1
Project deadline extended to Q4,0
Click to receive your {0},1
Confirm your {0} details,1
Meeting notes {0} attached,0
Invoice {0} processed successfully,0
Meeting scheduled at Weekly,0
Confirm your {0} details,1
Verify your investment opportunity immediately,1
Meeting notes {0} attached,0
Performance {0} completed,0
You have won premium upgrade! Click the link now,1
You qualified for {0},1
Action required on your {0},1
Order {0} shipped,0
Click to receive your {0},1
Meeting scheduled at Invoice,0
Order {0} shipped,0
Payroll {0} processed,0
Performance {0} completed,0
Click here to {0},1
{0} notification alert,1
Update your free vacation now,1
Click to receive your {0},1
Project deadline extended to Monthly,0
Verify your special bonus immediately,1
Your {0} has been updated,0
Contract {0} approved,0
Your account suspension is about to expire,1
Contract {0} approved,0
Urgent: Your account access will be blocked,1
Your {0} needs attention,1
{0} training session scheduled,0
Invoice dinner tonight at home,0
Claim your free premium upgrade today,1
{0} pending confirmation,1
Reminder your Friday is tomorrow,0
Hotel {0} reservation confirmed,0
Meeting notes {0} attached,0
Reminder your Schedule is tomorrow,0
Contract {0} approved,0
Don't miss out on this special bonus,1
Q4 team meeting agenda,0
Your account requires unusual activity,1
Confirmation appointment confirmed,0
You qualified for {0},1
Congratulations! Claim your inheritance today,1
Your {0} has been updated,0
New opportunity for {0},1
Claim {0} within 24 hours,1
Special inheritance just for you,1
Status update on {0} project,0
{0} has been awarded to you,1
Claim your free prize money today,1
Friday appointment confirmed,0
Your {0} subscription renewed,0
Final notice: {0} expires today,1
Hotel {0} reservation confirmed,0
Act now to get account access,1
Act now to get hidden benefit,1
May newsletter from your favorite blog,0
Order {0} shipped,0
Q4 attached for last month services,0
Congratulations you are selected for {0},1
{0} training session scheduled,0
Congratulations! Claim your gift card today,1
Your {0} needs attention,1
{0} training session scheduled,0
Delivery {0} confirmed,0
Contract {0} approved,0
{0} has been awarded to you,1
Meeting notes {0} attached,0
2026 attached for last month services,0
Order {0} shipped,0
Congratulations! Claim your tax refund today,1
Your {0} password expires soon,0
{0} report is ready to view,0
Hotel {0} reservation confirmed,0
Final notice: {0} expires today,1
{0} has been awarded to you,1
Meeting notes {0} attached,0
{0} ticket booked,0
Limited time offer: emergency update,1
Calendar invitation for {0},0
{0} pending confirmation,1
Your {0} subscription renewed,0
Budget {0} approved,0
Meeting scheduled at Conference,0
Urgent: Your cash back will be blocked,1
Reminder your 10am is tomorrow,0
Confirm your {0} details,1
Your {0} password expires soon,0
Your {0} subscription renewed,0
Order {0} shipped,0
Order {0} shipped,0
Invoice {0} processed successfully,0
New opportunity for {0},1
Document {0} requires your approval,0
Monthly with colleagues at Monthly,0
Your {0} has been updated,0
Click to receive your {0},1
Hotel {0} reservation confirmed,0
New {0} available in your account,0
Unlock your {0} instantly,1
Family appointment confirmed,0
Congratulations you are selected for {0},1
Final notice: {0} expires today,1
Congratulations! Claim your bank account today,1
August with colleagues at August,0
{0} pending confirmation,1
Click here to {0},1
New opportunity for {0},1
Project deadline extended to 2pm,0
Payroll {0} processed,0
New opportunity for {0},1
Confirmation dinner tonight at home,0
Team attached for last month services,0
Your {0} subscription renewed,0
Congratulations! Claim your premium upgrade today,1
Budget {0} approved,0
Reminder your Receipt is tomorrow,0
Act now to get account access,1
Verify your cash back immediately,1
You have won secret offer! Click the link now,1
Update your secret offer now,1
{0} report is ready to view,0
{0} pending confirmation,1
Hotel {0} reservation confirmed,0
Flight {0} departure reminder,0
Unlock your {0} instantly,1
Status update on {0} project,0
New {0} available in your account,0
Document {0} requires your approval,0
{0} has been awarded to you,1
Invoice {0} processed successfully,0
Click here to {0},1
Hotel {0} reservation confirmed,0
Invoice appointment confirmed,0
Document {0} requires your approval,0
Budget {0} approved,0
Your emergency update is about to expire,1
Contract {0} approved,0
Report dinner tonight at home,0
Your account suspension is about to expire,1
Calendar invitation for {0},0
{0} ticket booked,0
Your {0} needs attention,1
Invoice {0} processed successfully,0
Limited time offer: tax refund,1
Hotel {0} reservation confirmed,0
Calendar invitation for {0},0
Congratulations! Claim your personal details today,1
Hotel {0} reservation confirmed,0
Click to receive your {0},1
You have won account suspension! Click the link now,1
{0} has been awarded to you,1
Hotel {0} reservation confirmed,0
Calendar invitation for {0},0
Get emergency update with this simple trick,1
Afternoon attached for last month services,0
You have won payment method! Click the link now,1
Family appointment confirmed,0
Contract {0} approved,0
10am team meeting agenda,0
Get unusual activity with this simple trick,1
Urgent: Your prize money will be blocked,1
You qualified for {0},1
Contract {0} approved,0
You qualified for {0},1
Congratulations you are selected for {0},1
Congratulations! Claim your hidden benefit today,1
Final notice: {0} expires today,1
Special bonus payment just for you,1
New {0} available in your account,0
Flight {0} departure reminder,0
Performance {0} completed,0
You qualified for {0},1
Report attached for last month services,0
September dinner tonight at home,0
Act now to get free vacation,1
Update with colleagues at Update,0
Claim your free credit card today,1
Your bank account is about to expire,1
Hotel {0} reservation confirmed,0
Project deadline extended to Night,0
Your {0} subscription renewed,0
Update your hidden benefit now,1
Confirm your {0} details,1
Your {0} needs attention,1
Order {0} shipped,0
{0} notification alert,1
{0} training session scheduled,0
Your {0} has been updated,0
Don't miss out on this payment method,1
Claim your free payment confirmation today,1
Act now to get personal details,1
Special lottery prize just for you,1
Status update on {0} project,0
Meeting notes {0} attached,0
{0} training session scheduled,0
Budget {0} approved,0
Performance {0} completed,0
Reminder your Budget is tomorrow,0
Unlock your {0} instantly,1
February with colleagues at February,0
Performance {0} completed,0
Feedback attached for last month services,0
Your {0} request approved,1
Reminder your Q3 is tomorrow,0
{0} notification alert,1
Schedule team meeting agenda,0
Congratulations you are selected for {0},1
Limited time offer: special bonus,1
Suspicious activity on your membership status,1
Click here to {0},1
Update your crypto reward now,1
Verify your personal details immediately,1
New opportunity for {0},1
April attached for last month services,0
Click here to {0},1
Your exclusive deal is about to expire,1
Your payment method is about to expire,1
Limited time offer: investment opportunity,1
Contract {0} approved,0
Verify your payment confirmation immediately,1
April newsletter from your favorite blog,0
September attached for last month services,0
Re-activate your {0} account,1
Meeting notes {0} attached,0
Special password just for you,1
Your {0} subscription renewed,0
{0} report is ready to view,0
{0} pending confirmation,1
Don't miss out on this exclusive deal,1
Team attached for last month services,0
Status update on {0} project,0
Meeting notes {0} attached,0
Meeting notes {0} attached,0
Performance {0} completed,0
Project deadline extended to Receipt,0
Delivery {0} confirmed,0
You have won security code! Click the link now,1
{0} pending confirmation,1
{0} pending confirmation,1
Calendar invitation for {0},0
Update your verification required now,1
Review team meeting agenda,0
Invoice {0} processed successfully,0
Re-activate your {0} account,1
{0} notification alert,1
Your {0} subscription renewed,0
Click to receive your {0},1
Flight {0} departure reminder,0
Your {0} has been updated,0
Budget {0} approved,0
Afternoon with colleagues at Afternoon,0
Congratulations you are selected for {0},1
Performance {0} completed,0
Meeting scheduled at Q4,0
Meeting newsletter from your favorite blog,0
Urgent: Your account access will be blocked,1
Your crypto reward is about to expire,1
Limited time offer: unlimited credits,1
Reminder your Details is tomorrow,0
Calendar invitation for {0},0
Project deadline extended to August,0
Verify your hidden benefit immediately,1
Don't miss out on this gift card,1
November with colleagues at November,0
New {0} available in your account,0
Meeting notes {0} attached,0
Contract {0} approved,0
Q2 with colleagues at Q2,0
Unlock your {0} instantly,1
Meeting notes {0} attached,0
You qualified for {0},1
Don't miss out on this bank account,1
Order {0} shipped,0
Weekly with colleagues at Weekly,0
{0} notification alert,1
Flight {0} departure reminder,0
10am with colleagues at 10am,0
Project deadline extended to 2pm,0
Click here to {0},1
You have won emergency update! Click the link now,1
Delivery {0} confirmed,0
Delivery {0} confirmed,0
Update your password now,1
Your {0} request approved,1
Contract {0} approved,0
Project deadline extended to Night,0
Claim your free secret offer today,1
New opportunity for {0},1
Get prize money with this simple trick,1
Your {0} subscription renewed,0
Update your account access now,1
Meeting notes {0} attached,0
New opportunity for {0},1
Reminder your Monday is tomorrow,0
Your investment opportunity is about to expire,1
Budget {0} approved,0
Your {0} has been updated,0
Suspicious activity on your special bonus,1
Limited time offer: cash back,1
You have won exclusive access! Click the link now,1
Suspicious activity on your exclusive deal,1
Delivery {0} confirmed,0
Q1 with colleagues at Q1,0
Claim your free cash back today,1
Your {0} request approved,1
Order {0} shipped,0
Project deadline extended to Review,0
Claim {0} within 24 hours,1
{0} ticket booked,0
Update your verification required now,1
Your {0} needs attention,1
Morning appointment confirmed,0
Click to receive your {0},1
Don't miss out on this unlimited credits,1
Urgent: Your bank account will be blocked,1
Meeting notes {0} attached,0
Suspicious activity on your prize money,1
Q4 dinner tonight at home,0
Congratulations you are selected for {0},1
Claim your free payment method today,1
Invoice {0} processed successfully,0
{0} training session scheduled,0
Your {0} subscription renewed,0
Performance {0} completed,0
Get premium upgrade with this simple trick,1
Special account suspension just for you,1
Claim your free emergency update today,1
Meeting notes {0} attached,0
{0} training session scheduled,0
October with colleagues at October,0
Meeting team meeting agenda,0
{0} report is ready to view,0
Calendar invitation for {0},0
Re-activate your {0} account,1
Order {0} shipped,0
Project deadline extended to February,0
Update your bank account now,1
{0} pending confirmation,1
Get cash back with this simple trick,1
{0} report is ready to view,0
Final notice: {0} expires today,1
Urgent: Your free vacation will be blocked,1
Your {0} subscription renewed,0
April newsletter from your favorite blog,0
Delivery {0} confirmed,0
{0} ticket booked,0
Flight {0} departure reminder,0
Get password with this simple trick,1
Your {0} needs attention,1
{0} notification alert,1
Invoice {0} processed successfully,0
Your {0} password expires soon,0
Claim your free secret offer today,1
Your {0} password expires soon,0
Your account requires cash back,1
Confirmation with colleagues at Confirmation,0
{0} ticket booked,0
Your {0} subscription renewed,0
Delivery {0} confirmed,0
Unlock your {0} instantly,1
Your {0} needs attention,1
Special free shipping just for you,1
Final notice: {0} expires today,1
Verify your prize money immediately,1
Meeting scheduled at Training,0
Claim your free security code today,1
Project deadline extended to Invoice,0
2026 attached for last month services,0
Performance {0} completed,0
Your {0} password expires soon,0
Q2 newsletter from your favorite blog,0
Congratulations! Claim your hidden benefit today,1
Details attached for last month services,0
December newsletter from your favorite blog,0
Delivery {0} confirmed,0
Click here to {0},1
Your {0} needs attention,1
Performance {0} completed,0
Order {0} shipped,0
Don't miss out on this unlimited credits,1
Status update on {0} project,0
Don't miss out on this account suspension,1
Click to receive your {0},1
Performance {0} completed,0
Get lottery prize with this simple trick,1
Invoice team meeting agenda,0
Reminder your Q2 is tomorrow,0
Congratulations! Claim your payment method today,1
Click to receive your {0},1
Contract {0} approved,0
You have won personal details! Click the link now,1
{0} ticket booked,0
Limited time offer: password,1
{0} ticket booked,0
{0} report is ready to view,0
Your emergency update is about to expire,1
January newsletter from your favorite blog,0
Order {0} shipped,0
{0} pending confirmation,1
Re-activate your {0} account,1
Your {0} needs attention,1
Reminder your Family is tomorrow,0
July appointment confirmed,0
Act now to get personal details,1
Payroll {0} processed,0
Delivery {0} confirmed,0
Verify your exclusive access immediately,1
Urgent: Your free vacation will be blocked,1
Status update on {0} project,0
Urgent: Your unlimited credits will be blocked,1
Flight {0} departure reminder,0
Final notice: {0} expires today,1
Act now to get free vacation,1
Re-activate your {0} account,1
Final notice: {0} expires today,1
You qualified for {0},1
You qualified for {0},1
Confirm your {0} details,1
{0} has been awarded to you,1
Special emergency update just for you,1
Invoice {0} processed successfully,0
You qualified for {0},1
Your {0} has been updated,0
Your account requires cash back,1
Your {0} has been updated,0
Urgent: Your prize money will be blocked,1
Re-activate your {0} account,1
Action required on your {0},1
Verify your personal details immediately,1
Congratulations you are selected for {0},1
{0} ticket booked,0
Final notice: {0} expires today,1
Re-activate your {0} account,1
Click here to {0},1
Confirmation attached for last month services,0
Your {0} subscription renewed,0
Get account access with this simple trick,1
March team meeting agenda,0
Update your credit card now,1
Your account requires gift card,1
Click to receive your {0},1
Your {0} subscription renewed,0
Confirm your {0} details,1
Contract {0} approved,0
Special inheritance just for you,1
Weekly attached for last month services,0
New opportunity for {0},1
Monday attached for last month services,0
Congratulations you are selected for {0},1
Hotel {0} reservation confirmed,0
Special unlimited credits just for you,1
Congratulations! Claim your password today,1
Flight {0} departure reminder,0
Your {0} has been updated,0
Meeting notes {0} attached,0
Confirm your {0} details,1
Claim your free account access today,1
Final notice: {0} expires today,1
Action required on your {0},1
Click to receive your {0},1
{0} has been awarded to you,1
Action required on your {0},1
Reminder your Confirmation is tomorrow,0
Click here to {0},1
Status update on {0} project,0
Limited time offer: account access,1
Confirm your {0} details,1
Order {0} shipped,0
Urgent: Your emergency update will be blocked,1
Project deadline extended to April,0
Project deadline extended to Q4,0
Team {0} scheduled for tomorrow,0
{0} training session scheduled,0
Calendar invitation for {0},0
Your {0} password expires soon,0
Your emergency update is about to expire,1
Your {0} needs attention,1
Claim {0} within 24 hours,1
{0} has been awarded to you,1
January team meeting agenda,0
Contract {0} approved,0
Meeting scheduled at Night,0
Suspicious activity on your inheritance,1
Verify your crypto reward immediately,1
Don't miss out on this premium upgrade,1
Team {0} scheduled for tomorrow,0
Order {0} shipped,0
Claim {0} within 24 hours,1
New opportunity for {0},1
Status update on {0} project,0
Reminder your Q2 is tomorrow,0
Don't miss out on this password,1
Click here to {0},1
Calendar invitation for {0},0
Final notice: {0} expires today,1
Click to receive your {0},1
Action required on your {0},1
Team {0} scheduled for tomorrow,0
Limited time offer: free shipping,1
{0} report is ready to view,0
Contract {0} approved,0
Action required on your {0},1
You qualified for {0},1
Flight {0} departure reminder,0
{0} has been awarded to you,1
Update your personal details now,1
You have won secret offer! Click the link now,1
{0} pending confirmation,1
{0} has been awarded to you,1
Click to receive your {0},1
Your {0} has been updated,0
Reminder your Schedule is tomorrow,0
New {0} available in your account,0
Reminder your Receipt is tomorrow,0
Meeting scheduled at Confirmation,0
Final notice: {0} expires today,1
Confirm your {0} details,1
New opportunity for {0},1
Reminder your 2026 is tomorrow,0
Update your payment confirmation now,1
Your account requires prize money,1
Night attached for last month services,0
{0} notification alert,1
Your account requires payment method,1
Your account requires unusual activity,1
Congratulations! Claim your unusual activity today,1
{0} ticket booked,0
Payroll {0} processed,0
Special personal details just for you,1
Update your unusual activity now,1
Special special bonus just for you,1
Get inheritance with this simple trick,1
Confirm your {0} details,1
Report dinner tonight at home,0
Meeting scheduled at Team,0
Contract {0} approved,0
Agenda dinner tonight at home,0
Suspicious activity on your payment confirmation,1
Status update on {0} project,0
Congratulations you are selected for {0},1
You qualified for {0},1
{0} notification alert,1
Click here to {0},1
Performance {0} completed,0
Congratulations you are selected for {0},1
Contract {0} approved,0
Meeting scheduled at Update,0
Update your account access now,1
Your membership status is about to expire,1
Limited time offer: hidden benefit,1
Budget with colleagues at Budget,0
Meeting notes {0} attached,0
February with colleagues at February,0
Reminder your Agenda is tomorrow,0
Your {0} password expires soon,0
Update with colleagues at Update,0
Delivery {0} confirmed,0
Team {0} scheduled for tomorrow,0
November team meeting agenda,0
Final notice: {0} expires today,1
Action required on your {0},1
Your {0} password expires soon,0
Training appointment confirmed,0
Payroll {0} processed,0
Your {0} subscription renewed,0
{0} report is ready to view,0
Action required on your {0},1
Unlock your {0} instantly,1
Unlock your {0} instantly,1
Re-activate your {0} account,1
{0} notification alert,1
Team {0} scheduled for tomorrow,0
Update your exclusive access now,1
Your account requires verification required,1
Click to receive your {0},1
Your {0} has been updated,0
Don't miss out on this exclusive deal,1
Meeting notes {0} attached,0
You qualified for {0},1
Your {0} needs attention,1
Meeting scheduled at September,0
{0} training session scheduled,0
July newsletter from your favorite blog,0
Limited time offer: credit card,1
Calendar invitation for {0},0
You have won credit card! Click the link now,1
{0} pending confirmation,1
Limited time offer: account access,1
Your {0} subscription renewed,0
Congratulations you are selected for {0},1
Payroll {0} processed,0
Confirm your {0} details,1
Your {0} request approved,1
Claim your free lottery prize today,1
Your {0} has been updated,0
Claim {0} within 24 hours,1
Calendar invitation for {0},0
Q3 dinner tonight at home,0
10am appointment confirmed,0
Conference team meeting agenda,0
Your account access is about to expire,1
Project deadline extended to Training,0
Status update on {0} project,0
June with colleagues at June,0
Budget {0} approved,0
Update your unlimited credits now,1
Congratulations! Claim your inheritance today,1
New opportunity for {0},1
Click here to {0},1
Suspicious activity on your exclusive access,1
Your {0} has been updated,0
Urgent: Your membership status will be blocked,1
{0} has been awarded to you,1
Q2 team meeting agenda,0
New {0} available in your account,0
Congratulations! Claim your gift card today,1
Your {0} has been updated,0
Q3 with colleagues at Q3,0
Meeting notes {0} attached,0
Update your free shipping now,1
Your {0} needs attention,1
January team meeting agenda,0
Your {0} request approved,1
Update your tax refund now,1
Status update on {0} project,0
Your {0} request approved,1
Action required on your {0},1
Meeting notes {0} attached,0
Suspicious activity on your exclusive access,1
Urgent: Your credit card will be blocked,1
Update your exclusive deal now,1
Limited time offer: payment method,1
Suspicious activity on your free vacation,1
Special lottery prize just for you,1
Training appointment confirmed,0
Flight {0} departure reminder,0
Contract {0} approved,0
Get payment method with this simple trick,1
Claim {0} within 24 hours,1
Claim {0} within 24 hours,1
Your {0} password expires soon,0
Meeting notes {0} attached,0
Meeting notes {0} attached,0
Your security code is about to expire,1
Your free vacation is about to expire,1
Your account requires free vacation,1
Contract {0} approved,0
Final notice: {0} expires today,1
Meeting notes {0} attached,0
{0} training session scheduled,0
Claim {0} within 24 hours,1
Flight {0} departure reminder,0
Verify your lottery prize immediately,1
Verify your cash back immediately,1
Urgent: Your cash back will be blocked,1
Don't miss out on this account suspension,1
Final notice: {0} expires today,1
New opportunity for {0},1
{0} training session scheduled,0
Final notice: {0} expires today,1
Urgent: Your cash back will be blocked,1
{0} training session scheduled,0
Update your cash back now,1
Morning with colleagues at Morning,0
New {0} available in your account,0
Delivery {0} confirmed,0
Action required on your {0},1
Hotel {0} reservation confirmed,0
Invoice {0} processed successfully,0
Click to receive your {0},1
New {0} available in your account,0
New opportunity for {0},1
Calendar invitation for {0},0
Contract {0} approved,0
Claim {0} within 24 hours,1
Re-activate your {0} account,1
September with colleagues at September,0
Invoice {0} processed successfully,0
Get bonus payment with this simple trick,1
Your {0} request approved,1
Congratulations you are selected for {0},1
Your cash back is about to expire,1
Your {0} has been updated,0
Order {0} shipped,0
Your {0} subscription renewed,0
Update your membership status now,1
Calendar invitation for {0},0
{0} notification alert,1
Delivery {0} confirmed,0
Team {0} scheduled for tomorrow,0
Click here to {0},1
Meeting notes {0} attached,0
{0} training session scheduled,0
Final notice: {0} expires today,1
Action required on your {0},1
Confirmation newsletter from your favorite blog,0
Claim your free investment opportunity today,1
Your {0} subscription renewed,0
Budget team meeting agenda,0
Order {0} shipped,0
{0} notification alert,1
Project deadline extended to Monthly,0
Hotel {0} reservation confirmed,0
New opportunity for {0},1
Urgent: Your fraud alert will be blocked,1
Contract {0} approved,0
Special tax refund just for you,1
Suspicious activity on your exclusive access,1
Update your prize money now,1
Act now to get free vacation,1
{0} training session scheduled,0
Team {0} scheduled for tomorrow,0
Action required on your {0},1
Click to receive your {0},1
Your lottery prize is about to expire,1
Invoice {0} processed successfully,0
{0} notification alert,1
Limited time offer: personal details,1
Confirmation team meeting agenda,0
Meeting scheduled at Friday,0
Get unlimited credits with this simple trick,1
Payroll {0} processed,0
You qualified for {0},1
Training team meeting agenda,0
Claim {0} within 24 hours,1
Budget {0} approved,0
Act now to get secret offer,1
Re-activate your {0} account,1
Flight {0} departure reminder,0
Your unusual activity is about to expire,1
Verify your account access immediately,1
Evening team meeting agenda,0
Status update on {0} project,0
Order {0} shipped,0
Act now to get lottery prize,1
Order {0} shipped,0
{0} notification alert,1
Status update on {0} project,0
Document {0} requires your approval,0
Team {0} scheduled for tomorrow,0
Hotel {0} reservation confirmed,0
Action required on your {0},1
Update your password now,1
Act now to get exclusive deal,1
Training attached for last month services,0
Suspicious activity on your free shipping,1
Act now to get investment opportunity,1
Re-activate your {0} account,1
Verify your crypto reward immediately,1
Congratulations you are selected for {0},1
Your inheritance is about to expire,1
Hotel {0} reservation confirmed,0
October attached for last month services,0
Budget {0} approved,0
Final notice: {0} expires today,1
{0} notification alert,1
Urgent: Your prize money will be blocked,1
Don't miss out on this payment method,1
{0} has been awarded to you,1
Status update on {0} project,0
Performance {0} completed,0
Your {0} request approved,1
{0} training session scheduled,0
Contract {0} approved,0
Update your free vacation now,1
{0} notification alert,1
Limited time offer: lottery prize,1
Your {0} subscription renewed,0
New {0} available in your account,0
You qualified for {0},1
Claim {0} within 24 hours,1
Get secret offer with this simple trick,1
Your {0} request approved,1
Reminder your June is tomorrow,0
New {0} available in your account,0
Delivery {0} confirmed,0
Get emergency update with this simple trick,1
Claim {0} within 24 hours,1
{0} notification alert,1
Your account requires gift card,1
Click here to {0},1
Click to receive your {0},1
September appointment confirmed,0
Team {0} scheduled for tomorrow,0
Claim your free password today,1
Your account requires password,1
Meeting scheduled at 2026,0
Special exclusive deal just for you,1
Claim {0} within 24 hours,1
Limited time offer: security code,1
Congratulations! Claim your bonus payment today,1
Order {0} shipped,0
{0} training session scheduled,0
Calendar invitation for {0},0
{0} training session scheduled,0
Your {0} subscription renewed,0
Unlock your {0} instantly,1
Meeting notes {0} attached,0
Invoice {0} processed successfully,0
Claim your free password today,1
Calendar invitation for {0},0
Unlock your {0} instantly,1
{0} has been awarded to you,1
Hotel {0} reservation confirmed,0
Details newsletter from your favorite blog,0
Q4 with colleagues at Q4,0
Document {0} requires your approval,0
Contract {0} approved,0
Order {0} shipped,0
Update your fraud alert now,1
Get account access with this simple trick,1
{0} pending confirmation,1
Order {0} shipped,0
New opportunity for {0},1
Invoice {0} processed successfully,0
Status update on {0} project,0
Click here to {0},1
{0} training session scheduled,0
Update your free vacation now,1
{0} notification alert,1
Monday newsletter from your favorite blog,0
Congratulations! Claim your emergency update today,1
Meeting scheduled at Night,0
{0} training session scheduled,0
Status update on {0} project,0
Reminder your June is tomorrow,0
{0} notification alert,1
You have won investment opportunity! Click the link now,1
Your security code is about to expire,1
Verify your free vacation immediately,1
Performance {0} completed,0
Claim {0} within 24 hours,1
Team {0} scheduled for tomorrow,0
Get payment method with this simple trick,1
Unlock your {0} instantly,1
Invoice {0} processed successfully,0
Claim your free exclusive access today,1
Special verification required just for you,1
Click to receive your {0},1
Order {0} shipped,0
Confirm your {0} details,1
You have won credit card! Click the link now,1
Urgent: Your free shipping will be blocked,1
Budget {0} approved,0
Team {0} scheduled for tomorrow,0
Confirm your {0} details,1
Don't miss out on this hidden benefit,1
New {0} available in your account,0
Congratulations you are selected for {0},1
July attached for last month services,0
Get crypto reward with this simple trick,1
{0} report is ready to view,0
Claim your free unlimited credits today,1
New {0} available in your account,0
Urgent: Your payment method will be blocked,1
Click here to {0},1
Action required on your {0},1
New {0} available in your account,0
Action required on your {0},1
Performance {0} completed,0
Congratulations you are selected for {0},1
Meeting notes {0} attached,0
Your {0} password expires soon,0
Your {0} subscription renewed,0
Team {0} scheduled for tomorrow,0
Project deadline extended to Night,0
Order {0} shipped,0
Urgent: Your special bonus will be blocked,1
Document {0} requires your approval,0
Evening dinner tonight at home,0
{0} has been awarded to you,1
Your account requires gift card,1
New opportunity for {0},1
Special gift card just for you,1
Reminder your March is tomorrow,0
Q2 newsletter from your favorite blog,0
Document {0} requires your approval,0
Suspicious activity on your exclusive deal,1
Night attached for last month services,0
Team team meeting agenda,0
Your account requires emergency update,1
New opportunity for {0},1
Your {0} request approved,1
{0} pending confirmation,1
Meeting notes {0} attached,0
Unlock your {0} instantly,1
2pm dinner tonight at home,0
Payroll {0} processed,0
Claim {0} within 24 hours,1
New {0} available in your account,0
Verify your free vacation immediately,1
Team {0} scheduled for tomorrow,0
Claim your free membership status today,1
Your {0} password expires soon,0
Budget {0} approved,0
Meeting notes {0} attached,0
{0} training session scheduled,0
Verify your lottery prize immediately,1
Contract {0} approved,0
Final notice: {0} expires today,1
Order {0} shipped,0
Get premium upgrade with this simple trick,1
Status update on {0} project,0
Meeting team meeting agenda,0
{0} training session scheduled,0
Unlock your {0} instantly,1
{0} report is ready to view,0
Delivery {0} confirmed,0
Your {0} request approved,1
Get account suspension with this simple trick,1
Update appointment confirmed,0
Payroll {0} processed,0
Contract {0} approved,0
Action required on your {0},1
Urgent: Your payment method will be blocked,1
{0} ticket booked,0
Night with colleagues at Night,0
Contract {0} approved,0
{0} training session scheduled,0
Document {0} requires your approval,0
Get membership status with this simple trick,1
New {0} available in your account,0
Urgent: Your password will be blocked,1
Verify your membership status immediately,1
Your bonus payment is about to expire,1
Your {0} request approved,1
Don't miss out on this security code,1
Status update on {0} project,0
Act now to get credit card,1
Delivery {0} confirmed,0
{0} has been awarded to you,1
New opportunity for {0},1
Act now to get exclusive deal,1
Invoice {0} processed successfully,0
Your {0} request approved,1
{0} training session scheduled,0
Your {0} needs attention,1
Your {0} needs attention,1
Click to receive your {0},1
Reminder your 10am is tomorrow,0
Status update on {0} project,0
Confirm your {0} details,1
Final notice: {0} expires today,1
Limited time offer: payment confirmation,1
Congratulations you are selected for {0},1
Re-activate your {0} account,1
Act now to get payment confirmation,1
You qualified for {0},1
Get gift card with this simple trick,1
Suspicious activity on your verification required,1
{0} has been awarded to you,1
Invoice {0} processed successfully,0
Verify your verification required immediately,1
Morning newsletter from your favorite blog,0
Hotel {0} reservation confirmed,0
Suspicious activity on your prize money,1
Click here to {0},1
Congratulations! Claim your credit card today,1
Act now to get inheritance,1
Your {0} subscription renewed,0
Your {0} request approved,1
Details with colleagues at Details,0
Contract {0} approved,0
Limited time offer: membership status,1
Budget {0} approved,0
{0} pending confirmation,1
Contract {0} approved,0
Budget {0} approved,0
Congratulations you are selected for {0},1
Limited time offer: unlimited credits,1
{0} notification alert,1
Your {0} password expires soon,0
Get unusual activity with this simple trick,1
Payroll {0} processed,0
Your {0} needs attention,1
{0} training session scheduled,0
Q2 team meeting agenda,0
{0} report is ready to view,0
Calendar invitation for {0},0
Your {0} subscription renewed,0
{0} has been awarded to you,1
Get lottery prize with this simple trick,1
Click to receive your {0},1
Your {0} password expires soon,0
Team {0} scheduled for tomorrow,0
Reminder your Team is tomorrow,0
{0} ticket booked,0
Your {0} has been updated,0
Suspicious activity on your hidden benefit,1
{0} pending confirmation,1
Your unlimited credits is about to expire,1
You have won premium upgrade! Click the link now,1
Reminder your Invoice is tomorrow,0
Your account requires bank account,1
Hotel {0} reservation confirmed,0
Monday team meeting agenda,0
Delivery {0} confirmed,0
Hotel {0} reservation confirmed,0
Performance {0} completed,0
Meeting scheduled at Training,0
{0} has been awarded to you,1
Suspicious activity on your bank account,1
{0} training session scheduled,0
Details team meeting agenda,0
Confirm your {0} details,1
Action required on your {0},1
Performance {0} completed,0
Congratulations you are selected for {0},1
Your {0} needs attention,1
Flight {0} departure reminder,0
Document {0} requires your approval,0
Your {0} password expires soon,0
Action required on your {0},1
Meeting scheduled at Update,0
Order {0} shipped,0
Project deadline extended to Afternoon,0
Urgent: Your unlimited credits will be blocked,1
Act now to get hidden benefit,1
January attached for last month services,0
Performance {0} completed,0
Update your inheritance now,1
Reminder your Team is tomorrow,0
Your account access is about to expire,1
Your {0} request approved,1
Confirm your {0} details,1
Order {0} shipped,0
New {0} available in your account,0
Invoice {0} processed successfully,0
Order {0} shipped,0
Congratulations you are selected for {0},1
Delivery {0} confirmed,0
Meeting notes {0} attached,0
Urgent: Your gift card will be blocked,1
Team {0} scheduled for tomorrow,0
Action required on your {0},1
Limited time offer: account suspension,1
Performance {0} completed,0
Click to receive your {0},1
Order {0} shipped,0
Get tax refund with this simple trick,1
Your {0} needs attention,1
Suspicious activity on your unusual activity,1
{0} ticket booked,0
Project deadline extended to March,0
Claim your free cash back today,1
Congratulations! Claim your secret offer today,1
Status update on {0} project,0
Performance {0} completed,0
Budget {0} approved,0
Reminder your Feedback is tomorrow,0
Special fraud alert just for you,1
Click here to {0},1
Hotel {0} reservation confirmed,0
Claim {0} within 24 hours,1
Update your fraud alert now,1
Final notice: {0} expires today,1
Project deadline extended to September,0
Payroll {0} processed,0
Your {0} password expires soon,0
{0} training session scheduled,0
Project deadline extended to February,0
Order {0} shipped,0
Confirm your {0} details,1
New opportunity for {0},1
Meeting scheduled at Monthly,0
Reminder your 10am is tomorrow,0
Limited time offer: unlimited credits,1
{0} training session scheduled,0
Action required on your {0},1
Act now to get payment method,1
{0} report is ready to view,0
Update your free shipping now,1
Your account requires exclusive deal,1
{0} ticket booked,0
Performance {0} completed,0
Confirm your {0} details,1
Congratulations you are selected for {0},1
New opportunity for {0},1
Project deadline extended to Update,0
Claim your free password today,1
Action required on your {0},1
Status update on {0} project,0
Suspicious activity on your inheritance,1
Your account requires unusual activity,1
Budget {0} approved,0
Update your investment opportunity now,1
Get lottery prize with this simple trick,1
Your {0} request approved,1
{0} pending confirmation,1
Invoice {0} processed successfully,0
Reminder your June is tomorrow,0
Calendar invitation for {0},0
Your unusual activity is about to expire,1
Confirm your {0} details,1
Team {0} scheduled for tomorrow,0
{0} ticket booked,0
Claim your free payment method today,1
{0} notification alert,1
Meeting notes {0} attached,0
Limited time offer: crypto reward,1
Order {0} shipped,0
{0} pending confirmation,1
Your account access is about to expire,1
Your personal details is about to expire,1
Team {0} scheduled for tomorrow,0
{0} training session scheduled,0
Performance {0} completed,0
Action required on your {0},1
Delivery {0} confirmed,0
Delivery {0} confirmed,0
Claim your free unusual activity today,1
{0} has been awarded to you,1
Performance {0} completed,0
Urgent: Your cash back will be blocked,1
Order {0} shipped,0
Your account requires account suspension,1
Special password just for you,1
Invoice {0} processed successfully,0
{0} report is ready to view,0
Project deadline extended to October,0
You qualified for {0},1
Meeting scheduled at March,0
Click to receive your {0},1
Confirmation with colleagues at Confirmation,0
Confirm your {0} details,1
Payroll {0} processed,0
Final notice: {0} expires today,1
Final notice: {0} expires today,1
March dinner tonight at home,0
Claim {0} within 24 hours,1
Limited time offer: inheritance,1
Meeting notes {0} attached,0
{0} ticket booked,0
New opportunity for {0},1
Congratulations! Claim your bonus payment today,1
Get inheritance with this simple trick,1
Final notice: {0} expires today,1
Claim {0} within 24 hours,1
Agenda newsletter from your favorite blog,0
Budget {0} approved,0
January appointment confirmed,0
Hotel {0} reservation confirmed,0
{0} pending confirmation,1
{0} pending confirmation,1
{0} training session scheduled,0
Act now to get special bonus,1
{0} report is ready to view,0
Confirm your {0} details,1
Verify your password immediately,1
Project deadline extended to Details,0
Contract {0} approved,0
Get password with this simple trick,1
Invoice {0} processed successfully,0
Update your tax refund now,1
Urgent: Your secret offer will be blocked,1
Calendar invitation for {0},0
{0} training session scheduled,0
Your account requires unusual activity,1
Delivery {0} confirmed,0
Get bank account with this simple trick,1
Hotel {0} reservation confirmed,0
Your {0} subscription renewed,0
Urgent: Your free vacation will be blocked,1
Your {0} needs attention,1
Order {0} shipped,0
Order {0} shipped,0
Meeting notes {0} attached,0
Calendar invitation for {0},0
{0} notification alert,1
Click here to {0},1
Unlock your {0} instantly,1
{0} ticket booked,0
Review team meeting agenda,0
Verify your free vacation immediately,1
Meeting team meeting agenda,0
Don't miss out on this premium upgrade,1
{0} notification alert,1
Get special bonus with this simple trick,1
Claim {0} within 24 hours,1
Invoice {0} processed successfully,0
Invoice {0} processed successfully,0
Congratulations you are selected for {0},1
Unlock your {0} instantly,1
{0} notification alert,1
Contract {0} approved,0
Your prize money is about to expire,1
Team {0} scheduled for tomorrow,0
Act now to get exclusive deal,1
Act now to get exclusive deal,1
{0} report is ready to view,0
Suspicious activity on your special bonus,1
Meeting notes {0} attached,0
Update newsletter from your favorite blog,0
Hotel {0} reservation confirmed,0
Budget {0} approved,0
Your {0} needs attention,1
Meeting notes {0} attached,0
Meeting notes {0} attached,0
Project deadline extended to Conference,0
Congratulations! Claim your inheritance today,1
Evening appointment confirmed,0
Click here to {0},1
You qualified for {0},1
Document {0} requires your approval,0
Suspicious activity on your fraud alert,1
Contract {0} approved,0
Confirm your {0} details,1
Special emergency update just for you,1
Special inheritance just for you,1
You qualified for {0},1
Your personal details is about to expire,1
Afternoon team meeting agenda,0
Your bank account is about to expire,1
Your {0} needs attention,1
Claim your free verification required today,1
Final notice: {0} expires today,1
Unlock your {0} instantly,1
Flight {0} departure reminder,0
{0} pending confirmation,1
Congratulations! Claim your fraud alert today,1
December appointment confirmed,0
{0} training session scheduled,0
{0} has been awarded to you,1
Delivery {0} confirmed,0
Your {0} has been updated,0
Your {0} password expires soon,0
March newsletter from your favorite blog,0
New opportunity for {0},1
You have won free vacation! Click the link now,1
Flight {0} departure reminder,0
Urgent: Your tax refund will be blocked,1
Urgent: Your personal details will be blocked,1
Click here to {0},1
Your {0} has been updated,0
Don't miss out on this bank account,1
Your {0} has been updated,0
Flight {0} departure reminder,0
Receipt newsletter from your favorite blog,0
{0} training session scheduled,0
Your {0} has been updated,0
Delivery {0} confirmed,0
Suspicious activity on your verification required,1
Special free vacation just for you,1
You qualified for {0},1
Your {0} subscription renewed,0
Monthly newsletter from your favorite blog,0
{0} pending confirmation,1
Hotel {0} reservation confirmed,0
Team {0} scheduled for tomorrow,0
Team newsletter from your favorite blog,0
February dinner tonight at home,0
Invoice {0} processed successfully,0
Your {0} password expires soon,0
Re-activate your {0} account,1
Unlock your {0} instantly,1
Reminder your 2pm is tomorrow,0
Hotel {0} reservation confirmed,0
{0} has been awarded to you,1
Verify your crypto reward immediately,1
{0} training session scheduled,0
Delivery {0} confirmed,0
Meeting notes {0} attached,0
Invoice {0} processed successfully,0
Special exclusive access just for you,1
Verify your gift card immediately,1
Meeting scheduled at Q4,0
Invoice {0} processed successfully,0
Budget {0} approved,0
{0} has been awarded to you,1
Click here to {0},1
Contract {0} approved,0
Confirm your {0} details,1
Claim {0} within 24 hours,1
Congratulations! Claim your free vacation today,1
Budget dinner tonight at home,0
Family with colleagues at Family,0
Your account requires personal details,1
Invoice appointment confirmed,0
Congratulations you are selected for {0},1
{0} training session scheduled,0
Performance {0} completed,0
Meeting notes {0} attached,0
Performance {0} completed,0
You qualified for {0},1
Status update on {0} project,0
Budget {0} approved,0
Congratulations you are selected for {0},1
August appointment confirmed,0
{0} has been awarded to you,1
You qualified for {0},1
Order {0} shipped,0
Click to receive your {0},1
Your account suspension is about to expire,1
Your {0} has been updated,0
You have won gift card! Click the link now,1
Meeting notes {0} attached,0
Don't miss out on this lottery prize,1
October with colleagues at October,0
Status update on {0} project,0
Meeting notes {0} attached,0
{0} training session scheduled,0
October with colleagues at October,0
Update your crypto reward now,1
Unlock your {0} instantly,1
Team team meeting agenda,0
Project deadline extended to December,0
{0} report is ready to view,0
{0} notification alert,1
Don't miss out on this investment opportunity,1
January appointment confirmed,0
New {0} available in your account,0
Final notice: {0} expires today,1
{0} notification alert,1
Monthly dinner tonight at home,0
Get password with this simple trick,1
You qualified for {0},1
Act now to get payment confirmation,1
You qualified for {0},1
Claim {0} within 24 hours,1
Congratulations! Claim your tax refund today,1
Payroll {0} processed,0
Click to receive your {0},1
Congratulations you are selected for {0},1
Your {0} password expires soon,0
Confirm your {0} details,1
Status update on {0} project,0
Action required on your {0},1
Act now to get inheritance,1
Flight {0} departure reminder,0
Verify your lottery prize immediately,1
Your payment confirmation is about to expire,1
Re-activate your {0} account,1
Congratulations you are selected for {0},1
{0} report is ready to view,0
Meeting scheduled at Q2,0
Special special bonus just for you,1
Get unlimited credits with this simple trick,1
April dinner tonight at home,0
Flight {0} departure reminder,0
Contract {0} approved,0
January attached for last month services,0
Congratulations you are selected for {0},1
Your {0} request approved,1
Special unlimited credits just for you,1
September dinner tonight at home,0
Report team meeting agenda,0
Click here to {0},1
Calendar invitation for {0},0
Your account requires exclusive deal,1
Reminder your 2pm is tomorrow,0
Suspicious activity on your account access,1
May newsletter from your favorite blog,0
Meeting scheduled at Invoice,0
Calendar invitation for {0},0
Invoice {0} processed successfully,0
Final notice: {0} expires today,1
Unlock your {0} instantly,1
New opportunity for {0},1
Your {0} subscription renewed,0
You qualified for {0},1
{0} ticket booked,0
Act now to get verification required,1
Claim {0} within 24 hours,1
Order {0} shipped,0
Re-activate your {0} account,1
New {0} available in your account,0
Invoice {0} processed successfully,0
{0} training session scheduled,0
Click here to {0},1
Confirm your {0} details,1
Urgent: Your free shipping will be blocked,1
Final notice: {0} expires today,1
Friday attached for last month services,0
Act now to get payment method,1
Congratulations! Claim your unusual activity today,1
Get credit card with this simple trick,1
Calendar invitation for {0},0
Your {0} request approved,1
Act now to get tax refund,1
Claim {0} within 24 hours,1
Don't miss out on this unusual activity,1
{0} report is ready to view,0
You have won fraud alert! Click the link now,1
Confirm your {0} details,1
{0} ticket booked,0
Special verification required just for you,1
New {0} available in your account,0
Your {0} password expires soon,0
New opportunity for {0},1
Congratulations you are selected for {0},1
Project deadline extended to December,0
Congratulations! Claim your special bonus today,1
Hotel {0} reservation confirmed,0
Urgent: Your investment opportunity will be blocked,1
Delivery {0} confirmed,0
New opportunity for {0},1
Calendar invitation for {0},0
Click to receive your {0},1
Order {0} shipped,0
Claim {0} within 24 hours,1
Contract {0} approved,0
New {0} available in your account,0
Limited time offer: cash back,1
Document {0} requires your approval,0
Limited time offer: tax refund,1
Document {0} requires your approval,0
New {0} available in your account,0
Verify your secret offer immediately,1
Your account requires secret offer,1
Re-activate your {0} account,1
Your {0} request approved,1
{0} notification alert,1
Your verification required is about to expire,1
Your account requires security code,1
Calendar invitation for {0},0
Budget {0} approved,0
Details appointment confirmed,0
Status update on {0} project,0
Congratulations! Claim your account suspension today,1
Night team meeting agenda,0
Budget {0} approved,0
{0} ticket booked,0
Status update on {0} project,0
Update your inheritance now,1
Your account requires inheritance,1
Performance {0} completed,0
{0} training session scheduled,0
Receipt team meeting agenda,0
Suspicious activity on your password,1
Act now to get membership status,1
Congratulations! Claim your bonus payment today,1
{0} pending confirmation,1
August appointment confirmed,0
Special cash back just for you,1
You qualified for {0},1
Congratulations! Claim your personal details today,1
Monthly with colleagues at Monthly,0
February newsletter from your favorite blog,0
New opportunity for {0},1
Your fraud alert is about to expire,1
Afternoon team meeting agenda,0
Your {0} has been updated,0
Friday appointment confirmed,0
Final notice: {0} expires today,1
Team {0} scheduled for tomorrow,0
Your emergency update is about to expire,1
Project deadline extended to Family,0
Your payment method is about to expire,1
Special verification required just for you,1
Q1 dinner tonight at home,0
Urgent: Your bank account will be blocked,1
Update your emergency update now,1
Project deadline extended to 10am,0
Special special bonus just for you,1
You qualified for {0},1
Limited time offer: hidden benefit,1
Hotel {0} reservation confirmed,0
Project deadline extended to Schedule,0
{0} training session scheduled,0
{0} report is ready to view,0
{0} has been awarded to you,1
Delivery {0} confirmed,0
Re-activate your {0} account,1
New opportunity for {0},1
Final notice: {0} expires today,1
Get exclusive deal with this simple trick,1
New opportunity for {0},1
Project deadline extended to Budget,0
Conference newsletter from your favorite blog,0
Payroll {0} processed,0
{0} report is ready to view,0
Confirm your {0} details,1
Payroll {0} processed,0
Claim {0} within 24 hours,1
Meeting scheduled at Team,0
Special premium upgrade just for you,1
Claim {0} within 24 hours,1
Your {0} needs attention,1
Status update on {0} project,0
September newsletter from your favorite blog,0
Special credit card just for you,1
{0} report is ready to view,0
Hotel {0} reservation confirmed,0
You qualified for {0},1
Unlock your {0} instantly,1
Your {0} password expires soon,0
Your {0} has been updated,0
You have won crypto reward! Click the link now,1
Your {0} request approved,1
Project deadline extended to Receipt,0
Invoice {0} processed successfully,0
Final notice: {0} expires today,1
Payroll {0} processed,0
Don't miss out on this lottery prize,1
Unlock your {0} instantly,1
Your account requires inheritance,1
February appointment confirmed,0
Don't miss out on this gift card,1
Congratulations! Claim your lottery prize today,1
Congratulations you are selected for {0},1
July team meeting agenda,0
{0} report is ready to view,0
Reminder your Schedule is tomorrow,0
Order {0} shipped,0
New opportunity for {0},1
Order {0} shipped,0
Your {0} password expires soon,0
Meeting newsletter from your favorite blog,0
Congratulations! Claim your account access today,1
Unlock your {0} instantly,1
Q1 newsletter from your favorite blog,0
Claim your free free shipping today,1
Special password just for you,1
Status update on {0} project,0
Project deadline extended to Evening,0
You qualified for {0},1
Invoice team meeting agenda,0
Flight {0} departure reminder,0
Project deadline extended to 2pm,0
Claim your free verification required today,1
Your {0} subscription renewed,0
Confirmation appointment confirmed,0
Reminder your Confirmation is tomorrow,0
Your {0} has been updated,0
Performance {0} completed,0
Confirm your {0} details,1
Click to receive your {0},1
Delivery {0} confirmed,0
Suspicious activity on your secret offer,1
Your {0} password expires soon,0
Unlock your {0} instantly,1
Morning appointment confirmed,0
Invoice {0} processed successfully,0
Your {0} password expires soon,0
Claim {0} within 24 hours,1
Afternoon with colleagues at Afternoon,0
Feedback team meeting agenda,0
Meeting scheduled at Budget,0
Action required on your {0},1
Your account requires security code,1
Your {0} password expires soon,0
{0} training session scheduled,0
Your {0} has been updated,0
Your exclusive access is about to expire,1
Performance {0} completed,0
Verify your membership status immediately,1
New opportunity for {0},1
Afternoon appointment confirmed,0
{0} notification alert,1
{0} pending confirmation,1
Meeting scheduled at January,0
Afternoon newsletter from your favorite blog,0
Congratulations! Claim your special bonus today,1
Budget {0} approved,0
December dinner tonight at home,0
Your free shipping is about to expire,1
Confirm your {0} details,1
Your {0} subscription renewed,0
Afternoon appointment confirmed,0
Special emergency update just for you,1
Final notice: {0} expires today,1
Claim {0} within 24 hours,1
Your {0} has been updated,0
Your {0} needs attention,1
{0} has been awarded to you,1
Schedule attached for last month services,0
Claim {0} within 24 hours,1
Hotel {0} reservation confirmed,0
Order {0} shipped,0
Payroll {0} processed,0
Special lottery prize just for you,1
Your {0} request approved,1
Q1 team meeting agenda,0
Meeting scheduled at Confirmation,0
Schedule appointment confirmed,0
Your {0} subscription renewed,0
{0} ticket booked,0
Update your unusual activity now,1
Project deadline extended to September,0
You have won personal details! Click the link now,1
{0} ticket booked,0
Document {0} requires your approval,0
Congratulations! Claim your personal details today,1
Performance {0} completed,0
2pm with colleagues at 2pm,0
Congratulations! Claim your free vacation today,1
Order {0} shipped,0
You qualified for {0},1
Don't miss out on this password,1
Verify your bank account immediately,1
{0} ticket booked,0
Get free shipping with this simple trick,1
Project deadline extended to Q1,0
New opportunity for {0},1
Your {0} request approved,1
Claim your free personal details today,1
Your {0} subscription renewed,0
Afternoon attached for last month services,0
New {0} available in your account,0
July dinner tonight at home,0
You qualified for {0},1
Claim your free special bonus today,1
Special account suspension just for you,1
Status update on {0} project,0
{0} has been awarded to you,1
Action required on your {0},1
Contract {0} approved,0
Payroll {0} processed,0
Unlock your {0} instantly,1
Don't miss out on this unusual activity,1
{0} notification alert,1
Your {0} request approved,1
Hotel {0} reservation confirmed,0
Re-activate your {0} account,1
Hotel {0} reservation confirmed,0
Contract {0} approved,0
Meeting notes {0} attached,0
Get membership status with this simple trick,1
Contract {0} approved,0
Final notice: {0} expires today,1
Document {0} requires your approval,0
{0} notification alert,1
Act now to get crypto reward,1
Invoice {0} processed successfully,0
Claim your free bank account today,1
{0} report is ready to view,0
Click here to {0},1
Congratulations you are selected for {0},1
New opportunity for {0},1
Meeting scheduled at Q2,0
{0} has been awarded to you,1
{0} has been awarded to you,1
Meeting scheduled at Budget,0
Verify your exclusive deal immediately,1
Conference attached for last month services,0
Final notice: {0} expires today,1
Flight {0} departure reminder,0
Click here to {0},1
Afternoon newsletter from your favorite blog,0
Contract {0} approved,0
{0} ticket booked,0
Congratulations! Claim your membership status today,1
Your {0} request approved,1
Verify your payment confirmation immediately,1
{0} training session scheduled,0
Urgent: Your free vacation will be blocked,1
2026 appointment confirmed,0
Hotel {0} reservation confirmed,0
New opportunity for {0},1
Urgent: Your emergency update will be blocked,1
Your {0} subscription renewed,0
Unlock your {0} instantly,1
March appointment confirmed,0
Your account requires exclusive deal,1
Reminder your Review is tomorrow,0
Claim your free special bonus today,1
2026 dinner tonight at home,0
Act now to get account suspension,1
Re-activate your {0} account,1
Your {0} password expires soon,0
2026 newsletter from your favorite blog,0
Document {0} requires your approval,0
New {0} available in your account,0
Your {0} needs attention,1
Delivery {0} confirmed,0
Your {0} password expires soon,0
Friday appointment confirmed,0
Unlock your {0} instantly,1
You qualified for {0},1
Get emergency update with this simple trick,1
Special payment method just for you,1
Your {0} request approved,1
{0} notification alert,1
September team meeting agenda,0
Hotel {0} reservation confirmed,0
December team meeting agenda,0
Congratulations! Claim your prize money today,1
{0} report is ready to view,0
Receipt team meeting agenda,0
Update your password now,1
Monthly attached for last month services,0
Invoice {0} processed successfully,0
Claim your free special bonus today,1
{0} has been awarded to you,1
Claim {0} within 24 hours,1
Your {0} has been updated,0
Delivery {0} confirmed,0
Your {0} needs attention,1
Confirm your {0} details,1
2pm newsletter from your favorite blog,0
Your {0} request approved,1
Action required on your {0},1
Re-activate your {0} account,1
Weekly newsletter from your favorite blog,0
Calendar invitation for {0},0
Update your exclusive access now,1
Congratulations! Claim your tax refund today,1
Calendar invitation for {0},0
February appointment confirmed,0
Final notice: {0} expires today,1
Document {0} requires your approval,0
Final notice: {0} expires today,1
Your {0} password expires soon,0
Meeting notes {0} attached,0
Monday dinner tonight at home,0
Calendar invitation for {0},0
Congratulations you are selected for {0},1
Click here to {0},1
Invoice {0} processed successfully,0
Team newsletter from your favorite blog,0
Verify your special bonus immediately,1
New {0} available in your account,0
Your {0} request approved,1
Don't miss out on this secret offer,1
Reminder your Night is tomorrow,0
Update your premium upgrade now,1
Status update on {0} project,0
Your {0} password expires soon,0
Project deadline extended to Monday,0
September newsletter from your favorite blog,0
Meeting notes {0} attached,0
Budget {0} approved,0
Meeting attached for last month services,0
Your {0} has been updated,0
Team appointment confirmed,0
Don't miss out on this password,1
Flight {0} departure reminder,0
New opportunity for {0},1
Final notice: {0} expires today,1
Delivery {0} confirmed,0
Calendar invitation for {0},0
Team {0} scheduled for tomorrow,0
You have won fraud alert! Click the link now,1
Update your account suspension now,1
Meeting notes {0} attached,0
Unlock your {0} instantly,1
Suspicious activity on your payment confirmation,1
Update your exclusive access now,1
Training attached for last month services,0
November appointment confirmed,0
Budget {0} approved,0
Calendar invitation for {0},0
Payroll {0} processed,0
Meeting notes {0} attached,0
Delivery {0} confirmed,0
Congratulations! Claim your account suspension today,1
You qualified for {0},1
Your {0} password expires soon,0
Delivery {0} confirmed,0
Flight {0} departure reminder,0
Reminder your April is tomorrow,0
{0} ticket booked,0
Final notice: {0} expires today,1
Your cash back is about to expire,1
Unlock your {0} instantly,1
Act now to get verification required,1
{0} notification alert,1
Limited time offer: cash back,1
Limited time offer: personal details,1
Update your unusual activity now,1
Delivery {0} confirmed,0
Click here to {0},1
{0} has been awarded to you,1
Urgent: Your cash back will be blocked,1
Update your credit card now,1
Reminder your Q4 is tomorrow,0
Update your account suspension now,1
Action required on your {0},1
Budget {0} approved,0
Unlock your {0} instantly,1
Payroll {0} processed,0
Hotel {0} reservation confirmed,0
New {0} available in your account,0
Act now to get hidden benefit,1
2pm team meeting agenda,0
Your account requires gift card,1
Action required on your {0},1
Order {0} shipped,0
New opportunity for {0},1
Your {0} needs attention,1
Claim {0} within 24 hours,1
Congratulations! Claim your bank account today,1
Special crypto reward just for you,1
Your exclusive access is about to expire,1
Budget {0} approved,0
Your {0} request approved,1
Hotel {0} reservation confirmed,0
Invoice {0} processed successfully,0
Your {0} request approved,1
Your {0} has been updated,0
Meeting scheduled at Team,0
Your account access is about to expire,1
Click to receive your {0},1
Performance {0} completed,0
Claim {0} within 24 hours,1
Act now to get tax refund,1
Contract {0} approved,0
Suspicious activity on your special bonus,1
Urgent: Your membership status will be blocked,1
Confirm your {0} details,1
Meeting notes {0} attached,0
Team {0} scheduled for tomorrow,0
{0} ticket booked,0
Get exclusive deal with this simple trick,1
{0} pending confirmation,1
Don't miss out on this tax refund,1
New opportunity for {0},1
Order {0} shipped,0
Limited time offer: bank account,1
You have won password! Click the link now,1
{0} training session scheduled,0
{0} has been awarded to you,1
Your {0} has been updated,0
Meeting notes {0} attached,0
July newsletter from your favorite blog,0
Invoice {0} processed successfully,0
Q3 with colleagues at Q3,0
Your cash back is about to expire,1
Your {0} needs attention,1
Reminder your Meeting is tomorrow,0
Team {0} scheduled for tomorrow,0
Performance {0} completed,0
Flight {0} departure reminder,0
Morning attached for last month services,0
You qualified for {0},1
Your {0} needs attention,1
Meeting scheduled at Q3,0
Status update on {0} project,0
Update your tax refund now,1
Click to receive your {0},1
Order {0} shipped,0
Special personal details just for you,1
Project deadline extended to Meeting,0
Team {0} scheduled for tomorrow,0
Limited time offer: free shipping,1
Unlock your {0} instantly,1
Urgent: Your exclusive access will be blocked,1
{0} ticket booked,0
Conference attached for last month services,0
{0} pending confirmation,1
Payroll {0} processed,0
{0} ticket booked,0
New opportunity for {0},1
Your {0} password expires soon,0
Meeting notes {0} attached,0
Your {0} needs attention,1
Delivery {0} confirmed,0
Order {0} shipped,0
Congratulations you are selected for {0},1
Suspicious activity on your bonus payment,1
Your {0} request approved,1
Hotel {0} reservation confirmed,0
Suspicious activity on your unusual activity,1
Your {0} request approved,1
Contract {0} approved,0
Get premium upgrade with this simple trick,1
Team {0} scheduled for tomorrow,0
Claim {0} within 24 hours,1
Performance {0} completed,0
April appointment confirmed,0
Don't miss out on this account access,1
Your {0} request approved,1
You qualified for {0},1
Performance {0} completed,0
Claim your free exclusive deal today,1
Limited time offer: membership status,1
Special credit card just for you,1
Hotel {0} reservation confirmed,0
Update your tax refund now,1
Special free shipping just for you,1
Click to receive your {0},1
Action required on your {0},1
{0} report is ready to view,0
December dinner tonight at home,0
Click to receive your {0},1
Friday dinner tonight at home,0
Re-activate your {0} account,1
Hotel {0} reservation confirmed,0
Limited time offer: payment confirmation,1
Your {0} password expires soon,0
Reminder your Friday is tomorrow,0
Your account requires free shipping,1
Status update on {0} project,0
Team {0} scheduled for tomorrow,0
Order {0} shipped,0
{0} pending confirmation,1
Meeting notes {0} attached,0
You have won gift card! Click the link now,1
Claim {0} within 24 hours,1
{0} has been awarded to you,1
Suspicious activity on your personal details,1
Urgent: Your fraud alert will be blocked,1
Reminder your Update is tomorrow,0
{0} training session scheduled,0
{0} ticket booked,0
Click here to {0},1
Act now to get gift card,1
Meeting scheduled at Team,0
Flight {0} departure reminder,0
{0} notification alert,1
Verify your membership status immediately,1
Training attached for last month services,0
Your account requires gift card,1
Confirm your {0} details,1
Invoice {0} processed successfully,0
Night dinner tonight at home,0
Your {0} password expires soon,0
Monday team meeting agenda,0
Your {0} request approved,1
Click here to {0},1
Click to receive your {0},1
Your verification required is about to expire,1
Monday newsletter from your favorite blog,0
{0} report is ready to view,0
Confirm your {0} details,1
Contract {0} approved,0
Unlock your {0} instantly,1
Order {0} shipped,0
{0} has been awarded to you,1
Performance {0} completed,0
Update team meeting agenda,0
Urgent: Your password will be blocked,1
March dinner tonight at home,0
Invoice {0} processed successfully,0
Team newsletter from your favorite blog,0
Unlock your {0} instantly,1
New opportunity for {0},1
Hotel {0} reservation confirmed,0
New {0} available in your account,0
New {0} available in your account,0
New opportunity for {0},1
Q2 dinner tonight at home,0
{0} notification alert,1
Limited time offer: bank account,1
Your {0} password expires soon,0
Project deadline extended to November,0
{0} has been awarded to you,1
Don't miss out on this personal details,1
Payroll {0} processed,0
Re-activate your {0} account,1
You qualified for {0},1
{0} report is ready to view,0
Update your tax refund now,1
Meeting scheduled at September,0
Family team meeting agenda,0
Invoice {0} processed successfully,0
Invoice {0} processed successfully,0
Team {0} scheduled for tomorrow,0
Team {0} scheduled for tomorrow,0
Verify your personal details immediately,1
Your {0} subscription renewed,0
Order {0} shipped,0
Special membership status just for you,1
Invoice {0} processed successfully,0
Limited time offer: hidden benefit,1
January appointment confirmed,0
{0} notification alert,1
Urgent: Your exclusive access will be blocked,1
Your account requires payment method,1
Your {0} request approved,1
Update your bank account now,1
Final notice: {0} expires today,1
April attached for last month services,0
Your {0} has been updated,0
Agenda team meeting agenda,0
Receipt attached for last month services,0
Act now to get prize money,1
Act now to get investment opportunity,1
Monday attached for last month services,0
Contract {0} approved,0
Suspicious activity on your gift card,1
Final notice: {0} expires today,1
Your {0} password expires soon,0
Budget {0} approved,0
Re-activate your {0} account,1
Your {0} subscription renewed,0
Your {0} password expires soon,0
Budget {0} approved,0
Meeting notes {0} attached,0
Meeting scheduled at Report,0
Hotel {0} reservation confirmed,0
Update your bonus payment now,1
Claim your free credit card today,1
Monday newsletter from your favorite blog,0
September newsletter from your favorite blog,0
Reminder your May is tomorrow,0
Team {0} scheduled for tomorrow,0
Document {0} requires your approval,0
New {0} available in your account,0
Your {0} has been updated,0
Confirmation appointment confirmed,0
Congratulations you are selected for {0},1
Limited time offer: bank account,1
Document {0} requires your approval,0
Afternoon newsletter from your favorite blog,0
Performance {0} completed,0
Action required on your {0},1
Calendar invitation for {0},0
Don't miss out on this payment method,1
{0} has been awarded to you,1
Calendar invitation for {0},0
July with colleagues at July,0
You have won exclusive access! Click the link now,1
Your account requires hidden benefit,1
Congratulations! Claim your special bonus today,1
Click here to {0},1
Reminder your May is tomorrow,0
Hotel {0} reservation confirmed,0
Flight {0} departure reminder,0
Meeting notes {0} attached,0
{0} report is ready to view,0
Act now to get cash back,1
New {0} available in your account,0
Special password just for you,1
Your {0} has been updated,0
Claim your free crypto reward today,1
Your account access is about to expire,1
Your {0} request approved,1
You have won security code! Click the link now,1
Weekly attached for last month services,0
Final notice: {0} expires today,1
Claim your free verification required today,1
Flight {0} departure reminder,0
Feedback appointment confirmed,0
Status update on {0} project,0
Your {0} password expires soon,0
Meeting notes {0} attached,0
Congratulations you are selected for {0},1
Team {0} scheduled for tomorrow,0
Weekly attached for last month services,0
Calendar invitation for {0},0
Get bank account with this simple trick,1
Payroll {0} processed,0
Verify your bonus payment immediately,1
Claim {0} within 24 hours,1
Confirm your {0} details,1
Budget {0} approved,0
Urgent: Your free vacation will be blocked,1
July team meeting agenda,0
Delivery {0} confirmed,0
Unlock your {0} instantly,1
{0} pending confirmation,1
Flight {0} departure reminder,0
Meeting notes {0} attached,0
February with colleagues at February,0
Your special bonus is about to expire,1
Re-activate your {0} account,1
Contract {0} approved,0
Re-activate your {0} account,1
You qualified for {0},1
Document {0} requires your approval,0
Claim {0} within 24 hours,1
Hotel {0} reservation confirmed,0
Contract {0} approved,0
Status update on {0} project,0
Payroll {0} processed,0
Contract {0} approved,0
Your account requires secret offer,1
Performance {0} completed,0
Confirm your {0} details,1
Click here to {0},1
Act now to get free vacation,1
Team {0} scheduled for tomorrow,0
Re-activate your {0} account,1
Agenda newsletter from your favorite blog,0
Status update on {0} project,0
Limited time offer: gift card,1
Meeting scheduled at April,0
{0} ticket booked,0
Limited time offer: unlimited credits,1
You have won free vacation! Click the link now,1
Get bonus payment with this simple trick,1
Family team meeting agenda,0
Confirm your {0} details,1
Update your bank account now,1
February newsletter from your favorite blog,0
{0} notification alert,1
Meeting notes {0} attached,0
Your cash back is about to expire,1
Final notice: {0} expires today,1
Order {0} shipped,0
Update your free shipping now,1
Click to receive your {0},1
Your {0} password expires soon,0
Performance {0} completed,0
You have won unlimited credits! Click the link now,1
{0} report is ready to view,0
Click to receive your {0},1
Invoice {0} processed successfully,0
{0} training session scheduled,0
Invoice {0} processed successfully,0
Calendar invitation for {0},0
Calendar invitation for {0},0
Flight {0} departure reminder,0
Document {0} requires your approval,0
Get tax refund with this simple trick,1
Reminder your November is tomorrow,0
Budget {0} approved,0
Calendar invitation for {0},0
{0} ticket booked,0
You qualified for {0},1
Reminder your December is tomorrow,0
Claim {0} within 24 hours,1
Update your exclusive deal now,1
Unlock your {0} instantly,1
Re-activate your {0} account,1
Your {0} has been updated,0
Your {0} subscription renewed,0
Congratulations! Claim your payment method today,1
Final notice: {0} expires today,1
Calendar invitation for {0},0
Hotel {0} reservation confirmed,0
Update your inheritance now,1
Act now to get tax refund,1
Confirm your {0} details,1
Verify your premium upgrade immediately,1
Verify your inheritance immediately,1
Special exclusive access just for you,1
Your {0} password expires soon,0
Meeting scheduled at Report,0
You have won personal details! Click the link now,1
June dinner tonight at home,0
Your {0} password expires soon,0
{0} notification alert,1
Urgent: Your unlimited credits will be blocked,1
Order {0} shipped,0
New opportunity for {0},1
Your {0} request approved,1
Confirm your {0} details,1
{0} notification alert,1
Payroll {0} processed,0
Training attached for last month services,0
Invoice {0} processed successfully,0
Performance {0} completed,0
Get payment confirmation with this simple trick,1
Special emergency update just for you,1
Your free vacation is about to expire,1
Your {0} subscription renewed,0
Your account requires free shipping,1
Your {0} password expires soon,0
Action required on your {0},1
Update your unusual activity now,1
Performance {0} completed,0
Performance {0} completed,0
Act now to get free vacation,1
{0} notification alert,1
Your {0} request approved,1
Calendar invitation for {0},0
Verify your tax refund immediately,1
Click here to {0},1
Q3 appointment confirmed,0
Budget {0} approved,0
Re-activate your {0} account,1
Final notice: {0} expires today,1
Don't miss out on this verification required,1
Performance {0} completed,0
Delivery {0} confirmed,0
Meeting appointment confirmed,0
Claim your free unusual activity today,1
Invoice {0} processed successfully,0
Your {0} subscription renewed,0
{0} notification alert,1
Meeting scheduled at Confirmation,0
{0} report is ready to view,0
Confirmation with colleagues at Confirmation,0
Document {0} requires your approval,0
Your {0} subscription renewed,0
Action required on your {0},1
Claim {0} within 24 hours,1
Verify your unlimited credits immediately,1
New {0} available in your account,0
Congratulations you are selected for {0},1
February newsletter from your favorite blog,0
You have won gift card! Click the link now,1
{0} report is ready to view,0
Flight {0} departure reminder,0
Hotel {0} reservation confirmed,0
Your account requires tax refund,1
Feedback appointment confirmed,0
Claim {0} within 24 hours,1
{0} report is ready to view,0
Flight {0} departure reminder,0
Action required on your {0},1
Don't miss out on this credit card,1
Report with colleagues at Report,0
Details team meeting agenda,0
Action required on your {0},1
Your {0} password expires soon,0
Hotel {0} reservation confirmed,0
Limited time offer: bank account,1
Meeting scheduled at 2pm,0
Final notice: {0} expires today,1
Team {0} scheduled for tomorrow,0
April with colleagues at April,0
Q2 attached for last month services,0
Status update on {0} project,0
Q2 newsletter from your favorite blog,0
Contract {0} approved,0
Get exclusive access with this simple trick,1
Invoice {0} processed successfully,0
Hotel {0} reservation confirmed,0
August with colleagues at August,0
December team meeting agenda,0
{0} has been awarded to you,1
Unlock your {0} instantly,1
Your {0} has been updated,0
{0} training session scheduled,0
Confirm your {0} details,1
Reminder your Team is tomorrow,0
Hotel {0} reservation confirmed,0
Your account requires password,1
Meeting scheduled at Monday,0
Hotel {0} reservation confirmed,0
Get account suspension with this simple trick,1
Your account requires lottery prize,1
You qualified for {0},1
Special bank account just for you,1
Act now to get exclusive access,1
Urgent: Your bank account will be blocked,1
Your {0} needs attention,1
{0} report is ready to view,0
Your free shipping is about to expire,1
Final notice: {0} expires today,1
{0} pending confirmation,1
Act now to get bank account,1
Project deadline extended to October,0
New opportunity for {0},1
You qualified for {0},1
Limited time offer: crypto reward,1
Document {0} requires your approval,0
Meeting scheduled at Q2,0
Meeting notes {0} attached,0
Invoice {0} processed successfully,0
Your {0} needs attention,1
Your account requires personal details,1
{0} report is ready to view,0
Night newsletter from your favorite blog,0
Action required on your {0},1
Project deadline extended to February,0
{0} notification alert,1
Calendar invitation for {0},0
Payroll {0} processed,0
Meeting scheduled at March,0
Unlock your {0} instantly,1
Budget {0} approved,0
{0} ticket booked,0
Act now to get fraud alert,1
Confirm your {0} details,1
Report dinner tonight at home,0
{0} has been awarded to you,1
{0} ticket booked,0
Order {0} shipped,0
Congratulations you are selected for {0},1
Order {0} shipped,0
New {0} available in your account,0
Your {0} needs attention,1
Verify your special bonus immediately,1
{0} training session scheduled,0
Congratulations you are selected for {0},1
You qualified for {0},1
Document {0} requires your approval,0
Update with colleagues at Update,0
Act now to get personal details,1
Claim {0} within 24 hours,1
Click here to {0},1
Team {0} scheduled for tomorrow,0
Performance {0} completed,0
Your {0} has been updated,0
Suspicious activity on your inheritance,1
Reminder your March is tomorrow,0
March team meeting agenda,0
April attached for last month services,0
Re-activate your {0} account,1
Action required on your {0},1
Budget {0} approved,0
Your {0} needs attention,1
Reminder your September is tomorrow,0
Click here to {0},1
Unlock your {0} instantly,1
Project deadline extended to Details,0
March appointment confirmed,0
Meeting notes {0} attached,0
Click here to {0},1
Action required on your {0},1
New opportunity for {0},1
{0} report is ready to view,0
Flight {0} departure reminder,0
Your {0} needs attention,1
Special special bonus just for you,1
Re-activate your {0} account,1
Congratulations! Claim your bonus payment today,1
{0} notification alert,1
Meeting scheduled at Agenda,0
Click to receive your {0},1
Congratulations you are selected for {0},1
You have won bank account! Click the link now,1
Calendar invitation for {0},0
Your {0} needs attention,1
Your bonus payment is about to expire,1
Calendar invitation for {0},0
Team {0} scheduled for tomorrow,0
2026 appointment confirmed,0
Claim {0} within 24 hours,1
Don't miss out on this fraud alert,1
{0} ticket booked,0
Action required on your {0},1
Get bonus payment with this simple trick,1
Performance {0} completed,0
Special bonus payment just for you,1
Special account suspension just for you,1
{0} has been awarded to you,1
You have won account suspension! Click the link now,1
Document {0} requires your approval,0
Q2 dinner tonight at home,0
Congratulations! Claim your lottery prize today,1
Urgent: Your hidden benefit will be blocked,1
Your {0} password expires soon,0
Q1 dinner tonight at home,0
Flight {0} departure reminder,0
Your {0} has been updated,0
Performance {0} completed,0
{0} ticket booked,0
Performance {0} completed,0
Flight {0} departure reminder,0
You have won emergency update! Click the link now,1
Your {0} password expires soon,0
April with colleagues at April,0
Claim {0} within 24 hours,1
Meeting notes {0} attached,0
Reminder your June is tomorrow,0
{0} training session scheduled,0
Your account suspension is about to expire,1
Special lottery prize just for you,1
September appointment confirmed,0
{0} ticket booked,0
Agenda appointment confirmed,0
You qualified for {0},1
Document {0} requires your approval,0
New opportunity for {0},1
Hotel {0} reservation confirmed,0
Act now to get credit card,1
New {0} available in your account,0
Your account requires hidden benefit,1
June with colleagues at June,0
Urgent: Your free shipping will be blocked,1
{0} notification alert,1
Report appointment confirmed,0
Project deadline extended to Evening,0
Final notice: {0} expires today,1
Order {0} shipped,0
You have won inheritance! Click the link now,1
Document {0} requires your approval,0
Meeting scheduled at Q2,0
Claim {0} within 24 hours,1
Order {0} shipped,0
You qualified for {0},1
Meeting scheduled at Budget,0
Delivery {0} confirmed,0
Performance {0} completed,0
Urgent: Your verification required will be blocked,1
Limited time offer: investment opportunity,1
Urgent: Your free shipping will be blocked,1
Action required on your {0},1
{0} pending confirmation,1
Get account suspension with this simple trick,1
Meeting newsletter from your favorite blog,0
Click here to {0},1
Your prize money is about to expire,1
Your {0} has been updated,0
February with colleagues at February,0
Document {0} requires your approval,0
Action required on your {0},1
Action required on your {0},1
Delivery {0} confirmed,0
December dinner tonight at home,0
Meeting notes {0} attached,0
Meeting notes {0} attached,0
Delivery {0} confirmed,0
Order {0} shipped,0
Project deadline extended to April,0
Your free shipping is about to expire,1
Order {0} shipped,0
Update your payment method now,1
Claim your free investment opportunity today,1
Your {0} password expires soon,0
Hotel {0} reservation confirmed,0
Special account access just for you,1
Your {0} subscription renewed,0
Evening with colleagues at Evening,0
Q1 team meeting agenda,0
You have won payment confirmation! Click the link now,1
Status update on {0} project,0
Payroll {0} processed,0
You qualified for {0},1
Final notice: {0} expires today,1
Claim {0} within 24 hours,1
Team {0} scheduled for tomorrow,0
Contract {0} approved,0
{0} ticket booked,0
Flight {0} departure reminder,0
Flight {0} departure reminder,0
Click here to {0},1
Click to receive your {0},1
Re-activate your {0} account,1
Contract {0} approved,0
Limited time offer: exclusive access,1
Click to receive your {0},1
Suspicious activity on your emergency update,1
Your {0} has been updated,0
{0} pending confirmation,1
Urgent: Your hidden benefit will be blocked,1
Project deadline extended to May,0
Your {0} needs attention,1
{0} pending confirmation,1
{0} report is ready to view,0
Meeting scheduled at 10am,0
Action required on your {0},1
Team {0} scheduled for tomorrow,0
{0} pending confirmation,1
You have won password! Click the link now,1
Your {0} subscription renewed,0
Contract {0} approved,0
Your credit card is about to expire,1
Get credit card with this simple trick,1
Your account requires password,1
Claim your free credit card today,1
Click here to {0},1
July team meeting agenda,0
Training dinner tonight at home,0
Calendar invitation for {0},0
{0} pending confirmation,1
New {0} available in your account,0
{0} ticket booked,0
{0} has been awarded to you,1
Re-activate your {0} account,1
Contract {0} approved,0
Your {0} has been updated,0
Congratulations! Claim your prize money today,1
Suspicious activity on your exclusive deal,1
New {0} available in your account,0
Contract {0} approved,0
2026 team meeting agenda,0
Claim your free payment method today,1
Click here to {0},1
Congratulations! Claim your password today,1
{0} has been awarded to you,1
December attached for last month services,0
Special inheritance just for you,1
Confirm your {0} details,1
Meeting notes {0} attached,0
Claim {0} within 24 hours,1
You have won investment opportunity! Click the link now,1
Flight {0} departure reminder,0
Receipt team meeting agenda,0
{0} training session scheduled,0
{0} ticket booked,0
Unlock your {0} instantly,1
You have won prize money! Click the link now,1
{0} ticket booked,0
Get account suspension with this simple trick,1
Performance {0} completed,0
November attached for last month services,0
Act now to get payment confirmation,1
Hotel {0} reservation confirmed,0
Click to receive your {0},1
Don't miss out on this special bonus,1
June attached for last month services,0
Congratulations you are selected for {0},1
Congratulations! Claim your investment opportunity today,1
Final notice: {0} expires today,1
Budget {0} approved,0
New {0} available in your account,0
Update your bonus payment now,1
Claim your free crypto reward today,1
Verify your crypto reward immediately,1
You qualified for {0},1
New opportunity for {0},1
New opportunity for {0},1
You qualified for {0},1
Get payment method with this simple trick,1
{0} notification alert,1
Claim {0} within 24 hours,1
Document {0} requires your approval,0
Reminder your Q4 is tomorrow,0
Limited time offer: personal details,1
Team team meeting agenda,0
{0} report is ready to view,0
Invoice {0} processed successfully,0
You have won secret offer! Click the link now,1
Click to receive your {0},1
Your {0} needs attention,1
Q2 dinner tonight at home,0
Flight {0} departure reminder,0
New {0} available in your account,0
Click to receive your {0},1
Congratulations! Claim your bank account today,1
Update your tax refund now,1
Q2 attached for last month services,0
Payroll {0} processed,0
{0} report is ready to view,0
Evening appointment confirmed,0
Your {0} needs attention,1
Contract {0} approved,0
Status update on {0} project,0
Your {0} request approved,1
{0} pending confirmation,1
{0} training session scheduled,0
Limited time offer: payment method,1
Congratulations you are selected for {0},1
Update your unusual activity now,1
Delivery {0} confirmed,0
You have won tax refund! Click the link now,1
Delivery {0} confirmed,0
Team {0} scheduled for tomorrow,0
November team meeting agenda,0
Get secret offer with this simple trick,1
{0} has been awarded to you,1
Your gift card is about to expire,1
Meeting notes {0} attached,0
Click here to {0},1
Action required on your {0},1
Meeting scheduled at Details,0
Verify your exclusive access immediately,1
Claim your free gift card today,1
Special free vacation just for you,1
{0} notification alert,1
Get password with this simple trick,1
Your {0} subscription renewed,0
Your {0} has been updated,0
Meeting scheduled at July,0
Congratulations you are selected for {0},1
Don't miss out on this credit card,1
Re-activate your {0} account,1
Your fraud alert is about to expire,1
Update your security code now,1
{0} notification alert,1
Claim your free tax refund today,1
New {0} available in your account,0
{0} training session scheduled,0
10am appointment confirmed,0
Calendar invitation for {0},0
Act now to get exclusive access,1
Urgent: Your exclusive access will be blocked,1
Hotel {0} reservation confirmed,0
You have won inheritance! Click the link now,1
Training appointment confirmed,0
Get free shipping with this simple trick,1
Flight {0} departure reminder,0
Verify your account suspension immediately,1
Suspicious activity on your credit card,1
Conference newsletter from your favorite blog,0
Claim your free account access today,1
Special cash back just for you,1
Congratulations you are selected for {0},1
Claim your free exclusive deal today,1
Claim your free exclusive deal today,1
Don't miss out on this verification required,1
Calendar invitation for {0},0
Congratulations! Claim your payment method today,1
Claim {0} within 24 hours,1
Your {0} request approved,1
Friday team meeting agenda,0
Team {0} scheduled for tomorrow,0
Team appointment confirmed,0
Suspicious activity on your hidden benefit,1
Act now to get password,1
Delivery {0} confirmed,0
Congratulations you are selected for {0},1
Status update on {0} project,0
Claim {0} within 24 hours,1
{0} has been awarded to you,1
Delivery {0} confirmed,0
Get password with this simple trick,1
Special free vacation just for you,1
Budget {0} approved,0
Re-activate your {0} account,1
Status update on {0} project,0
Action required on your {0},1
{0} report is ready to view,0
Budget attached for last month services,0
Meeting notes {0} attached,0
Update team meeting agenda,0
Special emergency update just for you,1
New opportunity for {0},1
Congratulations you are selected for {0},1
Order {0} shipped,0
Your {0} subscription renewed,0
Your {0} needs attention,1
Final notice: {0} expires today,1
Your {0} has been updated,0
Re-activate your {0} account,1
Your account requires membership status,1
2pm appointment confirmed,0
{0} notification alert,1
Q2 team meeting agenda,0
New {0} available in your account,0
Calendar invitation for {0},0
Congratulations you are selected for {0},1
Urgent: Your bonus payment will be blocked,1
Congratulations you are selected for {0},1
Unlock your {0} instantly,1
Order {0} shipped,0
Your {0} subscription renewed,0
Status update on {0} project,0
Budget {0} approved,0
Order {0} shipped,0
You have won emergency update! Click the link now,1
{0} pending confirmation,1
Action required on your {0},1
Your hidden benefit is about to expire,1
{0} training session scheduled,0
Hotel {0} reservation confirmed,0
New {0} available in your account,0
Calendar invitation for {0},0
{0} ticket booked,0
Reminder your July is tomorrow,0
Confirm your {0} details,1
Performance {0} completed,0
{0} notification alert,1
New {0} available in your account,0
Your {0} has been updated,0
Suspicious activity on your unlimited credits,1
Meeting scheduled at Q2,0
Project deadline extended to Meeting,0
Verify your password immediately,1
Congratulations you are selected for {0},1
Calendar invitation for {0},0
Invoice {0} processed successfully,0
Update your payment method now,1
Get unusual activity with this simple trick,1
Order {0} shipped,0
Special unlimited credits just for you,1
Confirm your {0} details,1
Your {0} subscription renewed,0
Action required on your {0},1
Your {0} needs attention,1
Friday dinner tonight at home,0
Contract {0} approved,0
Special cash back just for you,1
New opportunity for {0},1
August attached for last month services,0
Suspicious activity on your personal details,1
Click to receive your {0},1
You have won fraud alert! Click the link now,1
Reminder your Afternoon is tomorrow,0
Get gift card with this simple trick,1
You qualified for {0},1
Click to receive your {0},1
Act now to get investment opportunity,1
Flight {0} departure reminder,0
You qualified for {0},1
{0} notification alert,1
Budget dinner tonight at home,0
Don't miss out on this inheritance,1
Payroll {0} processed,0
Invoice appointment confirmed,0
Your {0} password expires soon,0
Click to receive your {0},1
Suspicious activity on your free vacation,1
Get emergency update with this simple trick,1
Urgent: Your special bonus will be blocked,1
You have won account suspension! Click the link now,1
{0} pending confirmation,1
{0} training session scheduled,0
Receipt attached for last month services,0
You qualified for {0},1
New opportunity for {0},1
Project deadline extended to Family,0
Document {0} requires your approval,0
April attached for last month services,0
Unlock your {0} instantly,1
Final notice: {0} expires today,1
Meeting notes {0} attached,0
Agenda newsletter from your favorite blog,0
Action required on your {0},1
Special security code just for you,1
Click here to {0},1
Final notice: {0} expires today,1
Your {0} password expires soon,0
New {0} available in your account,0
Claim {0} within 24 hours,1
Delivery {0} confirmed,0
Your account requires lottery prize,1
Team {0} scheduled for tomorrow,0
Action required on your {0},1
New {0} available in your account,0
{0} pending confirmation,1
January newsletter from your favorite blog,0
Act now to get crypto reward,1
Act now to get unusual activity,1
Delivery {0} confirmed,0
Your account requires security code,1
Flight {0} departure reminder,0
Hotel {0} reservation confirmed,0
Verify your free shipping immediately,1
{0} report is ready to view,0
{0} report is ready to view,0
Congratulations you are selected for {0},1
Team {0} scheduled for tomorrow,0
Project deadline extended to January,0
Click here to {0},1
You have won free shipping! Click the link now,1
You have won gift card! Click the link now,1
Calendar invitation for {0},0
You qualified for {0},1
Act now to get free vacation,1
Project deadline extended to Weekly,0
You have won payment confirmation! Click the link now,1
Monthly newsletter from your favorite blog,0
Congratulations! Claim your tax refund today,1
Meeting scheduled at Monthly,0
Document {0} requires your approval,0
Your {0} request approved,1
Delivery {0} confirmed,0
Don't miss out on this free vacation,1
{0} report is ready to view,0
Hotel {0} reservation confirmed,0
{0} has been awarded to you,1
Action required on your {0},1
Congratulations you are selected for {0},1
Morning attached for last month services,0
Click to receive your {0},1
Order {0} shipped,0
Document {0} requires your approval,0
Your {0} subscription renewed,0
Flight {0} departure reminder,0
Afternoon newsletter from your favorite blog,0
Confirm your {0} details,1
Document {0} requires your approval,0
Claim {0} within 24 hours,1
Reminder your Update is tomorrow,0
2pm newsletter from your favorite blog,0
New opportunity for {0},1
You qualified for {0},1
Performance {0} completed,0
Team appointment confirmed,0
Action required on your {0},1
Limited time offer: exclusive access,1
Afternoon dinner tonight at home,0
June team meeting agenda,0
Status update on {0} project,0
New opportunity for {0},1
Special exclusive access just for you,1
{0} report is ready to view,0
2026 attached for last month services,0
Your {0} request approved,1
Your account requires exclusive access,1
Hotel {0} reservation confirmed,0
Meeting notes {0} attached,0
Performance {0} completed,0
Status update on {0} project,0
Your account requires unusual activity,1
Performance {0} completed,0
Your account requires fraud alert,1
Verify your exclusive deal immediately,1
Order {0} shipped,0
Act now to get exclusive deal,1
Monthly with colleagues at Monthly,0
Your account requires crypto reward,1
New {0} available in your account,0
{0} notification alert,1
Confirm your {0} details,1
Verify your membership status immediately,1
Unlock your {0} instantly,1
August appointment confirmed,0
Contract {0} approved,0
Performance {0} completed,0
Unlock your {0} instantly,1
Payroll {0} processed,0
Urgent: Your exclusive access will be blocked,1
Claim your free free shipping today,1
Final notice: {0} expires today,1
{0} pending confirmation,1
Conference newsletter from your favorite blog,0
Calendar invitation for {0},0
Congratulations! Claim your exclusive deal today,1
{0} has been awarded to you,1
Project deadline extended to Budget,0
{0} training session scheduled,0
You qualified for {0},1
Your {0} has been updated,0
Your {0} needs attention,1
Order {0} shipped,0
Q3 team meeting agenda,0
Suspicious activity on your unlimited credits,1
Get password with this simple trick,1
Performance {0} completed,0
Your {0} needs attention,1
Review with colleagues at Review,0
Payroll {0} processed,0
{0} pending confirmation,1
Project deadline extended to November,0
Order {0} shipped,0
Confirmation appointment confirmed,0
Your {0} subscription renewed,0
Special bonus payment just for you,1
Your {0} subscription renewed,0
Document {0} requires your approval,0
Click to receive your {0},1
Hotel {0} reservation confirmed,0
November with colleagues at November,0
Get personal details with this simple trick,1
You have won exclusive access! Click the link now,1
Contract {0} approved,0
Delivery {0} confirmed,0
Your {0} needs attention,1
Your {0} request approved,1
Your {0} needs attention,1
Morning team meeting agenda,0
Verify your inheritance immediately,1
Don't miss out on this bonus payment,1
Order {0} shipped,0
Confirmation dinner tonight at home,0
{0} training session scheduled,0
July attached for last month services,0
Claim {0} within 24 hours,1
Re-activate your {0} account,1
Document {0} requires your approval,0
Receipt attached for last month services,0
Don't miss out on this personal details,1
Team {0} scheduled for tomorrow,0
Your {0} subscription renewed,0
Get credit card with this simple trick,1
Hotel {0} reservation confirmed,0
March with colleagues at March,0
Contract {0} approved,0
Status update on {0} project,0
Get payment confirmation with this simple trick,1
Invoice {0} processed successfully,0
Hotel {0} reservation confirmed,0
Meeting notes {0} attached,0
Final notice: {0} expires today,1
Act now to get hidden benefit,1
Reminder your Q4 is tomorrow,0
Action required on your {0},1
Verify your bonus payment immediately,1
Budget {0} approved,0
New opportunity for {0},1
Status update on {0} project,0
Act now to get premium upgrade,1
Get verification required with this simple trick,1
Receipt team meeting agenda,0
Verify your special bonus immediately,1
You qualified for {0},1
Special membership status just for you,1
Click here to {0},1
Claim {0} within 24 hours,1
Meeting notes {0} attached,0
Status update on {0} project,0
Feedback with colleagues at Feedback,0
{0} notification alert,1
{0} training session scheduled,0
Your {0} password expires soon,0
Click here to {0},1
Don't miss out on this exclusive access,1
Evening with colleagues at Evening,0
Click here to {0},1
Action required on your {0},1
Team {0} scheduled for tomorrow,0
Your {0} subscription renewed,0
Don't miss out on this account suspension,1
Q1 dinner tonight at home,0
{0} training session scheduled,0
Delivery {0} confirmed,0
{0} ticket booked,0
Order {0} shipped,0
Reminder your October is tomorrow,0
Click here to {0},1
{0} pending confirmation,1
Your {0} password expires soon,0
Your emergency update is about to expire,1
Meeting notes {0} attached,0
Calendar invitation for {0},0
Contract {0} approved,0
Don't miss out on this unusual activity,1
Your {0} has been updated,0
Budget {0} approved,0
Contract {0} approved,0
{0} has been awarded to you,1
Act now to get credit card,1
Confirm your {0} details,1
Performance {0} completed,0
Your {0} has been updated,0
Congratulations you are selected for {0},1
Unlock your {0} instantly,1
Project deadline extended to June,0
Payroll {0} processed,0
Document {0} requires your approval,0
Contract {0} approved,0
Action required on your {0},1
Don't miss out on this free vacation,1
Congratulations! Claim your emergency update today,1
Claim {0} within 24 hours,1
Your {0} subscription renewed,0
{0} ticket booked,0
Claim your free free shipping today,1
Your {0} request approved,1
Document {0} requires your approval,0
Action required on your {0},1
Hotel {0} reservation confirmed,0
Your {0} needs attention,1
Reminder your Schedule is tomorrow,0
Congratulations! Claim your password today,1
Payroll {0} processed,0
Get unusual activity with this simple trick,1
Report attached for last month services,0
Contract {0} approved,0
Unlock your {0} instantly,1
Confirm your {0} details,1
Reminder your Team is tomorrow,0
Reminder your Family is tomorrow,0
Your {0} needs attention,1
Re-activate your {0} account,1
Meeting with colleagues at Meeting,0
Team {0} scheduled for tomorrow,0
Team team meeting agenda,0
Delivery {0} confirmed,0
Document {0} requires your approval,0
Performance {0} completed,0
Hotel {0} reservation confirmed,0
{0} training session scheduled,0
New opportunity for {0},1
Delivery {0} confirmed,0
Friday team meeting agenda,0
Your {0} needs attention,1
Performance {0} completed,0
Meeting notes {0} attached,0
Verify your secret offer immediately,1
Your {0} needs attention,1
Claim {0} within 24 hours,1
Document {0} requires your approval,0
Project deadline extended to June,0
Status update on {0} project,0
New opportunity for {0},1
Suspicious activity on your payment method,1
{0} ticket booked,0
{0} ticket booked,0
Don't miss out on this inheritance,1
Delivery {0} confirmed,0
Your {0} subscription renewed,0
Final notice: {0} expires today,1
Q1 appointment confirmed,0
Order {0} shipped,0
Don't miss out on this personal details,1
2026 newsletter from your favorite blog,0
Flight {0} departure reminder,0
Unlock your {0} instantly,1
Reminder your Team is tomorrow,0
Your {0} request approved,1
Don't miss out on this payment method,1
Special fraud alert just for you,1
Action required on your {0},1
Contract {0} approved,0
July attached for last month services,0
{0} pending confirmation,1
Verify your investment opportunity immediately,1
July attached for last month services,0
Your {0} request approved,1
Your {0} needs attention,1
Claim {0} within 24 hours,1
Meeting scheduled at Q2,0
Payroll {0} processed,0
New opportunity for {0},1
Congratulations you are selected for {0},1
December appointment confirmed,0
Contract {0} approved,0
Payroll {0} processed,0
Re-activate your {0} account,1
Your {0} needs attention,1
{0} report is ready to view,0
Final notice: {0} expires today,1
{0} pending confirmation,1
Training with colleagues at Training,0
10am newsletter from your favorite blog,0
Family with colleagues at Family,0
Claim your free exclusive deal today,1
Project deadline extended to 2026,0
Urgent: Your payment method will be blocked,1
Click here to {0},1
Confirmation attached for last month services,0
Calendar invitation for {0},0
Your {0} has been updated,0
Meeting notes {0} attached,0
Meeting scheduled at Budget,0
{0} training session scheduled,0
Get free vacation with this simple trick,1
{0} ticket booked,0
February newsletter from your favorite blog,0
Performance {0} completed,0
Urgent: Your verification required will be blocked,1
Your {0} subscription renewed,0
Verify your prize money immediately,1
New opportunity for {0},1
Report with colleagues at Report,0
Special membership status just for you,1
Your {0} password expires soon,0
Order {0} shipped,0
Congratulations you are selected for {0},1
Contract {0} approved,0
{0} report is ready to view,0
Final notice: {0} expires today,1
Order {0} shipped,0
Re-activate your {0} account,1
Urgent: Your exclusive deal will be blocked,1
New opportunity for {0},1
Click to receive your {0},1
Act now to get lottery prize,1
Congratulations! Claim your free shipping today,1
Project deadline extended to Review,0
Click to receive your {0},1
Invoice {0} processed successfully,0
Contract {0} approved,0
Your {0} subscription renewed,0
Get secret offer with this simple trick,1
{0} notification alert,1
Urgent: Your inheritance will be blocked,1
Suspicious activity on your membership status,1
Order {0} shipped,0
Re-activate your {0} account,1
Status update on {0} project,0
Flight {0} departure reminder,0
Your {0} password expires soon,0
Details with colleagues at Details,0
Congratulations! Claim your verification required today,1
Urgent: Your hidden benefit will be blocked,1
{0} report is ready to view,0
Delivery {0} confirmed,0
Claim your free exclusive access today,1
{0} ticket booked,0
Don't miss out on this payment method,1
Your account requires account suspension,1
{0} notification alert,1
Calendar invitation for {0},0
Flight {0} departure reminder,0
Act now to get security code,1
Limited time offer: inheritance,1
Your {0} request approved,1
Order {0} shipped,0
June attached for last month services,0
{0} training session scheduled,0
Your {0} subscription renewed,0
Team {0} scheduled for tomorrow,0
You have won prize money! Click the link now,1
Unlock your {0} instantly,1
Budget {0} approved,0
Your {0} needs attention,1
Project deadline extended to Afternoon,0
{0} ticket booked,0
Agenda team meeting agenda,0
Limited time offer: account access,1
Don't miss out on this exclusive deal,1
{0} ticket booked,0
Your {0} has been updated,0
Re-activate your {0} account,1
Hotel {0} reservation confirmed,0
Claim {0} within 24 hours,1
Update your cash back now,1
Claim {0} within 24 hours,1
Your account requires payment confirmation,1
Confirm your {0} details,1
Flight {0} departure reminder,0
Suspicious activity on your special bonus,1
Limited time offer: prize money,1
Reminder your October is tomorrow,0
Flight {0} departure reminder,0
Your lottery prize is about to expire,1
{0} notification alert,1
Don't miss out on this fraud alert,1
Reminder your Team is tomorrow,0
Review attached for last month services,0
{0} notification alert,1
Update your payment method now,1
Action required on your {0},1
Final notice: {0} expires today,1
Calendar invitation for {0},0
{0} has been awarded to you,1
Get security code with this simple trick,1
Don't miss out on this special bonus,1
Contract {0} approved,0
You have won personal details! Click the link now,1
Your account requires membership status,1
Action required on your {0},1
Night with colleagues at Night,0
Flight {0} departure reminder,0
Special exclusive access just for you,1
Project deadline extended to June,0
Urgent: Your bonus payment will be blocked,1
Don't miss out on this bank account,1
Order {0} shipped,0
Hotel {0} reservation confirmed,0
Get bonus payment with this simple trick,1
Budget {0} approved,0
Training team meeting agenda,0
Urgent: Your special bonus will be blocked,1
Your prize money is about to expire,1
Your {0} request approved,1
New {0} available in your account,0
Unlock your {0} instantly,1
{0} pending confirmation,1
Claim your free lottery prize today,1
Your account requires hidden benefit,1
Delivery {0} confirmed,0
Your {0} subscription renewed,0
Claim {0} within 24 hours,1
Performance {0} completed,0
Your account requires lottery prize,1
Your account requires bank account,1
Your {0} has been updated,0
New opportunity for {0},1
New opportunity for {0},1
Status update on {0} project,0
Confirm your {0} details,1
Congratulations! Claim your special bonus today,1
Invoice newsletter from your favorite blog,0
Invoice dinner tonight at home,0
Act now to get free vacation,1
Calendar invitation for {0},0
You have won fraud alert! Click the link now,1
Update your membership status now,1
Your {0} needs attention,1
Your {0} has been updated,0
Team {0} scheduled for tomorrow,0
Act now to get crypto reward,1
Urgent: Your premium upgrade will be blocked,1
Suspicious activity on your exclusive deal,1
Contract {0} approved,0
Congratulations you are selected for {0},1
Your {0} needs attention,1
Update your crypto reward now,1
New {0} available in your account,0
New {0} available in your account,0
Limited time offer: investment opportunity,1
Contract {0} approved,0
Meeting notes {0} attached,0
Q3 dinner tonight at home,0
Update your credit card now,1
{0} training session scheduled,0
New opportunity for {0},1
{0} ticket booked,0
Your {0} subscription renewed,0
Calendar invitation for {0},0
Your account requires security code,1
{0} report is ready to view,0
January team meeting agenda,0
Urgent: Your account access will be blocked,1
Reminder your August is tomorrow,0
{0} training session scheduled,0
Reminder your Weekly is tomorrow,0
Claim {0} within 24 hours,1
Your {0} needs attention,1
Limited time offer: personal details,1
{0} training session scheduled,0
Budget {0} approved,0
{0} ticket booked,0
Your {0} password expires soon,0
Team {0} scheduled for tomorrow,0
Status update on {0} project,0
Your bank account is about to expire,1
Conference with colleagues at Conference,0
Schedule dinner tonight at home,0
Status update on {0} project,0
Update your cash back now,1
{0} report is ready to view,0
New opportunity for {0},1
Invoice {0} processed successfully,0
{0} pending confirmation,1
Invoice team meeting agenda,0
New opportunity for {0},1
Click to receive your {0},1
{0} report is ready to view,0
Urgent: Your free shipping will be blocked,1
Unlock your {0} instantly,1
Click here to {0},1
{0} ticket booked,0
Meeting notes {0} attached,0
Evening team meeting agenda,0
{0} report is ready to view,0
Meeting newsletter from your favorite blog,0
Your {0} needs attention,1
You have won unlimited credits! Click the link now,1
Claim your free payment method today,1
Project deadline extended to Conference,0
Limited time offer: unusual activity,1
Final notice: {0} expires today,1
You qualified for {0},1
Unlock your {0} instantly,1
Order {0} shipped,0
Status update on {0} project,0
Team {0} scheduled for tomorrow,0
Claim {0} within 24 hours,1
Flight {0} departure reminder,0
Order {0} shipped,0
Your {0} subscription renewed,0
Congratulations you are selected for {0},1
Order {0} shipped,0
Reminder your Night is tomorrow,0
Meeting scheduled at Friday,0
Urgent: Your payment confirmation will be blocked,1
Claim your free lottery prize today,1
Document {0} requires your approval,0
{0} has been awarded to you,1
2026 newsletter from your favorite blog,0
Click to receive your {0},1
Limited time offer: investment opportunity,1
Claim your free verification required today,1
Your account access is about to expire,1
Delivery {0} confirmed,0
Invoice {0} processed successfully,0
Order {0} shipped,0
Your {0} has been updated,0
You qualified for {0},1
February appointment confirmed,0
{0} report is ready to view,0
Meeting scheduled at Update,0
Claim your free hidden benefit today,1
Click to receive your {0},1
Limited time offer: account access,1
Act now to get investment opportunity,1
July with colleagues at July,0
Get exclusive deal with this simple trick,1
Unlock your {0} instantly,1
Team {0} scheduled for tomorrow,0
Action required on your {0},1
Don't miss out on this premium upgrade,1
You qualified for {0},1
{0} has been awarded to you,1
Meeting notes {0} attached,0
{0} notification alert,1
New opportunity for {0},1
Action required on your {0},1
Project deadline extended to Friday,0
Budget {0} approved,0
Limited time offer: unusual activity,1
Claim your free password today,1
Your {0} password expires soon,0
Your {0} password expires soon,0
Your {0} needs attention,1
Reminder your Report is tomorrow,0
Your {0} subscription renewed,0
Update your payment confirmation now,1
Final notice: {0} expires today,1
Your {0} has been updated,0
Special security code just for you,1
{0} training session scheduled,0
Suspicious activity on your special bonus,1
Congratulations you are selected for {0},1
Document {0} requires your approval,0
Action required on your {0},1
Meeting notes {0} attached,0
Status update on {0} project,0
Schedule newsletter from your favorite blog,0
Special credit card just for you,1
Feedback with colleagues at Feedback,0
Limited time offer: premium upgrade,1
Limited time offer: hidden benefit,1
{0} report is ready to view,0
Status update on {0} project,0
Family with colleagues at Family,0
Claim {0} within 24 hours,1
Morning attached for last month services,0
Congratulations you are selected for {0},1
Confirm your {0} details,1
Update your crypto reward now,1
Delivery {0} confirmed,0
Get exclusive deal with this simple trick,1
Confirm your {0} details,1
Report attached for last month services,0
Your free shipping is about to expire,1
Reminder your Update is tomorrow,0
Status update on {0} project,0
Invoice dinner tonight at home,0
Contract {0} approved,0
You qualified for {0},1
{0} report is ready to view,0
{0} pending confirmation,1
New opportunity for {0},1
{0} has been awarded to you,1
Calendar invitation for {0},0
{0} ticket booked,0
Action required on your {0},1
Congratulations! Claim your account access today,1
Congratulations you are selected for {0},1
Click to receive your {0},1
Your free shipping is about to expire,1
Claim your free investment opportunity today,1
{0} report is ready to view,0
Your verification required is about to expire,1
{0} ticket booked,0
{0} pending confirmation,1
Your {0} subscription renewed,0
Congratulations! Claim your inheritance today,1
Meeting notes {0} attached,0
Payroll {0} processed,0
Your {0} password expires soon,0
August attached for last month services,0
Meeting notes {0} attached,0
Congratulations you are selected for {0},1
{0} training session scheduled,0
Calendar invitation for {0},0
Act now to get secret offer,1
You have won secret offer! Click the link now,1
Action required on your {0},1
Special hidden benefit just for you,1
Click to receive your {0},1
Flight {0} departure reminder,0
Act now to get bonus payment,1
Claim {0} within 24 hours,1
Schedule dinner tonight at home,0
{0} ticket booked,0
Your {0} needs attention,1
October with colleagues at October,0
Receipt dinner tonight at home,0
Update your investment opportunity now,1
April newsletter from your favorite blog,0
Your {0} has been updated,0
{0} report is ready to view,0
Reminder your Q4 is tomorrow,0
January appointment confirmed,0
Your {0} password expires soon,0
Don't miss out on this unusual activity,1
Don't miss out on this lottery prize,1
Claim your free bank account today,1
February team meeting agenda,0
Special payment confirmation just for you,1
New opportunity for {0},1
Urgent: Your prize money will be blocked,1
Your {0} has been updated,0
Your {0} subscription renewed,0
New opportunity for {0},1
Final notice: {0} expires today,1
Calendar invitation for {0},0
Special premium upgrade just for you,1
Confirm your {0} details,1
Meeting scheduled at January,0
Act now to get unusual activity,1
Act now to get bank account,1
Contract {0} approved,0
Unlock your {0} instantly,1
Calendar invitation for {0},0
Project deadline extended to Evening,0
Calendar invitation for {0},0
Unlock your {0} instantly,1
Meeting scheduled at Conference,0
Verify your prize money immediately,1
Action required on your {0},1
Status update on {0} project,0
Status update on {0} project,0
Hotel {0} reservation confirmed,0
Get tax refund with this simple trick,1
{0} training session scheduled,0
Claim {0} within 24 hours,1
New {0} available in your account,0
Confirm your {0} details,1
Confirm your {0} details,1
Act now to get fraud alert,1
Congratulations you are selected for {0},1
New {0} available in your account,0
Urgent: Your premium upgrade will be blocked,1
Limited time offer: gift card,1
Limited time offer: gift card,1
Your {0} subscription renewed,0
Special prize money just for you,1
Order {0} shipped,0
{0} training session scheduled,0
{0} notification alert,1
Click to receive your {0},1
Confirm your {0} details,1
Claim {0} within 24 hours,1
New {0} available in your account,0
Your {0} needs attention,1
Payroll {0} processed,0
Don't miss out on this cash back,1
{0} pending confirmation,1
{0} ticket booked,0
February team meeting agenda,0
Action required on your {0},1
Update your special bonus now,1
Get premium upgrade with this simple trick,1
May attached for last month services,0
Confirm your {0} details,1
Act now to get gift card,1
Urgent: Your hidden benefit will be blocked,1
Update your personal details now,1
Your {0} password expires soon,0
Claim {0} within 24 hours,1
Contract {0} approved,0
Budget {0} approved,0
Meeting notes {0} attached,0
Final notice: {0} expires today,1
Re-activate your {0} account,1
Confirm your {0} details,1
Confirm your {0} details,1
Friday attached for last month services,0
Payroll {0} processed,0
Project deadline extended to February,0
{0} training session scheduled,0
May attached for last month services,0
Your {0} needs attention,1
September dinner tonight at home,0
Calendar invitation for {0},0
{0} notification alert,1
Verify your exclusive access immediately,1
Urgent: Your free vacation will be blocked,1
Project deadline extended to Invoice,0
Congratulations you are selected for {0},1
Team {0} scheduled for tomorrow,0
Claim {0} within 24 hours,1
Don't miss out on this free vacation,1
Budget {0} approved,0
Your {0} subscription renewed,0
New {0} available in your account,0
You have won tax refund! Click the link now,1
Congratulations you are selected for {0},1
Reminder your Report is tomorrow,0
Q4 appointment confirmed,0
Calendar invitation for {0},0
Special crypto reward just for you,1
{0} pending confirmation,1
Your exclusive access is about to expire,1
May newsletter from your favorite blog,0
You have won password! Click the link now,1
Confirmation appointment confirmed,0
Meeting scheduled at Details,0
10am appointment confirmed,0
Your {0} request approved,1
Your {0} request approved,1
Meeting notes {0} attached,0
Q1 team meeting agenda,0
You qualified for {0},1
{0} training session scheduled,0
Your {0} request approved,1
Click here to {0},1
Your {0} needs attention,1
Your account requires verification required,1
Document {0} requires your approval,0
Meeting scheduled at Monday,0
{0} has been awarded to you,1
{0} pending confirmation,1
Special payment confirmation just for you,1
Unlock your {0} instantly,1
You qualified for {0},1
Re-activate your {0} account,1
Get secret offer with this simple trick,1
Action required on your {0},1
Click to receive your {0},1
{0} report is ready to view,0
Your {0} password expires soon,0
Reminder your November is tomorrow,0
Delivery {0} confirmed,0
Update your personal details now,1
Confirmation team meeting agenda,0
Urgent: Your fraud alert will be blocked,1
Q3 with colleagues at Q3,0
Budget {0} approved,0
Limited time offer: security code,1
Payroll {0} processed,0
Meeting scheduled at Meeting,0
Meeting notes {0} attached,0
Invoice {0} processed successfully,0
Special investment opportunity just for you,1
Congratulations! Claim your exclusive deal today,1
Your account requires bank account,1
Urgent: Your special bonus will be blocked,1
Meeting scheduled at Q2,0
New opportunity for {0},1
Final notice: {0} expires today,1
Budget {0} approved,0
Final notice: {0} expires today,1
{0} training session scheduled,0
Click here to {0},1
Your security code is about to expire,1
You qualified for {0},1
Click to receive your {0},1
Invoice {0} processed successfully,0
Click to receive your {0},1
Your {0} has been updated,0
Your security code is about to expire,1
Order {0} shipped,0
Special lottery prize just for you,1
{0} report is ready to view,0
Urgent: Your prize money will be blocked,1
Update your exclusive access now,1
Budget {0} approved,0
New opportunity for {0},1
Your {0} request approved,1
Re-activate your {0} account,1
Your {0} subscription renewed,0
{0} report is ready to view,0
Performance {0} completed,0
Reminder your Evening is tomorrow,0
September newsletter from your favorite blog,0
Special lottery prize just for you,1
Update newsletter from your favorite blog,0
Unlock your {0} instantly,1
Hotel {0} reservation confirmed,0
Calendar invitation for {0},0
Calendar invitation for {0},0
Don't miss out on this security code,1
Claim {0} within 24 hours,1
Claim your free gift card today,1
{0} pending confirmation,1
Your {0} request approved,1
Suspicious activity on your unlimited credits,1
Delivery {0} confirmed,0
Your {0} request approved,1
Delivery {0} confirmed,0
2pm attached for last month services,0
Meeting scheduled at August,0
Claim {0} within 24 hours,1
Calendar invitation for {0},0
Q1 attached for last month services,0
Monday appointment confirmed,0
Click here to {0},1
Order {0} shipped,0
You have won hidden benefit! Click the link now,1
Action required on your {0},1
Performance {0} completed,0
Meeting scheduled at Family,0
Your {0} subscription renewed,0
Confirmation with colleagues at Confirmation,0
Reminder your July is tomorrow,0
Action required on your {0},1
Congratulations you are selected for {0},1
Your {0} needs attention,1
Your account requires prize money,1
Click here to {0},1
{0} pending confirmation,1
Invoice {0} processed successfully,0
New opportunity for {0},1
Reminder your Friday is tomorrow,0
Feedback attached for last month services,0
Contract {0} approved,0
Team {0} scheduled for tomorrow,0
{0} notification alert,1
Your {0} password expires soon,0
Don't miss out on this personal details,1
Budget {0} approved,0
Claim {0} within 24 hours,1
Your {0} needs attention,1
Your {0} needs attention,1
Re-activate your {0} account,1
Budget {0} approved,0
Calendar invitation for {0},0
July dinner tonight at home,0
Update your cash back now,1
Project deadline extended to Report,0
Re-activate your {0} account,1
Claim your free tax refund today,1
Limited time offer: account suspension,1
{0} notification alert,1
2026 attached for last month services,0
{0} has been awarded to you,1
Re-activate your {0} account,1
{0} training session scheduled,0
Hotel {0} reservation confirmed,0
New {0} available in your account,0
Get cash back with this simple trick,1
New {0} available in your account,0
Your {0} password expires soon,0
Monthly dinner tonight at home,0
You have won payment confirmation! Click the link now,1
Payroll {0} processed,0
Your {0} request approved,1
{0} report is ready to view,0
Calendar invitation for {0},0
Contract {0} approved,0
{0} report is ready to view,0
{0} notification alert,1
New {0} available in your account,0
Hotel {0} reservation confirmed,0
Q1 with colleagues at Q1,0
Your premium upgrade is about to expire,1
Order {0} shipped,0
Your account requires password,1
Update your emergency update now,1
Budget {0} approved,0
July appointment confirmed,0
October with colleagues at October,0
Action required on your {0},1
Your {0} subscription renewed,0
Update your payment confirmation now,1
Calendar invitation for {0},0
Confirm your {0} details,1
{0} report is ready to view,0
{0} training session scheduled,0
{0} ticket booked,0
Your {0} subscription renewed,0
Meeting scheduled at Invoice,0
Meeting scheduled at 2pm,0
Congratulations! Claim your lottery prize today,1
Meeting notes {0} attached,0
{0} training session scheduled,0
Special emergency update just for you,1
Confirm your {0} details,1
{0} pending confirmation,1
You qualified for {0},1
Invoice {0} processed successfully,0
Verify your free vacation immediately,1
Performance {0} completed,0
Confirm your {0} details,1
Verify your personal details immediately,1
Project deadline extended to Invoice,0
Calendar invitation for {0},0
Verify your unlimited credits immediately,1
Hotel {0} reservation confirmed,0
Unlock your {0} instantly,1
Team {0} scheduled for tomorrow,0
Urgent: Your premium upgrade will be blocked,1
Payroll {0} processed,0
Congratulations you are selected for {0},1
Your {0} has been updated,0
Verify your hidden benefit immediately,1
Team {0} scheduled for tomorrow,0
Click to receive your {0},1
Claim {0} within 24 hours,1
New {0} available in your account,0
Contract {0} approved,0
Your {0} password expires soon,0
Final notice: {0} expires today,1
Flight {0} departure reminder,0
Your account requires investment opportunity,1
Your {0} request approved,1
Order {0} shipped,0
Action required on your {0},1
Confirm your {0} details,1
Contract {0} approved,0
Night attached for last month services,0
April appointment confirmed,0
Update your crypto reward now,1
Team with colleagues at Team,0
Reminder your March is tomorrow,0
Unlock your {0} instantly,1
Suspicious activity on your exclusive deal,1
Budget {0} approved,0
Performance {0} completed,0
Document {0} requires your approval,0
Your {0} request approved,1
Re-activate your {0} account,1
Project deadline extended to Monthly,0
Project deadline extended to Agenda,0
Budget {0} approved,0
Click to receive your {0},1
{0} has been awarded to you,1
Unlock your {0} instantly,1
Team {0} scheduled for tomorrow,0
Friday attached for last month services,0
Your {0} needs attention,1
Delivery {0} confirmed,0
Limited time offer: verification required,1
Congratulations! Claim your password today,1
Project deadline extended to May,0
{0} training session scheduled,0
{0} has been awarded to you,1
Your {0} has been updated,0
Unlock your {0} instantly,1
Reminder your December is tomorrow,0
Schedule newsletter from your favorite blog,0
Invoice {0} processed successfully,0
Get free vacation with this simple trick,1
November appointment confirmed,0
Team newsletter from your favorite blog,0
Special account suspension just for you,1
Claim {0} within 24 hours,1
Verify your exclusive access immediately,1
{0} has been awarded to you,1
September appointment confirmed,0
Q1 appointment confirmed,0
Don't miss out on this cash back,1
Confirm your {0} details,1
Congratulations! Claim your hidden benefit today,1
Final notice: {0} expires today,1
New opportunity for {0},1
Your {0} password expires soon,0
You have won bank account! Click the link now,1
Friday appointment confirmed,0
Action required on your {0},1
Click to receive your {0},1
Confirm your {0} details,1
Budget {0} approved,0
Re-activate your {0} account,1
Hotel {0} reservation confirmed,0
Confirm your {0} details,1
Don't miss out on this tax refund,1
Payroll {0} processed,0
Claim {0} within 24 hours,1
You qualified for {0},1
Meeting notes {0} attached,0
Verify your exclusive access immediately,1
Special verification required just for you,1
Calendar invitation for {0},0
Special verification required just for you,1
Suspicious activity on your payment confirmation,1
Your verification required is about to expire,1
Team {0} scheduled for tomorrow,0
Suspicious activity on your security code,1
Claim your free free vacation today,1
Congratulations! Claim your premium upgrade today,1
New opportunity for {0},1
Action required on your {0},1
{0} report is ready to view,0
Click here to {0},1
Hotel {0} reservation confirmed,0
Your verification required is about to expire,1
Payroll {0} processed,0
New {0} available in your account,0
Your {0} request approved,1
Claim {0} within 24 hours,1
Your {0} needs attention,1
Q3 newsletter from your favorite blog,0
Congratulations you are selected for {0},1
{0} ticket booked,0
Claim {0} within 24 hours,1
Order {0} shipped,0
{0} report is ready to view,0
{0} has been awarded to you,1
{0} pending confirmation,1
Your account requires password,1
January newsletter from your favorite blog,0
August appointment confirmed,0
You have won unlimited credits! Click the link now,1
Meeting notes {0} attached,0
Re-activate your {0} account,1
{0} has been awarded to you,1
Invoice {0} processed successfully,0
Action required on your {0},1
Calendar invitation for {0},0
Action required on your {0},1
Update your investment opportunity now,1
You qualified for {0},1
New opportunity for {0},1
Act now to get unlimited credits,1
Urgent: Your exclusive deal will be blocked,1
Feedback with colleagues at Feedback,0
Order {0} shipped,0
Weekly dinner tonight at home,0
Confirmation dinner tonight at home,0
Confirm your {0} details,1
{0} pending confirmation,1
Contract {0} approved,0
Reminder your May is tomorrow,0
Claim your free emergency update today,1
Confirm your {0} details,1
{0} notification alert,1
Re-activate your {0} account,1
Click to receive your {0},1
Delivery {0} confirmed,0
New opportunity for {0},1
Confirm your {0} details,1
{0} training session scheduled,0
Meeting notes {0} attached,0
Your {0} subscription renewed,0
Claim {0} within 24 hours,1
Details appointment confirmed,0
Team {0} scheduled for tomorrow,0
Verify your tax refund immediately,1
Your {0} needs attention,1
Project deadline extended to Q3,0
Re-activate your {0} account,1
Review appointment confirmed,0
Budget {0} approved,0
Receipt with colleagues at Receipt,0
Get prize money with this simple trick,1
Invoice {0} processed successfully,0
Get premium upgrade with this simple trick,1
Congratulations you are selected for {0},1
{0} has been awarded to you,1
Calendar invitation for {0},0
Budget {0} approved,0
Project deadline extended to 2026,0
Your account requires crypto reward,1
Your {0} subscription renewed,0
Your {0} password expires soon,0
Suspicious activity on your personal details,1
Your {0} needs attention,1
Re-activate your {0} account,1
Status update on {0} project,0
Urgent: Your security code will be blocked,1
Your account requires account suspension,1
Get verification required with this simple trick,1
Your {0} password expires soon,0
Confirm your {0} details,1
Claim {0} within 24 hours,1
Confirm your {0} details,1
2026 appointment confirmed,0
Invoice {0} processed successfully,0
Confirm your {0} details,1
Contract {0} approved,0
New opportunity for {0},1
Afternoon appointment confirmed,0
Limited time offer: account suspension,1
Hotel {0} reservation confirmed,0
Act now to get prize money,1
Flight {0} departure reminder,0
Delivery {0} confirmed,0
Special membership status just for you,1
Invoice {0} processed successfully,0
Re-activate your {0} account,1
Order {0} shipped,0
Reminder your Evening is tomorrow,0
Q1 newsletter from your favorite blog,0
Performance {0} completed,0
Don't miss out on this exclusive access,1
{0} training session scheduled,0
Flight {0} departure reminder,0
Claim {0} within 24 hours,1
New {0} available in your account,0
Meeting notes {0} attached,0
Click to receive your {0},1
Confirm your {0} details,1
Confirm your {0} details,1
Don't miss out on this hidden benefit,1
Suspicious activity on your password,1
Monthly appointment confirmed,0
Your {0} password expires soon,0
Project deadline extended to Morning,0
Your {0} request approved,1
Order {0} shipped,0
New opportunity for {0},1
Congratulations! Claim your free shipping today,1
Get gift card with this simple trick,1
Status update on {0} project,0
Verify your credit card immediately,1
Meeting attached for last month services,0
{0} has been awarded to you,1
Your {0} password expires soon,0
Order {0} shipped,0
Team {0} scheduled for tomorrow,0
Verify your free vacation immediately,1
You qualified for {0},1
Team {0} scheduled for tomorrow,0
New {0} available in your account,0
{0} pending confirmation,1
Hotel {0} reservation confirmed,0
Contract {0} approved,0
Special personal details just for you,1
Confirm your {0} details,1
Special tax refund just for you,1
Meeting notes {0} attached,0
Claim {0} within 24 hours,1
{0} report is ready to view,0
Delivery {0} confirmed,0
Your {0} needs attention,1
Get gift card with this simple trick,1
Claim {0} within 24 hours,1
May team meeting agenda,0
Your {0} subscription renewed,0
March team meeting agenda,0
Status update on {0} project,0
Your {0} needs attention,1
Click to receive your {0},1
Meeting notes {0} attached,0
Suspicious activity on your payment method,1
Hotel {0} reservation confirmed,0
February appointment confirmed,0
Order {0} shipped,0
Your bonus payment is about to expire,1
Delivery {0} confirmed,0
Your {0} password expires soon,0
Receipt attached for last month services,0
Re-activate your {0} account,1
Contract {0} approved,0
Order {0} shipped,0
Update your membership status now,1
Urgent: Your credit card will be blocked,1
{0} has been awarded to you,1
Meeting notes {0} attached,0
Monthly attached for last month services,0
Your {0} subscription renewed,0
Payroll {0} processed,0
Confirm your {0} details,1
New opportunity for {0},1
{0} notification alert,1
Q3 newsletter from your favorite blog,0
Update your exclusive access now,1
You have won free shipping! Click the link now,1
Urgent: Your payment confirmation will be blocked,1
Meeting notes {0} attached,0
{0} training session scheduled,0
New {0} available in your account,0
Click here to {0},1
{0} training session scheduled,0
Night attached for last month services,0
Order {0} shipped,0
{0} notification alert,1
{0} ticket booked,0
You have won inheritance! Click the link now,1
Limited time offer: unlimited credits,1
Unlock your {0} instantly,1
{0} report is ready to view,0
Invoice {0} processed successfully,0
Hotel {0} reservation confirmed,0
Congratulations you are selected for {0},1
You have won prize money! Click the link now,1
Limited time offer: gift card,1
Team {0} scheduled for tomorrow,0
You qualified for {0},1
Monthly team meeting agenda,0
Your account requires credit card,1
Invoice {0} processed successfully,0
Unlock your {0} instantly,1
March appointment confirmed,0
You have won exclusive deal! Click the link now,1
Your {0} password expires soon,0
Confirm your {0} details,1
You qualified for {0},1
May dinner tonight at home,0
Click here to {0},1
Your {0} subscription renewed,0
April attached for last month services,0
Monthly with colleagues at Monthly,0
Your {0} has been updated,0
{0} has been awarded to you,1
New {0} available in your account,0
Status update on {0} project,0
Delivery {0} confirmed,0
Claim your free unusual activity today,1
Action required on your {0},1
Your {0} subscription renewed,0
Your {0} subscription renewed,0
Click here to {0},1
August with colleagues at August,0
Action required on your {0},1
February appointment confirmed,0
Congratulations! Claim your fraud alert today,1
Feedback team meeting agenda,0
Don't miss out on this fraud alert,1
Document {0} requires your approval,0
Hotel {0} reservation confirmed,0
Update your payment confirmation now,1
Congratulations you are selected for {0},1
Your {0} subscription renewed,0
June team meeting agenda,0
Final notice: {0} expires today,1
Contract {0} approved,0
Document {0} requires your approval,0
{0} notification alert,1
{0} training session scheduled,0
{0} report is ready to view,0
{0} report is ready to view,0
Order {0} shipped,0
Delivery {0} confirmed,0
Reminder your October is tomorrow,0
Flight {0} departure reminder,0
Claim {0} within 24 hours,1
Limited time offer: special bonus,1
August appointment confirmed,0
Your {0} request approved,1
Congratulations you are selected for {0},1
Don't miss out on this free shipping,1
Limited time offer: crypto reward,1
2pm attached for last month services,0
Re-activate your {0} account,1
Unlock your {0} instantly,1
Final notice: {0} expires today,1
Receipt dinner tonight at home,0
Meeting notes {0} attached,0
Details appointment confirmed,0
New opportunity for {0},1
Performance {0} completed,0
Order {0} shipped,0
Hotel {0} reservation confirmed,0
Your account requires gift card,1
{0} report is ready to view,0
Report dinner tonight at home,0
Order {0} shipped,0
Final notice: {0} expires today,1
Re-activate your {0} account,1
Flight {0} departure reminder,0
Your {0} password expires soon,0
Meeting scheduled at Team,0
Performance {0} completed,0
Invoice team meeting agenda,0
Project deadline extended to Friday,0
Q1 dinner tonight at home,0
Reminder your Agenda is tomorrow,0
Meeting notes {0} attached,0
Limited time offer: prize money,1
Limited time offer: personal details,1
Payroll {0} processed,0
Feedback team meeting agenda,0
Click here to {0},1
Claim your free bonus payment today,1
Reminder your Report is tomorrow,0
New opportunity for {0},1
Your {0} needs attention,1
You have won fraud alert! Click the link now,1
Get account access with this simple trick,1
New opportunity for {0},1
Claim {0} within 24 hours,1
New {0} available in your account,0
Meeting scheduled at Conference,0
Calendar invitation for {0},0
Your emergency update is about to expire,1
Order {0} shipped,0
Document {0} requires your approval,0
Invoice {0} processed successfully,0
Contract {0} approved,0
Click to receive your {0},1
New opportunity for {0},1
Verify your password immediately,1
Budget {0} approved,0
{0} ticket booked,0
August newsletter from your favorite blog,0
Your {0} password expires soon,0
Details attached for last month services,0
Your {0} password expires soon,0
You qualified for {0},1
Meeting scheduled at Conference,0
Your {0} has been updated,0
Order {0} shipped,0
Final notice: {0} expires today,1
Act now to get fraud alert,1
{0} ticket booked,0
Hotel {0} reservation confirmed,0
New opportunity for {0},1
Special crypto reward just for you,1
Team {0} scheduled for tomorrow,0
Your {0} has been updated,0
March team meeting agenda,0
Order {0} shipped,0
You qualified for {0},1
{0} has been awarded to you,1
Your {0} request approved,1
Get password with this simple trick,1
Congratulations you are selected for {0},1
Afternoon dinner tonight at home,0
New {0} available in your account,0
Your {0} password expires soon,0
Limited time offer: prize money,1
Final notice: {0} expires today,1
Budget {0} approved,0
Status update on {0} project,0
{0} ticket booked,0
Claim your free credit card today,1
Congratulations you are selected for {0},1
Your {0} subscription renewed,0
Act now to get account suspension,1
Your {0} password expires soon,0
Don't miss out on this account suspension,1
Your {0} has been updated,0
Suspicious activity on your payment confirmation,1
Q2 with colleagues at Q2,0
Project deadline extended to 2026,0
Click to receive your {0},1
Contract {0} approved,0
Your account requires personal details,1
Q4 newsletter from your favorite blog,0
Your {0} request approved,1
Limited time offer: tax refund,1
Reminder your June is tomorrow,0
Your hidden benefit is about to expire,1
Your {0} subscription renewed,0
Claim your free membership status today,1
Reminder your Q2 is tomorrow,0
Re-activate your {0} account,1
Your prize money is about to expire,1
Final notice: {0} expires today,1
{0} notification alert,1
You qualified for {0},1
Final notice: {0} expires today,1
Conference newsletter from your favorite blog,0
Project deadline extended to August,0
June team meeting agenda,0
Your {0} request approved,1
Congratulations! Claim your verification required today,1
Reminder your Q3 is tomorrow,0
Get free shipping with this simple trick,1
Suspicious activity on your emergency update,1
Calendar invitation for {0},0
Urgent: Your exclusive deal will be blocked,1
Document {0} requires your approval,0
Hotel {0} reservation confirmed,0
Claim {0} within 24 hours,1
Re-activate your {0} account,1
Urgent: Your exclusive access will be blocked,1
You qualified for {0},1
Your {0} password expires soon,0
{0} notification alert,1
Contract {0} approved,0
Your account requires bonus payment,1
Unlock your {0} instantly,1
Your {0} password expires soon,0
You qualified for {0},1
Contract {0} approved,0
Suspicious activity on your secret offer,1
Budget {0} approved,0
Click to receive your {0},1
Urgent: Your account access will be blocked,1
Conference dinner tonight at home,0
Re-activate your {0} account,1
New {0} available in your account,0
Act now to get prize money,1
Your account requires tax refund,1
Your {0} request approved,1
Contract {0} approved,0
Special membership status just for you,1
Final notice: {0} expires today,1
You have won secret offer! Click the link now,1
Payroll {0} processed,0
{0} notification alert,1
Confirm your {0} details,1
Confirm your {0} details,1
Your {0} subscription renewed,0
Your {0} request approved,1
Project deadline extended to March,0
10am team meeting agenda,0
Project deadline extended to Q1,0
Click to receive your {0},1
Meeting notes {0} attached,0
Update your account suspension now,1
Claim your free secret offer today,1
Calendar invitation for {0},0
Final notice: {0} expires today,1
Congratulations! Claim your payment confirmation today,1
Order {0} shipped,0
Delivery {0} confirmed,0
You qualified for {0},1
Meeting notes {0} attached,0
Meeting scheduled at Receipt,0
Status update on {0} project,0
Reminder your Feedback is tomorrow,0
Update attached for last month services,0
Re-activate your {0} account,1
Final notice: {0} expires today,1
Budget team meeting agenda,0
Congratulations! Claim your exclusive deal today,1
Your account requires inheritance,1
Document {0} requires your approval,0
Claim {0} within 24 hours,1
Contract {0} approved,0
{0} report is ready to view,0
Your {0} has been updated,0
Reminder your Confirmation is tomorrow,0
Urgent: Your special bonus will be blocked,1
Claim {0} within 24 hours,1
Your {0} needs attention,1
Your {0} has been updated,0
Action required on your {0},1
Get account access with this simple trick,1
Project deadline extended to September,0
Your {0} request approved,1
You qualified for {0},1
Receipt attached for last month services,0
New {0} available in your account,0
December dinner tonight at home,0
Get inheritance with this simple trick,1
Calendar invitation for {0},0
Update your credit card now,1
Performance {0} completed,0
Delivery {0} confirmed,0
Team {0} scheduled for tomorrow,0
Status update on {0} project,0
Meeting scheduled at Evening,0
New opportunity for {0},1
Budget team meeting agenda,0
Hotel {0} reservation confirmed,0
Your {0} request approved,1
Your {0} password expires soon,0
Click to receive your {0},1
Contract {0} approved,0
Project deadline extended to November,0
10am team meeting agenda,0
Contract {0} approved,0
Special cash back just for you,1
You qualified for {0},1
Your {0} has been updated,0
Reminder your March is tomorrow,0
Your {0} subscription renewed,0
Click to receive your {0},1
Suspicious activity on your membership status,1
Your {0} subscription renewed,0
Suspicious activity on your lottery prize,1
{0} ticket booked,0
Night appointment confirmed,0
Action required on your {0},1
Calendar invitation for {0},0
{0} ticket booked,0
Your {0} needs attention,1
Document {0} requires your approval,0
Meeting notes {0} attached,0
Don't miss out on this premium upgrade,1
Status update on {0} project,0
Urgent: Your membership status will be blocked,1
{0} report is ready to view,0
Confirm your {0} details,1
You have won bank account! Click the link now,1
Update your account access now,1
Hotel {0} reservation confirmed,0
Budget {0} approved,0
Your {0} needs attention,1
Q1 with colleagues at Q1,0
Project deadline extended to Team,0
Claim your free secret offer today,1
Invoice {0} processed successfully,0
Contract {0} approved,0
Meeting scheduled at Q2,0
Click to receive your {0},1
Claim {0} within 24 hours,1
Your {0} has been updated,0
Calendar invitation for {0},0
{0} pending confirmation,1
Invoice {0} processed successfully,0
Don't miss out on this exclusive access,1
Click here to {0},1
{0} training session scheduled,0
Your {0} request approved,1
Invoice {0} processed successfully,0
Confirm your {0} details,1
Hotel {0} reservation confirmed,0
Delivery {0} confirmed,0
Payroll {0} processed,0
Your {0} subscription renewed,0
Flight {0} departure reminder,0
Order {0} shipped,0
Reminder your Q1 is tomorrow,0
Final notice: {0} expires today,1
Meeting scheduled at March,0
Act now to get bonus payment,1
Final notice: {0} expires today,1
Unlock your {0} instantly,1
New {0} available in your account,0
Click to receive your {0},1
Payroll {0} processed,0
Project deadline extended to Budget,0
Urgent: Your prize money will be blocked,1
Unlock your {0} instantly,1
Document {0} requires your approval,0
Re-activate your {0} account,1
Flight {0} departure reminder,0
Payroll {0} processed,0
Receipt attached for last month services,0
Meeting scheduled at March,0
Claim {0} within 24 hours,1
Status update on {0} project,0
Congratulations! Claim your secret offer today,1
Suspicious activity on your free shipping,1
Click to receive your {0},1
Calendar invitation for {0},0
Flight {0} departure reminder,0
Click to receive your {0},1
Invoice {0} processed successfully,0
Unlock your {0} instantly,1
Budget {0} approved,0
2026 with colleagues at 2026,0
Get prize money with this simple trick,1
Hotel {0} reservation confirmed,0
Claim {0} within 24 hours,1
Update with colleagues at Update,0
Click here to {0},1
Claim your free lottery prize today,1
2pm team meeting agenda,0
Congratulations you are selected for {0},1
Document {0} requires your approval,0
Your {0} needs attention,1
Document {0} requires your approval,0
Night appointment confirmed,0
Monthly attached for last month services,0
Payroll {0} processed,0
Confirm your {0} details,1
Your password is about to expire,1
Your {0} subscription renewed,0
Calendar invitation for {0},0
{0} report is ready to view,0
{0} ticket booked,0
Delivery {0} confirmed,0
Payroll {0} processed,0
Verify your verification required immediately,1
Congratulations! Claim your membership status today,1
Suspicious activity on your tax refund,1
Urgent: Your verification required will be blocked,1
Budget {0} approved,0
New {0} available in your account,0
Claim your free secret offer today,1
Congratulations you are selected for {0},1
Special fraud alert just for you,1
{0} pending confirmation,1
Payroll {0} processed,0
Your account requires emergency update,1
{0} ticket booked,0
Claim {0} within 24 hours,1
Verify your prize money immediately,1
Congratulations! Claim your premium upgrade today,1
Hotel {0} reservation confirmed,0
Project deadline extended to October,0
Contract {0} approved,0
{0} notification alert,1
Act now to get unlimited credits,1
Status update on {0} project,0
You have won membership status! Click the link now,1
New opportunity for {0},1
Your prize money is about to expire,1
New {0} available in your account,0
Don't miss out on this fraud alert,1
Morning appointment confirmed,0
Order {0} shipped,0
Invoice {0} processed successfully,0
{0} ticket booked,0
Act now to get investment opportunity,1
{0} ticket booked,0
Action required on your {0},1
Your {0} password expires soon,0
Re-activate your {0} account,1
{0} training session scheduled,0
Family newsletter from your favorite blog,0
Details attached for last month services,0
Reminder your Confirmation is tomorrow,0
Congratulations you are selected for {0},1
Act now to get lottery prize,1
Congratulations! Claim your bonus payment today,1
Final notice: {0} expires today,1
Document {0} requires your approval,0
Your {0} has been updated,0
You have won membership status! Click the link now,1
Your security code is about to expire,1
Flight {0} departure reminder,0
Congratulations you are selected for {0},1
Invoice {0} processed successfully,0
Your {0} password expires soon,0
Urgent: Your free vacation will be blocked,1
{0} pending confirmation,1
Confirmation attached for last month services,0
Your {0} needs attention,1
Project deadline extended to Class,0
Act now to get money transfer,1
Certificate {0} issued,0
Expense report {0} submitted,0
{0} alert from security team,1
Review team meeting agenda,0
Document {0} requires your approval,0
Claim {0} within 24 hours,1
Re-activate your {0} account,1
Stop! You are missing out on {0},1
Reminder your Tuesday is tomorrow,0
Confirm your {0} details,1
Hotel {0} reservation confirmed,0
You qualified for {0},1
Team {0} scheduled for tomorrow,0
Seminar appointment confirmed,0
Your {0} subscription renewed,0
Order {0} shipped,0
Your {0} password expires soon,0
Performance {0} completed,0
Update attached for last month services,0
Certificate {0} issued,0
Click here to {0},1
Re-activate your {0} account,1
Your account requires verification required,1
Suspicious activity on your exclusive access,1
{0} validation needed today,1
Suspicious activity on your early bird discount,1
Update your nft collection now,1
Permit {0} approved,0
Budget {0} approved,0
Team {0} scheduled for tomorrow,0
Confirm your {0} details,1
Special early bird discount just for you,1
{0} training session scheduled,0
Action required on your {0},1
Order {0} shipped,0
Hotel {0} reservation confirmed,0
Conference team meeting agenda,0
Application {0} accepted,0
Verify your steam wallet immediately,1
Contract {0} approved,0
Review {0} feedback sent,0
Team {0} scheduled for tomorrow,0
Don't miss out on this lottery prize,1
Stop! You are missing out on {0},1
Feedback with colleagues at Feedback,0
Your {0} has been updated,0
Meeting notes {0} attached,0
Budget {0} approved,0
Wednesday with colleagues at Wednesday,0
Your {0} password expires soon,0
Action required on your {0},1
Don't miss out on this credit card,1
Expense report {0} submitted,0
Confirmation {0} email sent,0
Presentation newsletter from your favorite blog,0
Confirm your {0} details,1
License {0} renewed,0
{0} opportunity ends today,1
{0} validation needed today,1
Don't miss out on this payment confirmation,1
Your {0} subscription renewed,0
Suspicious activity on your crypto reward,1
{0} requires immediate action,1
Click here to {0},1
Your {0} request approved,1
5pm attached for last month services,0
{0} opportunity ends today,1
Meeting attached for last month services,0
New opportunity for {0},1
Complete {0} registration now,1
Verify your investment opportunity immediately,1
Congratulations you are selected for {0},1
Click here to {0},1
Receive {0} by clicking here,1
New {0} available in your account,0
Certificate {0} issued,0
You qualified for {0},1
Limited time offer: payment method,1
Click here to {0},1
Unlock your {0} instantly,1
Your {0} subscription renewed,0
9am attached for last month services,0
You have won secret offer! Click the link now,1
Meeting scheduled at April,0
New opportunity for {0},1
You have won bonus payment! Click the link now,1
Complete {0} registration now,1
Team {0} scheduled for tomorrow,0
Confirm your {0} details,1
Summit appointment confirmed,0
{0} ticket booked,0
Project deadline extended to Family,0
{0} pending confirmation,1
Review {0} feedback sent,0
{0} training session scheduled,0
Performance {0} completed,0
Lecture appointment confirmed,0
Budget {0} approved,0
Budget {0} approved,0
Click here to {0},1
{0} ticket booked,0
Verification {0} completed,0
Flight {0} departure reminder,0
Secure your {0} instantly,1
Reminder your Confirmation is tomorrow,0
License {0} renewed,0
Limited time offer: prize money,1
Limited time offer: fraud alert,1
Panel with colleagues at Panel,0
Secure your {0} instantly,1
Final notice: {0} expires today,1
Status update on {0} project,0
Delivery {0} confirmed,0
You qualified for {0},1
Review {0} feedback sent,0
You have won investment opportunity! Click the link now,1
Budget {0} approved,0
November with colleagues at November,0
Suspicious activity on your crypto reward,1
License {0} renewed,0
Project deadline extended to Demo,0
Unlock your {0} instantly,1
Status update on {0} project,0
Re-activate your {0} account,1
{0} training session scheduled,0
{0} training session scheduled,0
Course {0} enrollment confirmed,0
{0} requires immediate action,1
Your {0} password expires soon,0
Final notice: {0} expires today,1
New {0} available in your account,0
{0} requires immediate action,1
Suspicious activity on your hidden benefit,1
Verify your exclusive access immediately,1
{0} has been awarded to you,1
Stop! You are missing out on {0},1
Review {0} feedback sent,0
{0} training session scheduled,0
New opportunity for {0},1
Claim your free free shipping today,1
Budget {0} approved,0
Invoice {0} processed successfully,0
{0} validation needed today,1
Don't miss out on this roblox tokens,1
Application {0} accepted,0
{0} pending confirmation,1
Claim your free membership status today,1
10am appointment confirmed,0
Congratulations you are selected for {0},1
6pm attached for last month services,0
Flight {0} departure reminder,0
Claim {0} within 24 hours,1
Course {0} enrollment confirmed,0
Re-activate your {0} account,1
Your {0} subscription renewed,0
Team {0} scheduled for tomorrow,0
Payroll {0} processed,0
New opportunity for {0},1
{0} ticket booked,0
Re-activate your {0} account,1
Congratulations you are selected for {0},1
Meeting notes {0} attached,0
Final notice: {0} expires today,1
Your {0} access will be revoked,1
Suspicious activity on your special bonus,1
Permit {0} approved,0
October newsletter from your favorite blog,0
Review with colleagues at Review,0
Final notice: {0} expires today,1
Review {0} feedback sent,0
Congratulations you are selected for {0},1
Suspicious activity on your steam wallet,1
Get personal details with this simple trick,1
{0} training session scheduled,0
Action required on your {0},1
Calendar invitation for {0},0
Q3 team meeting agenda,0
Your {0} has been updated,0
Claim your free personal details today,1
Receive {0} by clicking here,1
Urgent: Your password will be blocked,1
Get ethereum stake with this simple trick,1
You have won account suspension! Click the link now,1
{0} notification alert,1
{0} ticket booked,0
Performance {0} completed,0
Hotel {0} reservation confirmed,0
Review {0} feedback sent,0
Your {0} password expires soon,0
Get prize money with this simple trick,1
Re-activate your {0} account,1
Congratulations you are selected for {0},1
Expense report {0} submitted,0
Suspicious activity on your account access,1
Urgent: Your lottery prize will be blocked,1
Meeting scheduled at Conference,0
Receive {0} by clicking here,1
Your {0} subscription renewed,0
Application {0} accepted,0
Application {0} accepted,0
Your {0} access will be revoked,1
Team {0} scheduled for tomorrow,0
Re-activate your {0} account,1
Re-activate your {0} account,1
Congratulations! Claim your nft collection today,1
Calendar invitation for {0},0
{0} validation needed today,1
Permit {0} approved,0
Unlock your {0} instantly,1
Meeting scheduled at Workshop,0
Your password is about to expire,1
Verify your verification required immediately,1
{0} opportunity ends today,1
Application {0} accepted,0
You have won account suspension! Click the link now,1
Team {0} scheduled for tomorrow,0
Flight {0} departure reminder,0
Act now to get membership status,1
{0} pending confirmation,1
You have won credit card! Click the link now,1
Your gift card is about to expire,1
You have won wire funds! Click the link now,1
Your {0} subscription renewed,0
Your {0} needs attention,1
Unlock your {0} instantly,1
Click here to {0},1
Status update on {0} project,0
Team {0} scheduled for tomorrow,0
Your {0} request approved,1
New {0} available in your account,0
Verify your itunes gift card immediately,1
You have won money transfer! Click the link now,1
Congratulations you are selected for {0},1
Order {0} shipped,0
Receive {0} by clicking here,1
Get lottery prize with this simple trick,1
Congratulations! Claim your money transfer today,1
Contract {0} approved,0
{0} opportunity ends today,1
New {0} available in your account,0
Flight {0} departure reminder,0
License {0} renewed,0
Delivery {0} confirmed,0
Meeting team meeting agenda,0
Permit {0} approved,0
Complete {0} registration now,1
Invoice {0} processed successfully,0
{0} opportunity ends today,1
{0} ticket booked,0
Timesheet {0} recorded,0
{0} ticket booked,0
You have won steam wallet! Click the link now,1
Don't miss out on this money transfer,1
{0} training session scheduled,0
Your {0} request approved,1
Hotel {0} reservation confirmed,0
Wednesday attached for last month services,0
Order {0} shipped,0
Status update on {0} project,0
Receive {0} by clicking here,1
Claim your free amazon voucher today,1
Reminder your September is tomorrow,0
Your {0} request approved,1
Standup with colleagues at Standup,0
Calendar invitation for {0},0
Complete {0} registration now,1
Special free shipping just for you,1
{0} requires immediate action,1
Get unusual activity with this simple trick,1
{0} alert from security team,1
Course {0} enrollment confirmed,0
Confirmation {0} email sent,0
Permit {0} approved,0
Click to receive your {0},1
Special unusual activity just for you,1
Claim {0} within 24 hours,1
Flight {0} departure reminder,0
Monthly newsletter from your favorite blog,0
Action required on your {0},1
Expense report {0} submitted,0
Secure your {0} instantly,1
{0} requires immediate action,1
Timesheet {0} recorded,0
Performance {0} completed,0
{0} alert from security team,1
Click to receive your {0},1
Action required on your {0},1
Confirm your {0} details,1
Calendar invitation for {0},0
Expense report {0} submitted,0
Review {0} feedback sent,0
Budget {0} approved,0
{0} requires immediate action,1
Action required on your {0},1
Your {0} subscription renewed,0
Status update on {0} project,0
Timesheet {0} recorded,0
5pm with colleagues at 5pm,0
Confirmation {0} email sent,0
Unlock your {0} instantly,1
Don't miss out on this account access,1
You qualified for {0},1
Verification {0} completed,0
Secure your {0} instantly,1
Hotel {0} reservation confirmed,0
New opportunity for {0},1
Meeting scheduled at March,0
{0} training session scheduled,0
Confirmation {0} email sent,0
Delivery {0} confirmed,0
Certificate {0} issued,0
{0} report is ready to view,0
Timesheet {0} recorded,0
Get early bird discount with this simple trick,1
{0} opportunity ends today,1
Verify your money transfer immediately,1
You have won security code! Click the link now,1
{0} ticket booked,0
Status update on {0} project,0
{0} notification alert,1
Receive {0} by clicking here,1
New opportunity for {0},1
Expense report {0} submitted,0
Final notice: {0} expires today,1
{0} notification alert,1
Your {0} subscription renewed,0
Your {0} subscription renewed,0
{0} opportunity ends today,1
Your account requires instant rebate,1
{0} opportunity ends today,1
Invoice {0} processed successfully,0
You have won instant rebate! Click the link now,1
Status update on {0} project,0
Your {0} password expires soon,0
New {0} available in your account,0
{0} opportunity ends today,1
9am with colleagues at 9am,0
Confirmation {0} email sent,0
Hotel {0} reservation confirmed,0
Calendar invitation for {0},0
Monday newsletter from your favorite blog,0
Special credit card just for you,1
Certificate {0} issued,0
Your {0} needs attention,1
Click here to {0},1
Application {0} accepted,0
Your {0} needs attention,1
Confirmation {0} email sent,0
Update your exclusive access now,1
Team {0} scheduled for tomorrow,0
Get early bird discount with this simple trick,1
Your {0} subscription renewed,0
Hotel {0} reservation confirmed,0
Complete {0} registration now,1
Suspicious activity on your gift card,1
Your {0} request approved,1
Special free shipping just for you,1
Status update on {0} project,0
{0} requires immediate action,1
Thursday team meeting agenda,0
Review {0} feedback sent,0
Re-activate your {0} account,1
{0} report is ready to view,0
Course {0} enrollment confirmed,0
Document {0} requires your approval,0
{0} training session scheduled,0
Congratulations! Claim your investment opportunity today,1
{0} requires immediate action,1
Meeting notes {0} attached,0
Budget {0} approved,0
{0} notification alert,1
Flight {0} departure reminder,0
Exclusive {0} for VIP members,1
{0} report is ready to view,0
Congratulations you are selected for {0},1
Hotel {0} reservation confirmed,0
Review {0} feedback sent,0
Unlock your {0} instantly,1
Act now to get unlimited credits,1
Invoice {0} processed successfully,0
{0} validation needed today,1
Verify your account access immediately,1
Special membership status just for you,1
Confirm your {0} details,1
Action required on your {0},1
{0} opportunity ends today,1
Your {0} password expires soon,0
{0} has been awarded to you,1
Invoice {0} processed successfully,0
Course {0} enrollment confirmed,0
Review {0} feedback sent,0
Meeting notes {0} attached,0
{0} pending confirmation,1
Update your gift card now,1
New {0} available in your account,0
Your {0} password expires soon,0
Your {0} request approved,1
Confirmation {0} email sent,0
Secure your {0} instantly,1
Receive {0} by clicking here,1
{0} opportunity ends today,1
Your {0} password expires soon,0
Order {0} shipped,0
Project deadline extended to Meeting,0
Expense report {0} submitted,0
Flight {0} departure reminder,0
Confirmation {0} email sent,0
Click to receive your {0},1
Exclusive {0} for VIP members,1
{0} report is ready to view,0
You qualified for {0},1
Application {0} accepted,0
Budget {0} approved,0
November team meeting agenda,0
Claim your free paypal credit today,1
Team {0} scheduled for tomorrow,0
Invoice {0} processed successfully,0
Claim {0} within 24 hours,1
{0} training session scheduled,0
Timesheet {0} recorded,0
Your {0} access will be revoked,1
Meeting scheduled at Night,0
Order {0} shipped,0
Re-activate your {0} account,1
Application {0} accepted,0
Action required on your {0},1
Meeting scheduled at Retrospective,0
Contract {0} approved,0
{0} validation needed today,1
Document {0} requires your approval,0
Session appointment confirmed,0
Calendar invitation for {0},0
Planning appointment confirmed,0
Congratulations! Claim your bonus payment today,1
Your {0} password expires soon,0
Contract {0} approved,0
Budget {0} approved,0
License {0} renewed,0
Flight {0} departure reminder,0
Unlock your {0} instantly,1
Special emergency update just for you,1
Night newsletter from your favorite blog,0
Team {0} scheduled for tomorrow,0
Meeting notes {0} attached,0
Click here to {0},1
Claim your free fraud alert today,1
Project deadline extended to February,0
Re-activate your {0} account,1
Verification {0} completed,0
{0} has been awarded to you,1
{0} alert from security team,1
Expense report {0} submitted,0
New {0} available in your account,0
Budget {0} approved,0
New {0} available in your account,0
Limited time offer: special bonus,1
Reminder your Saturday is tomorrow,0
Action required on your {0},1
Your {0} has been updated,0
Contract {0} approved,0
Verify your money transfer immediately,1
Update your instant rebate now,1
Final notice: {0} expires today,1
Complete {0} registration now,1
Confirmation {0} email sent,0
Status update on {0} project,0
Document {0} requires your approval,0
Reminder your 2pm is tomorrow,0
Re-activate your {0} account,1
Congratulations! Claim your bitcoin payment today,1
License {0} renewed,0
Limited time offer: hidden benefit,1
Hotel {0} reservation confirmed,0
Stop! You are missing out on {0},1
Final notice: {0} expires today,1
Claim your free emergency update today,1
Verify your instant rebate immediately,1
Your {0} request approved,1
Hotel {0} reservation confirmed,0
Don't miss out on this secret offer,1
Limited time offer: membership status,1
Final notice: {0} expires today,1
Urgent: Your early bird discount will be blocked,1
{0} report is ready to view,0
Project deadline extended to Standup,0
Your {0} access will be revoked,1
Project deadline extended to 8am,0
Confirm your {0} details,1
Claim your free unusual activity today,1
Your {0} subscription renewed,0
Your account access is about to expire,1
You have won free vacation! Click the link now,1
Receive {0} by clicking here,1
Your {0} request approved,1
11am with colleagues at 11am,0
Verification {0} completed,0
Claim {0} within 24 hours,1
Meeting scheduled at Report,0
Update your unlimited credits now,1
Re-activate your {0} account,1
Re-activate your {0} account,1
{0} pending confirmation,1
Planning with colleagues at Planning,0
Congratulations! Claim your hidden benefit today,1
Delivery {0} confirmed,0
Your free vacation is about to expire,1
{0} opportunity ends today,1
Timesheet {0} recorded,0
February dinner tonight at home,0
Click here to {0},1
Stop! You are missing out on {0},1
Application {0} accepted,0
Your {0} access will be revoked,1
Your {0} access will be revoked,1
Confirm your {0} details,1
February newsletter from your favorite blog,0
Course {0} enrollment confirmed,0
Stop! You are missing out on {0},1
Q1 with colleagues at Q1,0
Receive {0} by clicking here,1
Re-activate your {0} account,1
Action required on your {0},1
New {0} available in your account,0
Complete {0} registration now,1
Course {0} enrollment confirmed,0
Action required on your {0},1
Act now to get early bird discount,1
Your {0} password expires soon,0
Meeting notes {0} attached,0
Your account requires security code,1
Click here to {0},1
{0} has been awarded to you,1
New opportunity for {0},1
You qualified for {0},1
Secure your {0} instantly,1
Status update on {0} project,0
Timesheet {0} recorded,0
New {0} available in your account,0
Schedule appointment confirmed,0
Congratulations you are selected for {0},1
Unlock your {0} instantly,1
Project deadline extended to February,0
Order {0} shipped,0
Action required on your {0},1
Your {0} access will be revoked,1
{0} requires immediate action,1
Confirm your {0} details,1
Report dinner tonight at home,0
Meeting notes {0} attached,0
Re-activate your {0} account,1
Congratulations! Claim your crypto reward today,1
New opportunity for {0},1
Final notice: {0} expires today,1
Budget {0} approved,0
Contract {0} approved,0
Claim your free steam wallet today,1
Retrospective newsletter from your favorite blog,0
Delivery {0} confirmed,0
Confirm your {0} details,1
New opportunity for {0},1
{0} ticket booked,0
Flight {0} departure reminder,0
Document {0} requires your approval,0
Calendar invitation for {0},0
Course {0} enrollment confirmed,0
{0} ticket booked,0
Your {0} request approved,1
Meeting notes {0} attached,0
Budget {0} approved,0
Team {0} scheduled for tomorrow,0
Click to receive your {0},1
Performance {0} completed,0
Flight {0} departure reminder,0
{0} requires immediate action,1
Certificate {0} issued,0
Project deadline extended to Update,0
Permit {0} approved,0
Order {0} shipped,0
Act now to get itunes gift card,1
Receive {0} by clicking here,1
Hotel {0} reservation confirmed,0
Meeting scheduled at Details,0
Unlock your {0} instantly,1
Meeting notes {0} attached,0
Forum with colleagues at Forum,0
Order {0} shipped,0
Review {0} feedback sent,0
Don't miss out on this bank account,1
Congratulations! Claim your ethereum stake today,1
Review {0} feedback sent,0
Invoice {0} processed successfully,0
Permit {0} approved,0
Meeting notes {0} attached,0
Your {0} password expires soon,0
Delivery {0} confirmed,0
Confirm your {0} details,1
Meeting notes {0} attached,0
Course {0} enrollment confirmed,0
Meeting notes {0} attached,0
Course {0} enrollment confirmed,0
Course {0} enrollment confirmed,0
Click here to {0},1
Update your inheritance now,1
New opportunity for {0},1
Meeting scheduled at Feedback,0
Project deadline extended to January,0
Re-activate your {0} account,1
Team {0} scheduled for tomorrow,0
Certificate {0} issued,0
Payroll {0} processed,0
New opportunity for {0},1
Invoice {0} processed successfully,0
Your {0} subscription renewed,0
Report with colleagues at Report,0
Status update on {0} project,0
Get money transfer with this simple trick,1
11am with colleagues at 11am,0
Budget {0} approved,0
Your {0} access will be revoked,1
Congratulations! Claim your tax refund today,1
Suspicious activity on your credit card,1
Your {0} needs attention,1
Secure your {0} instantly,1
Order {0} shipped,0
Permit {0} approved,0
Your {0} has been updated,0
{0} ticket booked,0
{0} requires immediate action,1
Your {0} has been updated,0
Your account requires digital asset,1
Don't miss out on this inheritance,1
Status update on {0} project,0
Flight {0} departure reminder,0
Urgent: Your ethereum stake will be blocked,1
Verify your special bonus immediately,1
Re-activate your {0} account,1
Your {0} subscription renewed,0
{0} alert from security team,1
Thursday with colleagues at Thursday,0
You have won bonus payment! Click the link now,1
Course {0} enrollment confirmed,0
Application {0} accepted,0
Update your gift card now,1
Claim {0} within 24 hours,1
Your {0} needs attention,1
{0} training session scheduled,0
Don't miss out on this payment method,1
Performance {0} completed,0
Certificate {0} issued,0
Hotel {0} reservation confirmed,0
{0} opportunity ends today,1
Claim {0} within 24 hours,1
Your {0} has been updated,0
Your {0} has been updated,0
Hotel {0} reservation confirmed,0
Delivery {0} confirmed,0
Status update on {0} project,0
Limited time offer: instant rebate,1
Certificate {0} issued,0
Click here to {0},1
Act now to get account access,1
Budget {0} approved,0
Confirmation {0} email sent,0
Exclusive {0} for VIP members,1
Status update on {0} project,0
Verification {0} completed,0
Delivery {0} confirmed,0
Performance {0} completed,0
Flight {0} departure reminder,0
Secure your {0} instantly,1
{0} opportunity ends today,1
Stop! You are missing out on {0},1
New {0} available in your account,0
Your {0} subscription renewed,0
Application {0} accepted,0
Payroll {0} processed,0
Your account requires inheritance,1
Get cash back with this simple trick,1
Update your ethereum stake now,1
Confirmation {0} email sent,0
Contract {0} approved,0
Order {0} shipped,0
Verification {0} completed,0
Status update on {0} project,0
{0} alert from security team,1
November with colleagues at November,0
Your {0} access will be revoked,1
Team {0} scheduled for tomorrow,0
Performance {0} completed,0
Status update on {0} project,0
Congratulations! Claim your paypal credit today,1
Your {0} access will be revoked,1
Team {0} scheduled for tomorrow,0
Your account requires digital asset,1
Budget {0} approved,0
Urgent: Your account access will be blocked,1
Presentation attached for last month services,0
October with colleagues at October,0
Click here to {0},1
Complete {0} registration now,1
Project deadline extended to Session,0
Confirm your {0} details,1
New opportunity for {0},1
2026 dinner tonight at home,0
Get exclusive deal with this simple trick,1
Meeting scheduled at Afternoon,0
Review appointment confirmed,0
Invoice {0} processed successfully,0
Budget {0} approved,0
Claim {0} within 24 hours,1
You have won bonus payment! Click the link now,1
8am newsletter from your favorite blog,0
Performance {0} completed,0
Exclusive {0} for VIP members,1
Team {0} scheduled for tomorrow,0
Your {0} request approved,1
Update your prize money now,1
New {0} available in your account,0
Contract {0} approved,0
Final notice: {0} expires today,1
Expense report {0} submitted,0
Your {0} request approved,1
Confirmation {0} email sent,0
Document {0} requires your approval,0
Receive {0} by clicking here,1
Claim {0} within 24 hours,1
New opportunity for {0},1
Your {0} has been updated,0
Your {0} access will be revoked,1
Final notice: {0} expires today,1
Click to receive your {0},1
License {0} renewed,0
Budget {0} approved,0
Verification {0} completed,0
Conference newsletter from your favorite blog,0
Act now to get verification required,1
Your {0} access will be revoked,1
Budget {0} approved,0
Urgent: Your verification required will be blocked,1
Contract {0} approved,0
Special exclusive access just for you,1
Meeting notes {0} attached,0
Invoice {0} processed successfully,0
{0} report is ready to view,0
New {0} available in your account,0
Limited time offer: special bonus,1
You have won exclusive deal! Click the link now,1
Re-activate your {0} account,1
Congratulations! Claim your payment confirmation today,1
You qualified for {0},1
Your {0} password expires soon,0
{0} requires immediate action,1
Complete {0} registration now,1
Your nft collection is about to expire,1
New opportunity for {0},1
Reminder your 5pm is tomorrow,0
Urgent: Your roblox tokens will be blocked,1
Delivery {0} confirmed,0
Your {0} has been updated,0
Reminder your Q4 is tomorrow,0
May with colleagues at May,0
Final notice: {0} expires today,1
Class dinner tonight at home,0
Your {0} access will be revoked,1
{0} ticket booked,0
{0} pending confirmation,1
Project deadline extended to Review,0
Contract {0} approved,0
{0} pending confirmation,1
Act now to get special bonus,1
Budget {0} approved,0
Update your fraud alert now,1
Stop! You are missing out on {0},1
Meeting scheduled at 9am,0
Contract {0} approved,0
{0} pending confirmation,1
Your {0} password expires soon,0
License {0} renewed,0
Permit {0} approved,0
Payroll {0} processed,0
Review {0} feedback sent,0
Re-activate your {0} account,1
Your {0} subscription renewed,0
Hotel {0} reservation confirmed,0
Project deadline extended to 9am,0
Your {0} access will be revoked,1
You qualified for {0},1
{0} ticket booked,0
Suspicious activity on your unlimited credits,1
Your account requires exclusive access,1
Congratulations! Claim your unlimited credits today,1
Click to receive your {0},1
6pm appointment confirmed,0
Urgent: Your personal details will be blocked,1
Urgent: Your emergency update will be blocked,1
Unlock your {0} instantly,1
Click to receive your {0},1
Your {0} access will be revoked,1
Special investment opportunity just for you,1
Your {0} subscription renewed,0
License {0} renewed,0
You qualified for {0},1
You have won crypto reward! Click the link now,1
You have won investment opportunity! Click the link now,1
Feedback with colleagues at Feedback,0
Permit {0} approved,0
Document {0} requires your approval,0
{0} validation needed today,1
Flight {0} departure reminder,0
Order {0} shipped,0
Invoice {0} processed successfully,0
Document {0} requires your approval,0
Project deadline extended to Agenda,0
Payroll {0} processed,0
Status update on {0} project,0
Your {0} request approved,1
You have won free shipping! Click the link now,1
Your {0} needs attention,1
Limited time offer: exclusive deal,1
{0} validation needed today,1
Calendar invitation for {0},0
{0} has been awarded to you,1
Your {0} request approved,1
Your payment method is about to expire,1
Your {0} password expires soon,0
New {0} available in your account,0
Exclusive {0} for VIP members,1
Meeting scheduled at Monday,0
Kickoff newsletter from your favorite blog,0
Your {0} request approved,1
Status update on {0} project,0
{0} pending confirmation,1
Get premium upgrade with this simple trick,1
3pm appointment confirmed,0
{0} opportunity ends today,1
Expense report {0} submitted,0
Secure your {0} instantly,1
Get steam wallet with this simple trick,1
Your gift card is about to expire,1
Team dinner tonight at home,0
Unlock your {0} instantly,1
Your {0} access will be revoked,1
Click to receive your {0},1
{0} opportunity ends today,1
Meeting notes {0} attached,0
Calendar invitation for {0},0
Urgent: Your tax refund will be blocked,1
{0} requires immediate action,1
New {0} available in your account,0
You qualified for {0},1
Contract {0} approved,0
Calendar invitation for {0},0
Confirmation {0} email sent,0
Expense report {0} submitted,0
Get digital asset with this simple trick,1
Certificate {0} issued,0
License {0} renewed,0
Flight {0} departure reminder,0
{0} validation needed today,1
11am attached for last month services,0
You have won cash back! Click the link now,1
Verify your special bonus immediately,1
New {0} available in your account,0
Stop! You are missing out on {0},1
Permit {0} approved,0
Verify your crypto reward immediately,1
{0} notification alert,1
Verification {0} completed,0
Final notice: {0} expires today,1
Act now to get secret offer,1
Confirmation attached for last month services,0
Review {0} feedback sent,0
New {0} available in your account,0
{0} notification alert,1
Complete {0} registration now,1
Project deadline extended to Review,0
Congratulations! Claim your account suspension today,1
Delivery {0} confirmed,0
Your {0} access will be revoked,1
Status update on {0} project,0
Project deadline extended to Demo,0
Meeting notes {0} attached,0
Claim your free fraud alert today,1
Flight {0} departure reminder,0
Action required on your {0},1
Team {0} scheduled for tomorrow,0
Your {0} needs attention,1
{0} pending confirmation,1
Permit {0} approved,0
Click to receive your {0},1
Stop! You are missing out on {0},1
{0} validation needed today,1
Limited time offer: digital asset,1
Family team meeting agenda,0
Re-activate your {0} account,1
Expense report {0} submitted,0
{0} training session scheduled,0
Course {0} enrollment confirmed,0
Action required on your {0},1
Performance {0} completed,0
Review {0} feedback sent,0
Complete {0} registration now,1
Final notice: {0} expires today,1
Meeting scheduled at 6pm,0
Final notice: {0} expires today,1
Claim {0} within 24 hours,1
Summit appointment confirmed,0
Complete {0} registration now,1
Performance {0} completed,0
Claim your free instant rebate today,1
Your {0} password expires soon,0
Meeting scheduled at Thursday,0
License {0} renewed,0
Your inheritance is about to expire,1
Reminder your Forum is tomorrow,0
Order {0} shipped,0
Secure your {0} instantly,1
Your {0} password expires soon,0
Hotel {0} reservation confirmed,0
Planning with colleagues at Planning,0
{0} ticket booked,0
{0} opportunity ends today,1
Your {0} has been updated,0
{0} validation needed today,1
Invoice {0} processed successfully,0
{0} ticket booked,0
Receive {0} by clicking here,1
Suspicious activity on your early bird discount,1
Permit {0} approved,0
Your {0} access will be revoked,1
Unlock your {0} instantly,1
{0} has been awarded to you,1
Suspicious activity on your blockchain reward,1
Secure your {0} instantly,1
{0} pending confirmation,1
Urgent: Your prize money will be blocked,1
Team {0} scheduled for tomorrow,0
Invoice {0} processed successfully,0
Team {0} scheduled for tomorrow,0
Your {0} needs attention,1
{0} notification alert,1
September attached for last month services,0
Retrospective newsletter from your favorite blog,0
Confirmation {0} email sent,0
You have won lottery prize! Click the link now,1
Act now to get password,1
Unlock your {0} instantly,1
Click to receive your {0},1
Document {0} requires your approval,0
Expense report {0} submitted,0
{0} report is ready to view,0
Q3 newsletter from your favorite blog,0
You qualified for {0},1
Team {0} scheduled for tomorrow,0
You qualified for {0},1
{0} validation needed today,1
Confirm your {0} details,1
Your {0} subscription renewed,0
Document {0} requires your approval,0
{0} validation needed today,1
Click to receive your {0},1
Meeting scheduled at Budget,0
Performance {0} completed,0
Stop! You are missing out on {0},1
Update your payment method now,1
Congratulations! Claim your ethereum stake today,1
Payroll {0} processed,0
{0} report is ready to view,0
{0} alert from security team,1
Claim {0} within 24 hours,1
Your {0} request approved,1
Your {0} needs attention,1
License {0} renewed,0
Budget {0} approved,0
Stop! You are missing out on {0},1
Limited time offer: membership status,1
Claim {0} within 24 hours,1
Claim your free payment confirmation today,1
Special bank account just for you,1
Meeting notes {0} attached,0
Verify your lottery prize immediately,1
{0} pending confirmation,1
Permit {0} approved,0
Final notice: {0} expires today,1
Click here to {0},1
Invoice {0} processed successfully,0
Act now to get itunes gift card,1
Limited time offer: blockchain reward,1
Re-activate your {0} account,1
License {0} renewed,0
License {0} renewed,0
Receive {0} by clicking here,1
Your blockchain reward is about to expire,1
You have won ethereum stake! Click the link now,1
Get verification required with this simple trick,1
Status update on {0} project,0
Review {0} feedback sent,0
Action required on your {0},1
Limited time offer: roblox tokens,1
Delivery {0} confirmed,0
Your {0} needs attention,1
Invoice {0} processed successfully,0
Update your membership status now,1
{0} pending confirmation,1
Q2 with colleagues at Q2,0
Team {0} scheduled for tomorrow,0
4pm attached for last month services,0
Calendar invitation for {0},0
Application {0} accepted,0
Invoice {0} processed successfully,0
Don't miss out on this paypal credit,1
Meeting notes {0} attached,0
Claim your free investment opportunity today,1
Delivery {0} confirmed,0
Calendar invitation for {0},0
Project deadline extended to July,0
Your {0} needs attention,1
Budget {0} approved,0
Stop! You are missing out on {0},1
{0} has been awarded to you,1
New opportunity for {0},1
Your {0} needs attention,1
You have won fraud alert! Click the link now,1
Your {0} access will be revoked,1
Action required on your {0},1
Urgent: Your early bird discount will be blocked,1
Feedback dinner tonight at home,0
Calendar invitation for {0},0
Performance {0} completed,0
Your {0} needs attention,1
Delivery {0} confirmed,0
{0} opportunity ends today,1
Team {0} scheduled for tomorrow,0
5pm newsletter from your favorite blog,0
Get free shipping with this simple trick,1
Review {0} feedback sent,0
You qualified for {0},1
Special payment confirmation just for you,1
Status update on {0} project,0
Hotel {0} reservation confirmed,0
Payroll {0} processed,0
Special bank account just for you,1
Budget team meeting agenda,0
Your account requires bonus payment,1
{0} notification alert,1
Your {0} needs attention,1
Certificate {0} issued,0
Document {0} requires your approval,0
Limited time offer: ethereum stake,1
{0} training session scheduled,0
{0} has been awarded to you,1
Final notice: {0} expires today,1
Confirm your {0} details,1
Don't miss out on this payment method,1
Stop! You are missing out on {0},1
Contract {0} approved,0
{0} training session scheduled,0
{0} validation needed today,1
Suspicious activity on your prize money,1
Click here to {0},1
Re-activate your {0} account,1
Suspicious activity on your security code,1
Final notice: {0} expires today,1
Congratulations you are selected for {0},1
License {0} renewed,0
{0} training session scheduled,0
Timesheet {0} recorded,0
Suspicious activity on your account suspension,1
Complete {0} registration now,1
Congratulations! Claim your special bonus today,1
Action required on your {0},1
Action required on your {0},1
Limited time offer: account access,1
Act now to get amazon voucher,1
{0} alert from security team,1
2026 attached for last month services,0
Team {0} scheduled for tomorrow,0
Flight {0} departure reminder,0
Your {0} password expires soon,0
Urgent: Your inheritance will be blocked,1
Invoice {0} processed successfully,0
Claim {0} within 24 hours,1
Performance {0} completed,0
Hotel {0} reservation confirmed,0
Standup team meeting agenda,0
{0} opportunity ends today,1
Unlock your {0} instantly,1
Meeting scheduled at 9am,0
Budget {0} approved,0
Unlock your {0} instantly,1
Standup with colleagues at Standup,0
Verification {0} completed,0
Urgent: Your special bonus will be blocked,1
October attached for last month services,0
Your {0} has been updated,0
Application {0} accepted,0
New opportunity for {0},1
Final notice: {0} expires today,1
You qualified for {0},1
{0} notification alert,1
Your {0} access will be revoked,1
{0} requires immediate action,1
Order {0} shipped,0
Don't miss out on this free shipping,1
Q1 appointment confirmed,0
Permit {0} approved,0
Click to receive your {0},1
Secure your {0} instantly,1
Team {0} scheduled for tomorrow,0
Your exclusive access is about to expire,1
Your hidden benefit is about to expire,1
May team meeting agenda,0
{0} alert from security team,1
Review {0} feedback sent,0
Update dinner tonight at home,0
Training with colleagues at Training,0
Click here to {0},1
Verification {0} completed,0
Review {0} feedback sent,0
Reminder your November is tomorrow,0
{0} pending confirmation,1
Flight {0} departure reminder,0
Expense report {0} submitted,0
Congratulations! Claim your early bird discount today,1
{0} validation needed today,1
Project deadline extended to Monday,0
Claim your free exclusive deal today,1
Workshop newsletter from your favorite blog,0
Verify your inheritance immediately,1
{0} ticket booked,0
Your account requires crypto reward,1
Congratulations! Claim your inheritance today,1
Team {0} scheduled for tomorrow,0
Invoice {0} processed successfully,0
Unlock your {0} instantly,1
{0} has been awarded to you,1
Your {0} request approved,1
Special account suspension just for you,1
New {0} available in your account,0
Reminder your Wednesday is tomorrow,0
{0} alert from security team,1
Click to receive your {0},1
Urgent: Your fraud alert will be blocked,1
Limited time offer: bonus payment,1
Your {0} has been updated,0
Project deadline extended to Forum,0
Exclusive {0} for VIP members,1
Re-activate your {0} account,1
Click here to {0},1
{0} ticket booked,0
Limited time offer: roblox tokens,1
Delivery {0} confirmed,0
{0} pending confirmation,1
{0} requires immediate action,1
Don't miss out on this membership status,1
Click to receive your {0},1
{0} training session scheduled,0
Afternoon newsletter from your favorite blog,0
Document {0} requires your approval,0
Special amazon voucher just for you,1
Contract {0} approved,0
{0} has been awarded to you,1
{0} notification alert,1
Secure your {0} instantly,1
Suspicious activity on your early bird discount,1
{0} report is ready to view,0
Demo appointment confirmed,0
Action required on your {0},1
License {0} renewed,0
Receive {0} by clicking here,1
Your crypto reward is about to expire,1
Review {0} feedback sent,0
You qualified for {0},1
Order {0} shipped,0
Conference newsletter from your favorite blog,0
Your {0} needs attention,1
Congratulations you are selected for {0},1
{0} training session scheduled,0
Verification {0} completed,0
New opportunity for {0},1
Budget {0} approved,0
Action required on your {0},1
Update your inheritance now,1
Get limited edition item with this simple trick,1
Receive {0} by clicking here,1
Review {0} feedback sent,0
Final notice: {0} expires today,1
Meeting scheduled at 4pm,0
{0} validation needed today,1
Click here to {0},1
Don't miss out on this early bird discount,1
Document {0} requires your approval,0
Exclusive {0} for VIP members,1
You qualified for {0},1
Invoice {0} processed successfully,0
Permit {0} approved,0
{0} training session scheduled,0
License {0} renewed,0
Your prize money is about to expire,1
Timesheet {0} recorded,0
Limited time offer: crypto reward,1
Reminder your Q3 is tomorrow,0
Sunday team meeting agenda,0
Calendar invitation for {0},0
6pm attached for last month services,0
Special exclusive access just for you,1
Confirmation {0} email sent,0
Claim your free cash back today,1
{0} report is ready to view,0
Verification {0} completed,0
Budget {0} approved,0
Unlock your {0} instantly,1
Your {0} has been updated,0
{0} alert from security team,1
License {0} renewed,0
{0} opportunity ends today,1
Your {0} has been updated,0
Get account access with this simple trick,1
Flight {0} departure reminder,0
Stop! You are missing out on {0},1
Your {0} needs attention,1
Delivery {0} confirmed,0
Final notice: {0} expires today,1
{0} report is ready to view,0
Permit {0} approved,0
Confirm your {0} details,1
Your personal details is about to expire,1
Unlock your {0} instantly,1
Re-activate your {0} account,1
Stop! You are missing out on {0},1
Contract {0} approved,0
Reminder your November is tomorrow,0
Certificate {0} issued,0
Exclusive {0} for VIP members,1
Permit {0} approved,0
Verification {0} completed,0
Your account requires payment method,1
Payroll {0} processed,0
{0} ticket booked,0
Update your membership status now,1
Status update on {0} project,0
Secure your {0} instantly,1
New opportunity for {0},1
Confirm your {0} details,1
Final notice: {0} expires today,1
Flight {0} departure reminder,0
Project deadline extended to January,0
Act now to get account access,1
Project deadline extended to 6pm,0
Claim {0} within 24 hours,1
Your {0} request approved,1
{0} report is ready to view,0
{0} training session scheduled,0
Verification {0} completed,0
Verify your lottery prize immediately,1
You qualified for {0},1
Your ethereum stake is about to expire,1
{0} training session scheduled,0
Your account suspension is about to expire,1
Document {0} requires your approval,0
Re-activate your {0} account,1
Discussion appointment confirmed,0
Your account requires free shipping,1
Stop! You are missing out on {0},1
Calendar invitation for {0},0
You qualified for {0},1
Unlock your {0} instantly,1
Limited time offer: emergency update,1
Course {0} enrollment confirmed,0
Weekly with colleagues at Weekly,0
Payroll {0} processed,0
Your {0} access will be revoked,1
Invoice {0} processed successfully,0
Your account requires secret offer,1
Performance {0} completed,0
Action required on your {0},1
Get paypal credit with this simple trick,1
Urgent: Your fraud alert will be blocked,1
Your {0} access will be revoked,1
{0} validation needed today,1
Your {0} has been updated,0
Flight {0} departure reminder,0
Click to receive your {0},1
Delivery {0} confirmed,0
{0} opportunity ends today,1
Certificate {0} issued,0
New {0} available in your account,0
Delivery {0} confirmed,0
Special exclusive deal just for you,1
New opportunity for {0},1
Review {0} feedback sent,0
{0} training session scheduled,0
Verify your digital asset immediately,1
Your {0} request approved,1
{0} report is ready to view,0
Secure your {0} instantly,1
Order {0} shipped,0
{0} validation needed today,1
Unlock your {0} instantly,1
Your amazon voucher is about to expire,1
Your {0} request approved,1
Re-activate your {0} account,1
You qualified for {0},1
{0} training session scheduled,0
{0} training session scheduled,0
Update appointment confirmed,0
{0} validation needed today,1
8am with colleagues at 8am,0
Team {0} scheduled for tomorrow,0
{0} alert from security team,1
Review {0} feedback sent,0
Limited time offer: credit card,1
Flight {0} departure reminder,0
{0} pending confirmation,1
Special bitcoin payment just for you,1
Document {0} requires your approval,0
Don't miss out on this money transfer,1
Verification {0} completed,0
Timesheet {0} recorded,0
New {0} available in your account,0
Performance {0} completed,0
Your tax refund is about to expire,1
Feedback appointment confirmed,0
Congratulations! Claim your money transfer today,1
Delivery {0} confirmed,0
{0} pending confirmation,1
Your account requires exclusive access,1
Meeting notes {0} attached,0
Status update on {0} project,0
Order {0} shipped,0
Your {0} subscription renewed,0
Update appointment confirmed,0
Invoice {0} processed successfully,0
Congratulations! Claim your paypal credit today,1
Performance {0} completed,0
September dinner tonight at home,0
{0} report is ready to view,0
License {0} renewed,0
{0} validation needed today,1
Final notice: {0} expires today,1
Document {0} requires your approval,0
Click to receive your {0},1
Meeting notes {0} attached,0
Unlock your {0} instantly,1
Special personal details just for you,1
Confirm your {0} details,1
Don't miss out on this payment confirmation,1
You qualified for {0},1
Complete {0} registration now,1
Click here to {0},1
Verification {0} completed,0
Budget {0} approved,0
Payroll {0} processed,0
Your {0} request approved,1
Permit {0} approved,0
Claim your free digital asset today,1
Document {0} requires your approval,0
Complete {0} registration now,1
Confirmation {0} email sent,0
{0} validation needed today,1
Reminder your February is tomorrow,0
Don't miss out on this itunes gift card,1
Limited time offer: ethereum stake,1
License {0} renewed,0
Course {0} enrollment confirmed,0
You have won bitcoin payment! Click the link now,1
{0} training session scheduled,0
Document {0} requires your approval,0
Timesheet {0} recorded,0
Your {0} subscription renewed,0
License {0} renewed,0
Contract {0} approved,0
Final notice: {0} expires today,1
Urgent: Your hidden benefit will be blocked,1
Urgent: Your cash back will be blocked,1
Action required on your {0},1
Your {0} has been updated,0
Friday newsletter from your favorite blog,0
Payroll {0} processed,0
Flight {0} departure reminder,0
Contract {0} approved,0
{0} ticket booked,0
Your cash back is about to expire,1
Suspicious activity on your exclusive access,1
Q1 attached for last month services,0
Stop! You are missing out on {0},1
Review {0} feedback sent,0
Get investment opportunity with this simple trick,1
{0} alert from security team,1
Meeting scheduled at Q3,0
Hotel {0} reservation confirmed,0
Review {0} feedback sent,0
{0} training session scheduled,0
Application {0} accepted,0
{0} notification alert,1
11am team meeting agenda,0
Final notice: {0} expires today,1
{0} has been awarded to you,1
Your {0} needs attention,1
{0} notification alert,1
Payroll {0} processed,0
Verify your emergency update immediately,1
Your {0} has been updated,0
Click to receive your {0},1
{0} validation needed today,1
Document {0} requires your approval,0
Performance {0} completed,0
Document {0} requires your approval,0
Action required on your {0},1
Your blockchain reward is about to expire,1
Course {0} enrollment confirmed,0
Click here to {0},1
Confirm your {0} details,1
Meeting scheduled at Monthly,0
Delivery {0} confirmed,0
Your {0} has been updated,0
Don't miss out on this paypal credit,1
Urgent: Your instant rebate will be blocked,1
Exclusive {0} for VIP members,1
Course {0} enrollment confirmed,0
Document {0} requires your approval,0
Click to receive your {0},1
Review {0} feedback sent,0
Review {0} feedback sent,0
New opportunity for {0},1
License {0} renewed,0
Secure your {0} instantly,1
Your {0} needs attention,1
Calendar invitation for {0},0
Limited time offer: premium upgrade,1
Team {0} scheduled for tomorrow,0
Training newsletter from your favorite blog,0
Don't miss out on this money transfer,1
Your {0} access will be revoked,1
Complete {0} registration now,1
Your account requires special bonus,1
Re-activate your {0} account,1
You have won tax refund! Click the link now,1
Your {0} access will be revoked,1
Re-activate your {0} account,1
Project deadline extended to Family,0
Invoice attached for last month services,0
Performance {0} completed,0
Stop! You are missing out on {0},1
License {0} renewed,0
Congratulations you are selected for {0},1
Confirm your {0} details,1
Final notice: {0} expires today,1
Verification {0} completed,0
Click to receive your {0},1
Your {0} subscription renewed,0
Don't miss out on this credit card,1
Feedback appointment confirmed,0
Your account requires account suspension,1
Team {0} scheduled for tomorrow,0
Payroll {0} processed,0
Team {0} scheduled for tomorrow,0
Q1 attached for last month services,0
{0} has been awarded to you,1
Click here to {0},1
Permit {0} approved,0
Invoice {0} processed successfully,0
Your {0} request approved,1
Your {0} request approved,1
Confirm your {0} details,1
{0} pending confirmation,1
Secure your {0} instantly,1
Verify your ethereum stake immediately,1
Project deadline extended to Feedback,0
Act now to get bitcoin payment,1
Verification {0} completed,0
Action required on your {0},1
{0} ticket booked,0
Order {0} shipped,0
Limited time offer: gift card,1
Your roblox tokens is about to expire,1
Calendar invitation for {0},0
Payroll {0} processed,0
Flight {0} departure reminder,0
Verify your password immediately,1
Action required on your {0},1
Claim your free unusual activity today,1
Application {0} accepted,0
Unlock your {0} instantly,1
Suspicious activity on your emergency update,1
You qualified for {0},1
{0} pending confirmation,1
Contract {0} approved,0
Confirmation {0} email sent,0
Calendar invitation for {0},0
Don't miss out on this unusual activity,1
{0} validation needed today,1
{0} report is ready to view,0
Application {0} accepted,0
Panel with colleagues at Panel,0
Contract {0} approved,0
Permit {0} approved,0
{0} ticket booked,0
Secure your {0} instantly,1
Update your gift card now,1
Delivery {0} confirmed,0
Evening newsletter from your favorite blog,0
Expense report {0} submitted,0
Update your digital asset now,1
{0} alert from security team,1
Action required on your {0},1
Hotel {0} reservation confirmed,0
Your {0} needs attention,1
{0} ticket booked,0
Q4 team meeting agenda,0
Team {0} scheduled for tomorrow,0
Course {0} enrollment confirmed,0
Invoice {0} processed successfully,0
Invoice {0} processed successfully,0
Reminder your December is tomorrow,0
Exclusive {0} for VIP members,1
Congratulations! Claim your crypto reward today,1
Monday attached for last month services,0
Confirmation with colleagues at Confirmation,0
{0} pending confirmation,1
Timesheet {0} recorded,0
Claim {0} within 24 hours,1
Payroll {0} processed,0
Special crypto reward just for you,1
{0} requires immediate action,1
Unlock your {0} instantly,1
Certificate {0} issued,0
Claim {0} within 24 hours,1
Status update on {0} project,0
Meeting scheduled at June,0
Your wire funds is about to expire,1
Exclusive {0} for VIP members,1
You qualified for {0},1
Contract {0} approved,0
Re-activate your {0} account,1
Invoice {0} processed successfully,0
Timesheet {0} recorded,0
Get cash back with this simple trick,1
Review {0} feedback sent,0
{0} requires immediate action,1
Exclusive {0} for VIP members,1
Invoice {0} processed successfully,0
New opportunity for {0},1
Budget {0} approved,0
Act now to get cash back,1
Monday attached for last month services,0
Claim your free hidden benefit today,1
Workshop with colleagues at Workshop,0
Your account requires blockchain reward,1
Your {0} password expires soon,0
Performance {0} completed,0
Verify your security code immediately,1
Meeting notes {0} attached,0
Afternoon newsletter from your favorite blog,0
Timesheet {0} recorded,0
Unlock your {0} instantly,1
{0} opportunity ends today,1
Stop! You are missing out on {0},1
Claim your free account access today,1
Budget {0} approved,0
Click to receive your {0},1
Team {0} scheduled for tomorrow,0
Action required on your {0},1
Your {0} access will be revoked,1
2pm with colleagues at 2pm,0
Urgent: Your roblox tokens will be blocked,1
You qualified for {0},1
Order {0} shipped,0
Discussion attached for last month services,0
Act now to get password,1
Final notice: {0} expires today,1
Your {0} password expires soon,0
Your amazon voucher is about to expire,1
Action required on your {0},1
Certificate {0} issued,0
Delivery {0} confirmed,0
Team {0} scheduled for tomorrow,0
February dinner tonight at home,0
Your tax refund is about to expire,1
Claim your free free vacation today,1
Suspicious activity on your itunes gift card,1
Flight {0} departure reminder,0
Your {0} needs attention,1
Meeting scheduled at 4pm,0
Act now to get password,1
Claim {0} within 24 hours,1
Limited time offer: nft collection,1
Claim your free membership status today,1
Action required on your {0},1
Verification {0} completed,0
Act now to get prize money,1
New opportunity for {0},1
Reminder your 3pm is tomorrow,0
October attached for last month services,0
Status update on {0} project,0
Your {0} access will be revoked,1
{0} training session scheduled,0
Claim your free steam wallet today,1
Certificate {0} issued,0
{0} has been awarded to you,1
Schedule with colleagues at Schedule,0
Limited time offer: exclusive deal,1
Status update on {0} project,0
Exclusive {0} for VIP members,1
Your {0} subscription renewed,0
{0} pending confirmation,1
Calendar invitation for {0},0
Verify your payment confirmation immediately,1
Meeting scheduled at Feedback,0
Your {0} password expires soon,0
Re-activate your {0} account,1
Your {0} has been updated,0
Monday newsletter from your favorite blog,0
Click here to {0},1
January with colleagues at January,0
Payroll {0} processed,0
{0} training session scheduled,0
Click here to {0},1
Claim {0} within 24 hours,1
Unlock your {0} instantly,1
{0} pending confirmation,1
Update with colleagues at Update,0
{0} notification alert,1
Flight {0} departure reminder,0
Timesheet {0} recorded,0
Your {0} subscription renewed,0
Don't miss out on this nft collection,1
Don't miss out on this account suspension,1
Claim your free limited edition item today,1
{0} pending confirmation,1
Team {0} scheduled for tomorrow,0
Your account access is about to expire,1
Webinar appointment confirmed,0
Meeting scheduled at Tuesday,0
Confirm your {0} details,1
{0} opportunity ends today,1
{0} validation needed today,1
{0} opportunity ends today,1
{0} ticket booked,0
Re-activate your {0} account,1
Exclusive {0} for VIP members,1
Re-activate your {0} account,1
Your {0} password expires soon,0
Confirmation {0} email sent,0
Application {0} accepted,0
{0} notification alert,1
Team {0} scheduled for tomorrow,0
Click here to {0},1
{0} opportunity ends today,1
You have won exclusive deal! Click the link now,1
Review {0} feedback sent,0
{0} validation needed today,1
Receive {0} by clicking here,1
Secure your {0} instantly,1
Verification {0} completed,0
Update your steam wallet now,1
{0} pending confirmation,1
Performance {0} completed,0
Secure your {0} instantly,1
Verify your free shipping immediately,1
Performance {0} completed,0
Limited time offer: unusual activity,1
Review newsletter from your favorite blog,0
{0} opportunity ends today,1
Your {0} password expires soon,0
You qualified for {0},1
Application {0} accepted,0
2026 team meeting agenda,0
Application {0} accepted,0
Final notice: {0} expires today,1
Calendar invitation for {0},0
Get payment method with this simple trick,1
Exclusive {0} for VIP members,1
Course {0} enrollment confirmed,0
Permit {0} approved,0
Final notice: {0} expires today,1
{0} alert from security team,1
Special premium upgrade just for you,1
Confirm your {0} details,1
Special free shipping just for you,1
Contract {0} approved,0
Schedule newsletter from your favorite blog,0
Flight {0} departure reminder,0
Re-activate your {0} account,1
Meeting notes {0} attached,0
{0} has been awarded to you,1
Stop! You are missing out on {0},1
{0} alert from security team,1
Verify your money transfer immediately,1
Payroll {0} processed,0
Expense report {0} submitted,0
Budget {0} approved,0
Unlock your {0} instantly,1
Hotel {0} reservation confirmed,0
Verification {0} completed,0
Document {0} requires your approval,0
Congratulations you are selected for {0},1
Verify your account suspension immediately,1
Verification {0} completed,0
Confirmation {0} email sent,0
Document {0} requires your approval,0
Project deadline extended to Q3,0
July with colleagues at July,0
Urgent: Your security code will be blocked,1
Order {0} shipped,0
Final notice: {0} expires today,1
Invoice {0} processed successfully,0
3pm team meeting agenda,0
Application {0} accepted,0
Team {0} scheduled for tomorrow,0
{0} ticket booked,0
Suspicious activity on your secret offer,1
Status update on {0} project,0
Urgent: Your personal details will be blocked,1
Act now to get free vacation,1
Reminder your Training is tomorrow,0
Budget {0} approved,0
Performance {0} completed,0
Exclusive {0} for VIP members,1
Action required on your {0},1
New {0} available in your account,0
Limited time offer: free shipping,1
Get special bonus with this simple trick,1
Click to receive your {0},1
New opportunity for {0},1
Congratulations you are selected for {0},1
Status update on {0} project,0
You qualified for {0},1
Verification {0} completed,0
Team {0} scheduled for tomorrow,0
Your {0} access will be revoked,1
{0} training session scheduled,0
Expense report {0} submitted,0
Special secret offer just for you,1
Confirmation {0} email sent,0
Your {0} has been updated,0
Meeting scheduled at February,0
Congratulations! Claim your emergency update today,1
Invoice {0} processed successfully,0
Your account requires membership status,1
Budget {0} approved,0
Your {0} has been updated,0
Meeting scheduled at May,0
Your {0} has been updated,0
Your {0} subscription renewed,0
Your free shipping is about to expire,1
{0} requires immediate action,1
Contract {0} approved,0
Hotel {0} reservation confirmed,0
Unlock your {0} instantly,1
{0} notification alert,1
Limited time offer: free vacation,1
{0} alert from security team,1
Panel appointment confirmed,0
Your account requires payment method,1
Click to receive your {0},1
Stop! You are missing out on {0},1
You qualified for {0},1
{0} requires immediate action,1
Final notice: {0} expires today,1
{0} has been awarded to you,1
You have won amazon voucher! Click the link now,1
Meeting notes {0} attached,0
Delivery {0} confirmed,0
New {0} available in your account,0
Congratulations! Claim your bank account today,1
Confirmation {0} email sent,0
Re-activate your {0} account,1
Your {0} password expires soon,0
Your {0} password expires soon,0
{0} report is ready to view,0
Verify your ethereum stake immediately,1
Suspicious activity on your tax refund,1
Order {0} shipped,0
{0} requires immediate action,1
Review {0} feedback sent,0
{0} ticket booked,0
{0} ticket booked,0
Document {0} requires your approval,0
Verification {0} completed,0
Your {0} subscription renewed,0
Get paypal credit with this simple trick,1
You qualified for {0},1
Your account requires digital asset,1
Delivery {0} confirmed,0
Contract {0} approved,0
{0} has been awarded to you,1
Document {0} requires your approval,0
Your cash back is about to expire,1
Hotel {0} reservation confirmed,0
Your account requires security code,1
Claim {0} within 24 hours,1
Urgent: Your unlimited credits will be blocked,1
Limited time offer: bitcoin payment,1
Certificate {0} issued,0
Budget {0} approved,0
You qualified for {0},1
New {0} available in your account,0
Performance {0} completed,0
Certificate {0} issued,0
Your {0} needs attention,1
Confirm your {0} details,1
Your {0} access will be revoked,1
Delivery {0} confirmed,0
Confirm your {0} details,1
Unlock your {0} instantly,1
Get roblox tokens with this simple trick,1
{0} notification alert,1
Verification {0} completed,0
Permit {0} approved,0
Claim {0} within 24 hours,1
Confirmation {0} email sent,0
Special tax refund just for you,1
Your instant rebate is about to expire,1
Exclusive {0} for VIP members,1
Budget {0} approved,0
{0} ticket booked,0
Claim {0} within 24 hours,1
Unlock your {0} instantly,1
Click here to {0},1
Your {0} access will be revoked,1
Team {0} scheduled for tomorrow,0
Unlock your {0} instantly,1
Click here to {0},1
Flight {0} departure reminder,0
Delivery {0} confirmed,0
New {0} available in your account,0
You qualified for {0},1
{0} ticket booked,0
Suspicious activity on your blockchain reward,1
Secure your {0} instantly,1
{0} opportunity ends today,1
Don't miss out on this payment confirmation,1
{0} notification alert,1
Complete {0} registration now,1
Certificate {0} issued,0
{0} notification alert,1
Don't miss out on this unusual activity,1
You have won personal details! Click the link now,1
Order {0} shipped,0
Click here to {0},1
Limited time offer: secret offer,1
Expense report {0} submitted,0
Project deadline extended to Family,0
Meeting scheduled at Q2,0
Team {0} scheduled for tomorrow,0
Get limited edition item with this simple trick,1
{0} notification alert,1
Claim {0} within 24 hours,1
10am team meeting agenda,0
Secure your {0} instantly,1
Urgent: Your wire funds will be blocked,1
Suspicious activity on your itunes gift card,1
Confirmation {0} email sent,0
{0} requires immediate action,1
Team {0} scheduled for tomorrow,0
Status update on {0} project,0
{0} alert from security team,1
Claim {0} within 24 hours,1
Contract {0} approved,0
Verify your password immediately,1
Performance {0} completed,0
Limited time offer: digital asset,1
{0} pending confirmation,1
Meeting scheduled at 2pm,0
Meeting scheduled at Kickoff,0
You have won payment method! Click the link now,1
Order {0} shipped,0
You qualified for {0},1
Action required on your {0},1
{0} training session scheduled,0
Standup dinner tonight at home,0
Permit {0} approved,0
Exclusive {0} for VIP members,1
{0} validation needed today,1
Limited time offer: early bird discount,1
New opportunity for {0},1
Review {0} feedback sent,0
{0} requires immediate action,1
New {0} available in your account,0
Your {0} subscription renewed,0
Secure your {0} instantly,1
Confirmation {0} email sent,0
Feedback dinner tonight at home,0
New opportunity for {0},1
February newsletter from your favorite blog,0
Hotel {0} reservation confirmed,0
Unlock your {0} instantly,1
Congratulations! Claim your bonus payment today,1
{0} alert from security team,1
Claim {0} within 24 hours,1
{0} opportunity ends today,1
You qualified for {0},1
Receive {0} by clicking here,1
Course {0} enrollment confirmed,0
Timesheet {0} recorded,0
Expense report {0} submitted,0
Your {0} needs attention,1
Morning appointment confirmed,0
Verify your hidden benefit immediately,1
Urgent: Your paypal credit will be blocked,1
Limited time offer: ethereum stake,1
Update dinner tonight at home,0
Project deadline extended to Session,0
Order {0} shipped,0
Team {0} scheduled for tomorrow,0
Limited time offer: roblox tokens,1
Special account suspension just for you,1
Act now to get steam wallet,1
Get ethereum stake with this simple trick,1
{0} training session scheduled,0
Your {0} request approved,1
Your {0} access will be revoked,1
Exclusive {0} for VIP members,1
{0} opportunity ends today,1
{0} notification alert,1
Re-activate your {0} account,1
{0} report is ready to view,0
Team {0} scheduled for tomorrow,0
Permit {0} approved,0
Performance {0} completed,0
{0} training session scheduled,0
Order {0} shipped,0
Urgent: Your exclusive deal will be blocked,1
Receive {0} by clicking here,1
{0} opportunity ends today,1
Your {0} access will be revoked,1
Saturday attached for last month services,0
Contract {0} approved,0
{0} training session scheduled,0
Meeting scheduled at Schedule,0
Verification {0} completed,0
{0} requires immediate action,1
Claim your free membership status today,1
Reminder your Invoice is tomorrow,0
Secure your {0} instantly,1
Contract {0} approved,0
Document {0} requires your approval,0
{0} ticket booked,0
Claim your free premium upgrade today,1
Course {0} enrollment confirmed,0
Your {0} password expires soon,0
Document {0} requires your approval,0
Weekly newsletter from your favorite blog,0
Update your steam wallet now,1
Payroll {0} processed,0
Act now to get itunes gift card,1
You qualified for {0},1
Application {0} accepted,0
Project deadline extended to November,0
Performance {0} completed,0
Permit {0} approved,0
Payroll {0} processed,0
Your gift card is about to expire,1
Re-activate your {0} account,1
Click here to {0},1
Verify your steam wallet immediately,1
Order {0} shipped,0
Feedback dinner tonight at home,0
{0} requires immediate action,1
Certificate {0} issued,0
Secure your {0} instantly,1
Workshop team meeting agenda,0
New {0} available in your account,0
Congratulations! Claim your security code today,1
Confirmation {0} email sent,0
Your {0} access will be revoked,1
Click to receive your {0},1
Course {0} enrollment confirmed,0
Complete {0} registration now,1
Course {0} enrollment confirmed,0
Team {0} scheduled for tomorrow,0
Complete {0} registration now,1
Click to receive your {0},1
Performance {0} completed,0
{0} notification alert,1
Hotel {0} reservation confirmed,0
{0} ticket booked,0
Click to receive your {0},1
Budget {0} approved,0
Timesheet {0} recorded,0
Contract {0} approved,0
{0} alert from security team,1
Afternoon team meeting agenda,0
Your {0} request approved,1
Get instant rebate with this simple trick,1
Confirm your {0} details,1
Click here to {0},1
New {0} available in your account,0
Hotel {0} reservation confirmed,0
{0} ticket booked,0
Contract {0} approved,0
Click to receive your {0},1
Project deadline extended to Q3,0
Class appointment confirmed,0
Your {0} subscription renewed,0
Get emergency update with this simple trick,1
Get hidden benefit with this simple trick,1
Review {0} feedback sent,0
{0} alert from security team,1
Performance {0} completed,0
Expense report {0} submitted,0
Status update on {0} project,0
Monday team meeting agenda,0
Update your prize money now,1
Stop! You are missing out on {0},1
Course {0} enrollment confirmed,0
{0} requires immediate action,1
Urgent: Your account access will be blocked,1
Stop! You are missing out on {0},1
Exclusive {0} for VIP members,1
Exclusive {0} for VIP members,1
{0} has been awarded to you,1
Your {0} has been updated,0
Click here to {0},1
Confirmation {0} email sent,0
Meeting notes {0} attached,0
Payroll {0} processed,0
Webinar dinner tonight at home,0
Sunday dinner tonight at home,0
Your {0} request approved,1
{0} pending confirmation,1
Project deadline extended to Q4,0
Budget {0} approved,0
Meeting scheduled at 3pm,0
Receive {0} by clicking here,1
Your {0} request approved,1
Course {0} enrollment confirmed,0
Your {0} needs attention,1
Your {0} needs attention,1
Permit {0} approved,0
Secure your {0} instantly,1
Training appointment confirmed,0
Special password just for you,1
Flight {0} departure reminder,0
Verify your payment method immediately,1
Order {0} shipped,0
{0} training session scheduled,0
Flight {0} departure reminder,0
Afternoon newsletter from your favorite blog,0
Certificate {0} issued,0
Calendar invitation for {0},0
Final notice: {0} expires today,1
{0} training session scheduled,0
{0} training session scheduled,0
Act now to get money transfer,1
Click to receive your {0},1
{0} alert from security team,1
{0} report is ready to view,0
Flight {0} departure reminder,0
{0} validation needed today,1
{0} training session scheduled,0
Team {0} scheduled for tomorrow,0
Your {0} subscription renewed,0
Don't miss out on this lottery prize,1
Seminar attached for last month services,0
Order {0} shipped,0
Final notice: {0} expires today,1
Receive {0} by clicking here,1
Permit {0} approved,0
{0} requires immediate action,1
You have won special bonus! Click the link now,1
Verification {0} completed,0
Get free vacation with this simple trick,1
Flight {0} departure reminder,0
Presentation appointment confirmed,0
Claim your free exclusive deal today,1
Claim {0} within 24 hours,1
Confirmation {0} email sent,0
Get exclusive access with this simple trick,1
Order {0} shipped,0
9am dinner tonight at home,0
Timesheet {0} recorded,0
Calendar invitation for {0},0
Project deadline extended to Sunday,0
Timesheet {0} recorded,0
Reminder your 4pm is tomorrow,0
{0} notification alert,1
Act now to get exclusive deal,1
Limited time offer: account suspension,1
Limited time offer: prize money,1
Flight {0} departure reminder,0
Permit {0} approved,0
Verify your early bird discount immediately,1
Hotel {0} reservation confirmed,0
Expense report {0} submitted,0
Friday with colleagues at Friday,0
{0} validation needed today,1
Order {0} shipped,0
{0} training session scheduled,0
Suspicious activity on your exclusive deal,1
Performance {0} completed,0
Application {0} accepted,0
Re-activate your {0} account,1
Performance {0} completed,0
Your {0} has been updated,0
Status update on {0} project,0
Urgent: Your exclusive access will be blocked,1
Payroll {0} processed,0
{0} notification alert,1
Meeting notes {0} attached,0
Project deadline extended to Retrospective,0
Your {0} has been updated,0
Get bonus payment with this simple trick,1
Your {0} subscription renewed,0
Confirm your {0} details,1
Your account requires bitcoin payment,1
Congratulations! Claim your limited edition item today,1
Meeting notes {0} attached,0
Budget appointment confirmed,0
{0} notification alert,1
Congratulations! Claim your special bonus today,1
Team {0} scheduled for tomorrow,0
{0} pending confirmation,1
Your {0} access will be revoked,1
Course {0} enrollment confirmed,0
New {0} available in your account,0
Suspicious activity on your hidden benefit,1
Receive {0} by clicking here,1
{0} report is ready to view,0
{0} has been awarded to you,1
Act now to get nft collection,1
Claim {0} within 24 hours,1
Verification {0} completed,0
Verify your account access immediately,1
Q3 appointment confirmed,0
Complete {0} registration now,1
{0} opportunity ends today,1
Reminder your 3pm is tomorrow,0
Congratulations you are selected for {0},1
Flight {0} departure reminder,0
Click here to {0},1
{0} notification alert,1
Invoice {0} processed successfully,0
Your {0} request approved,1
Suspicious activity on your premium upgrade,1
Your {0} request approved,1
Click here to {0},1
Complete {0} registration now,1
You have won inheritance! Click the link now,1
Course {0} enrollment confirmed,0
{0} requires immediate action,1
Act now to get lottery prize,1
Delivery {0} confirmed,0
Your {0} needs attention,1
New {0} available in your account,0
{0} training session scheduled,0
Hotel {0} reservation confirmed,0
Timesheet {0} recorded,0
Reminder your 11am is tomorrow,0
Verification {0} completed,0
Action required on your {0},1
Your unusual activity is about to expire,1
Status update on {0} project,0
Congratulations you are selected for {0},1
Your {0} needs attention,1
Contract {0} approved,0
{0} alert from security team,1
Re-activate your {0} account,1
Your {0} request approved,1
Review {0} feedback sent,0
Stop! You are missing out on {0},1
New opportunity for {0},1
Claim {0} within 24 hours,1
Contract {0} approved,0
Verification {0} completed,0
Your {0} access will be revoked,1
Congratulations! Claim your secret offer today,1
Permit {0} approved,0
Urgent: Your investment opportunity will be blocked,1
6pm team meeting agenda,0
Flight {0} departure reminder,0
Your account requires ethereum stake,1
Expense report {0} submitted,0
Verification {0} completed,0
{0} has been awarded to you,1
Permit {0} approved,0
{0} report is ready to view,0
{0} pending confirmation,1
Confirm your {0} details,1
Claim your free gift card today,1
Invoice {0} processed successfully,0
Certificate {0} issued,0
Course {0} enrollment confirmed,0
License {0} renewed,0
Delivery {0} confirmed,0
{0} requires immediate action,1
Payroll {0} processed,0
{0} pending confirmation,1
{0} requires immediate action,1
Document {0} requires your approval,0
You qualified for {0},1
Special fraud alert just for you,1
Reminder your 7am is tomorrow,0
Stop! You are missing out on {0},1
{0} has been awarded to you,1
Your {0} subscription renewed,0
Verification {0} completed,0
Course {0} enrollment confirmed,0
Action required on your {0},1
Standup newsletter from your favorite blog,0
Click to receive your {0},1
Course {0} enrollment confirmed,0
Hotel {0} reservation confirmed,0
Flight {0} departure reminder,0
Certificate {0} issued,0
Session dinner tonight at home,0
{0} validation needed today,1
Meeting notes {0} attached,0
Verification {0} completed,0
Claim {0} within 24 hours,1
Meeting notes {0} attached,0
Your {0} subscription renewed,0
Your {0} subscription renewed,0
Exclusive {0} for VIP members,1
Timesheet {0} recorded,0
Congratulations you are selected for {0},1
Click here to {0},1
Status update on {0} project,0
Stop! You are missing out on {0},1
Your {0} subscription renewed,0
Confirmation {0} email sent,0
Sunday dinner tonight at home,0
You have won hidden benefit! Click the link now,1
Special secret offer just for you,1
Get instant rebate with this simple trick,1
Congratulations you are selected for {0},1
Complete {0} registration now,1
Limited time offer: bonus payment,1
Unlock your {0} instantly,1
Limited time offer: ethereum stake,1
Update your paypal credit now,1
Performance {0} completed,0
Your {0} needs attention,1
Confirmation {0} email sent,0
Review {0} feedback sent,0
Limited time offer: lottery prize,1
Calendar invitation for {0},0
Special personal details just for you,1
Your {0} access will be revoked,1
Invoice {0} processed successfully,0
You have won premium upgrade! Click the link now,1
Your password is about to expire,1
Your {0} request approved,1
Claim your free verification required today,1
Meeting notes {0} attached,0
Application {0} accepted,0
{0} notification alert,1
Confirm your {0} details,1
Course {0} enrollment confirmed,0
Performance {0} completed,0
Your account requires free shipping,1
Don't miss out on this blockchain reward,1
{0} pending confirmation,1
Expense report {0} submitted,0
Permit {0} approved,0
{0} alert from security team,1
Congratulations you are selected for {0},1
{0} pending confirmation,1
{0} pending confirmation,1
Flight {0} departure reminder,0
Application {0} accepted,0
Your {0} has been updated,0
Status update on {0} project,0
Standup attached for last month services,0
Action required on your {0},1
Contract {0} approved,0
License {0} renewed,0
Flight {0} departure reminder,0
Your {0} subscription renewed,0
Action required on your {0},1
{0} training session scheduled,0
{0} has been awarded to you,1
{0} requires immediate action,1
Permit {0} approved,0
{0} alert from security team,1
Timesheet {0} recorded,0
You have won payment method! Click the link now,1
Order {0} shipped,0
Claim your free free shipping today,1
Action required on your {0},1
Contract {0} approved,0
Hotel {0} reservation confirmed,0
Expense report {0} submitted,0
Click here to {0},1
Act now to get lottery prize,1
Team {0} scheduled for tomorrow,0
You have won roblox tokens! Click the link now,1
Timesheet {0} recorded,0
Verification {0} completed,0
Your {0} subscription renewed,0
Claim {0} within 24 hours,1
Team {0} scheduled for tomorrow,0
Your {0} password expires soon,0
Action required on your {0},1
Congratulations you are selected for {0},1
Presentation team meeting agenda,0
Suspicious activity on your free vacation,1
Suspicious activity on your secret offer,1
Your {0} password expires soon,0
Delivery {0} confirmed,0
Unlock your {0} instantly,1
Congratulations! Claim your limited edition item today,1
Your {0} has been updated,0
{0} report is ready to view,0
Calendar invitation for {0},0
New {0} available in your account,0
Suspicious activity on your nft collection,1
Your account suspension is about to expire,1
You qualified for {0},1
Order {0} shipped,0
Confirmation {0} email sent,0
Your {0} subscription renewed,0
Permit {0} approved,0
Act now to get exclusive deal,1
Your account requires verification required,1
Your {0} password expires soon,0
Reminder your 3pm is tomorrow,0
Claim {0} within 24 hours,1
Update your premium upgrade now,1
Confirmation {0} email sent,0
Your {0} request approved,1
New {0} available in your account,0
{0} notification alert,1
Special secret offer just for you,1
Your {0} request approved,1
Don't miss out on this gift card,1
Your {0} access will be revoked,1
Claim {0} within 24 hours,1
Your {0} has been updated,0
Unlock your {0} instantly,1
6pm appointment confirmed,0
Calendar invitation for {0},0
{0} opportunity ends today,1
Confirmation {0} email sent,0
Your {0} password expires soon,0
Your emergency update is about to expire,1
Morning with colleagues at Morning,0
Permit {0} approved,0
Delivery {0} confirmed,0
February appointment confirmed,0
Application {0} accepted,0
{0} has been awarded to you,1
Document {0} requires your approval,0
Document {0} requires your approval,0
Act now to get cash back,1
Meeting notes {0} attached,0
Get crypto reward with this simple trick,1
Get wire funds with this simple trick,1
Timesheet {0} recorded,0
Your {0} subscription renewed,0
Your {0} access will be revoked,1
{0} training session scheduled,0
Special crypto reward just for you,1
{0} opportunity ends today,1
Certificate {0} issued,0
Get crypto reward with this simple trick,1
Your paypal credit is about to expire,1
Course {0} enrollment confirmed,0
{0} pending confirmation,1
Payroll {0} processed,0
Confirm your {0} details,1
Receive {0} by clicking here,1
Timesheet {0} recorded,0
Payroll {0} processed,0
Performance {0} completed,0
Get lottery prize with this simple trick,1
Hotel {0} reservation confirmed,0
New opportunity for {0},1
Project deadline extended to October,0
{0} notification alert,1
Final notice: {0} expires today,1
Presentation dinner tonight at home,0
{0} ticket booked,0
Your {0} subscription renewed,0
Budget {0} approved,0
Performance {0} completed,0
Unlock your {0} instantly,1
Verify your free shipping immediately,1
Confirm your {0} details,1
Stop! You are missing out on {0},1
{0} notification alert,1
Confirmation {0} email sent,0
{0} pending confirmation,1
Document {0} requires your approval,0
{0} requires immediate action,1
Don't miss out on this lottery prize,1
{0} opportunity ends today,1
Get bank account with this simple trick,1
Your {0} needs attention,1
Act now to get crypto reward,1
Class team meeting agenda,0
Claim {0} within 24 hours,1
Your {0} has been updated,0
Your {0} access will be revoked,1
Special early bird discount just for you,1
Your {0} password expires soon,0
New {0} available in your account,0
Don't miss out on this ethereum stake,1
Urgent: Your premium upgrade will be blocked,1
Flight {0} departure reminder,0
Complete {0} registration now,1
{0} report is ready to view,0
{0} pending confirmation,1
Delivery {0} confirmed,0
Payroll {0} processed,0
{0} ticket booked,0
Verification {0} completed,0
Presentation dinner tonight at home,0
Congratulations! Claim your fraud alert today,1
Suspicious activity on your password,1
3pm dinner tonight at home,0
Timesheet {0} recorded,0
Act now to get security code,1
Presentation newsletter from your favorite blog,0
4pm with colleagues at 4pm,0
Budget {0} approved,0
Expense report {0} submitted,0
Congratulations you are selected for {0},1
Presentation attached for last month services,0
Your {0} needs attention,1
Complete {0} registration now,1
Certificate {0} issued,0
{0} opportunity ends today,1
Special roblox tokens just for you,1
Permit {0} approved,0
Urgent: Your wire funds will be blocked,1
{0} opportunity ends today,1
{0} training session scheduled,0
Re-activate your {0} account,1
Permit {0} approved,0
Meeting notes {0} attached,0
Contract {0} approved,0
Reminder your Team is tomorrow,0
Suspicious activity on your inheritance,1
Click here to {0},1
Click here to {0},1
Update your prize money now,1
{0} has been awarded to you,1
Meeting scheduled at Monthly,0
Update your gift card now,1
{0} ticket booked,0
{0} pending confirmation,1
Payroll {0} processed,0
Document {0} requires your approval,0
Stop! You are missing out on {0},1
Click to receive your {0},1
Claim {0} within 24 hours,1
Re-activate your {0} account,1
Your {0} password expires soon,0
Claim {0} within 24 hours,1
{0} has been awarded to you,1
Click here to {0},1
5pm attached for last month services,0
Your {0} request approved,1
Verification {0} completed,0
Your {0} needs attention,1
5pm dinner tonight at home,0
Suspicious activity on your premium upgrade,1
Contract {0} approved,0
{0} alert from security team,1
{0} ticket booked,0
Your {0} has been updated,0
Document {0} requires your approval,0
{0} ticket booked,0
Agenda with colleagues at Agenda,0
Course {0} enrollment confirmed,0
{0} pending confirmation,1
Status update on {0} project,0
Payroll {0} processed,0
Don't miss out on this bitcoin payment,1
Reminder your Morning is tomorrow,0
Stop! You are missing out on {0},1
Flight {0} departure reminder,0
Application {0} accepted,0
Limited time offer: personal details,1
Certificate {0} issued,0
Action required on your {0},1
Flight {0} departure reminder,0
Your {0} subscription renewed,0
Meeting scheduled at Review,0
{0} pending confirmation,1
Meeting notes {0} attached,0
Your {0} has been updated,0
Click to receive your {0},1
Your {0} needs attention,1
{0} opportunity ends today,1
Special personal details just for you,1
Application {0} accepted,0
Document {0} requires your approval,0
January attached for last month services,0
Budget {0} approved,0
10am dinner tonight at home,0
Your account requires payment confirmation,1
License {0} renewed,0
Action required on your {0},1
{0} training session scheduled,0
Contract {0} approved,0
Action required on your {0},1
Confirm your {0} details,1
You have won blockchain reward! Click the link now,1
Secure your {0} instantly,1
Team {0} scheduled for tomorrow,0
Get account suspension with this simple trick,1
Congratulations you are selected for {0},1
{0} report is ready to view,0
Urgent: Your personal details will be blocked,1
Your {0} access will be revoked,1
Meeting notes {0} attached,0
Timesheet {0} recorded,0
Review {0} feedback sent,0
{0} report is ready to view,0
{0} opportunity ends today,1
Verification {0} completed,0
Invoice {0} processed successfully,0
Complete {0} registration now,1
Your {0} access will be revoked,1
Limited time offer: secret offer,1
You qualified for {0},1
Limited time offer: exclusive access,1
Flight {0} departure reminder,0
Get free vacation with this simple trick,1
Stop! You are missing out on {0},1
Act now to get personal details,1
Project deadline extended to November,0
Click to receive your {0},1
Reminder your Morning is tomorrow,0
You have won bitcoin payment! Click the link now,1
Your {0} has been updated,0
Invoice {0} processed successfully,0
Reminder your May is tomorrow,0
Order {0} shipped,0
Your {0} access will be revoked,1
New {0} available in your account,0
Final notice: {0} expires today,1
{0} training session scheduled,0
Unlock your {0} instantly,1
Congratulations you are selected for {0},1
Calendar invitation for {0},0
Claim {0} within 24 hours,1
{0} has been awarded to you,1
{0} opportunity ends today,1
{0} opportunity ends today,1
Click to receive your {0},1
2026 team meeting agenda,0
Special bitcoin payment just for you,1
Exclusive {0} for VIP members,1
Permit {0} approved,0
Verification {0} completed,0
Action required on your {0},1
Special bank account just for you,1
June team meeting agenda,0
{0} alert from security team,1
Confirm your {0} details,1
Course {0} enrollment confirmed,0
Meeting scheduled at May,0
Don't miss out on this steam wallet,1
{0} notification alert,1
{0} pending confirmation,1
{0} ticket booked,0
Action required on your {0},1
Certificate {0} issued,0
{0} validation needed today,1
Congratulations! Claim your bitcoin payment today,1
Verification {0} completed,0
Congratulations! Claim your verification required today,1
Verification {0} completed,0
{0} opportunity ends today,1
Reminder your June is tomorrow,0
Action required on your {0},1
{0} requires immediate action,1
Meeting scheduled at October,0
Confirmation dinner tonight at home,0
Meeting notes {0} attached,0
Action required on your {0},1
New opportunity for {0},1
Weekly newsletter from your favorite blog,0
Suspicious activity on your password,1
New opportunity for {0},1
Budget {0} approved,0
Hotel {0} reservation confirmed,0
Contract {0} approved,0
Re-activate your {0} account,1
Your {0} request approved,1
Meeting scheduled at Tuesday,0
Budget {0} approved,0
Your account requires bank account,1
Project deadline extended to November,0
Act now to get free vacation,1
Click to receive your {0},1
Your {0} request approved,1
Your {0} access will be revoked,1
Congratulations you are selected for {0},1
{0} report is ready to view,0
Click to receive your {0},1
Monday newsletter from your favorite blog,0
Flight {0} departure reminder,0
Contract {0} approved,0
Reminder your 6pm is tomorrow,0
Your security code is about to expire,1
Receipt attached for last month services,0
Secure your {0} instantly,1
Stop! You are missing out on {0},1
Act now to get payment method,1
Exclusive {0} for VIP members,1
Budget {0} approved,0
Your {0} needs attention,1
Click to receive your {0},1
Your ethereum stake is about to expire,1
4pm dinner tonight at home,0
Click here to {0},1
{0} opportunity ends today,1
Status update on {0} project,0
License {0} renewed,0
Budget {0} approved,0
Limited time offer: itunes gift card,1
Your account requires steam wallet,1
Claim {0} within 24 hours,1
Claim your free steam wallet today,1
{0} validation needed today,1
You have won nft collection! Click the link now,1
Claim your free fraud alert today,1
Confirmation {0} email sent,0
Review {0} feedback sent,0
Hotel {0} reservation confirmed,0
Claim your free nft collection today,1
Stop! You are missing out on {0},1
Verification {0} completed,0
Discussion newsletter from your favorite blog,0
Verification {0} completed,0
Congratulations! Claim your prize money today,1
Act now to get secret offer,1
Performance {0} completed,0
Verification {0} completed,0
Contract {0} approved,0
Your {0} access will be revoked,1
Complete {0} registration now,1
Your account requires prize money,1
Your {0} subscription renewed,0
{0} ticket booked,0
Permit {0} approved,0
Urgent: Your steam wallet will be blocked,1
{0} opportunity ends today,1
Monthly appointment confirmed,0
Order {0} shipped,0
Your {0} needs attention,1
{0} opportunity ends today,1
Confirm your {0} details,1
{0} ticket booked,0
Application {0} accepted,0
Budget {0} approved,0
Click here to {0},1
{0} pending confirmation,1
Final notice: {0} expires today,1
Your {0} password expires soon,0
Delivery {0} confirmed,0
Project deadline extended to September,0
Click to receive your {0},1
Your {0} password expires soon,0
Friday with colleagues at Friday,0
Calendar invitation for {0},0
September team meeting agenda,0
{0} training session scheduled,0
Verify your itunes gift card immediately,1
{0} ticket booked,0
Claim your free itunes gift card today,1
Review dinner tonight at home,0
{0} requires immediate action,1
Action required on your {0},1
Verify your cash back immediately,1
Invoice {0} processed successfully,0
Meeting scheduled at Invoice,0
Unlock your {0} instantly,1
Invoice {0} processed successfully,0
Act now to get emergency update,1
{0} report is ready to view,0
{0} requires immediate action,1
{0} report is ready to view,0
Update your bonus payment now,1
Your {0} request approved,1
Workshop appointment confirmed,0
Certificate {0} issued,0
Unlock your {0} instantly,1
Delivery {0} confirmed,0
Performance {0} completed,0
Action required on your {0},1
Your lottery prize is about to expire,1
Confirmation {0} email sent,0
Your {0} password expires soon,0
Reminder your 11am is tomorrow,0
{0} has been awarded to you,1
{0} validation needed today,1
Act now to get nft collection,1
New {0} available in your account,0
Your payment method is about to expire,1
Thursday dinner tonight at home,0
Exclusive {0} for VIP members,1
Urgent: Your credit card will be blocked,1
Your {0} access will be revoked,1
Congratulations you are selected for {0},1
Your {0} access will be revoked,1
Click here to {0},1
Reminder your 11am is tomorrow,0
You have won free vacation! Click the link now,1
Team {0} scheduled for tomorrow,0
Contract {0} approved,0
July appointment confirmed,0
Re-activate your {0} account,1
Flight {0} departure reminder,0
{0} notification alert,1
Your {0} password expires soon,0
Project deadline extended to Team,0
{0} notification alert,1
New opportunity for {0},1
Suspicious activity on your nft collection,1
Delivery {0} confirmed,0
Reminder your January is tomorrow,0
Meeting scheduled at Lecture,0
Flight {0} departure reminder,0
Claim {0} within 24 hours,1
Meeting notes {0} attached,0
Review {0} feedback sent,0
Project deadline extended to 9am,0
Your {0} request approved,1
Action required on your {0},1
Certificate {0} issued,0
Flight {0} departure reminder,0
Update your password now,1
Document {0} requires your approval,0
Invoice {0} processed successfully,0
February attached for last month services,0
Special special bonus just for you,1
Permit {0} approved,0
Click here to {0},1
Payroll {0} processed,0
Your unusual activity is about to expire,1
Flight {0} departure reminder,0
Urgent: Your credit card will be blocked,1
June dinner tonight at home,0
Delivery {0} confirmed,0
Order {0} shipped,0
Performance {0} completed,0
Act now to get roblox tokens,1
Don't miss out on this exclusive deal,1
Meeting scheduled at Q2,0
License {0} renewed,0
Order {0} shipped,0
Meeting notes {0} attached,0
Hotel {0} reservation confirmed,0
Permit {0} approved,0
Budget {0} approved,0
Course {0} enrollment confirmed,0
Unlock your {0} instantly,1
Performance {0} completed,0
{0} training session scheduled,0
Receive {0} by clicking here,1
Click here to {0},1
Invoice {0} processed successfully,0
{0} pending confirmation,1
Receive {0} by clicking here,1
{0} report is ready to view,0
Status update on {0} project,0
Application {0} accepted,0
Session attached for last month services,0
Budget {0} approved,0
Wednesday appointment confirmed,0
Your security code is about to expire,1
Your {0} request approved,1
Click here to {0},1
{0} requires immediate action,1
{0} ticket booked,0
Limited time offer: account suspension,1
Reminder your October is tomorrow,0
Your {0} request approved,1
Complete {0} registration now,1
Flight {0} departure reminder,0
Expense report {0} submitted,0
{0} notification alert,1
Receive {0} by clicking here,1
Q2 attached for last month services,0
Invoice {0} processed successfully,0
Urgent: Your fraud alert will be blocked,1
Don't miss out on this paypal credit,1
Hotel {0} reservation confirmed,0
You have won credit card! Click the link now,1
Reminder your January is tomorrow,0
Unlock your {0} instantly,1
Meeting notes {0} attached,0
Special emergency update just for you,1
Confirmation {0} email sent,0
Claim your free hidden benefit today,1
Invoice {0} processed successfully,0
Timesheet {0} recorded,0
Meeting notes {0} attached,0
Action required on your {0},1
Your {0} has been updated,0
Permit {0} approved,0
Verification {0} completed,0
{0} pending confirmation,1
{0} ticket booked,0
Timesheet {0} recorded,0
Stop! You are missing out on {0},1
Don't miss out on this secret offer,1
{0} training session scheduled,0
Performance {0} completed,0
Project deadline extended to Friday,0
Summit attached for last month services,0
Complete {0} registration now,1
License {0} renewed,0
Performance {0} completed,0
Receive {0} by clicking here,1
You have won special bonus! Click the link now,1
Congratulations you are selected for {0},1
Your account requires free shipping,1
New {0} available in your account,0
Stop! You are missing out on {0},1
Delivery {0} confirmed,0
New opportunity for {0},1
You have won inheritance! Click the link now,1
Discussion newsletter from your favorite blog,0
Calendar invitation for {0},0
Payroll {0} processed,0
Status update on {0} project,0
Action required on your {0},1
Your {0} has been updated,0
Click here to {0},1
Expense report {0} submitted,0
Order {0} shipped,0
Verify your exclusive access immediately,1
Special instant rebate just for you,1
Delivery {0} confirmed,0
Secure your {0} instantly,1
Performance {0} completed,0
Payroll {0} processed,0
8am with colleagues at 8am,0
Claim your free investment opportunity today,1
Hotel {0} reservation confirmed,0
Performance {0} completed,0
Exclusive {0} for VIP members,1
Permit {0} approved,0
Claim your free payment confirmation today,1
Your secret offer is about to expire,1
Payroll {0} processed,0
Confirmation {0} email sent,0
July attached for last month services,0
{0} has been awarded to you,1
Verify your lottery prize immediately,1
Re-activate your {0} account,1
Confirm your {0} details,1
Get lottery prize with this simple trick,1
Click to receive your {0},1
Your {0} password expires soon,0
Your {0} subscription renewed,0
Complete {0} registration now,1
Course {0} enrollment confirmed,0
Complete {0} registration now,1
Confirmation {0} email sent,0
Application {0} accepted,0
11am with colleagues at 11am,0
{0} training session scheduled,0
You qualified for {0},1
Status update on {0} project,0
Review {0} feedback sent,0
Claim {0} within 24 hours,1
Your {0} has been updated,0
Contract {0} approved,0
Verify your crypto reward immediately,1
License {0} renewed,0
Final notice: {0} expires today,1
Application {0} accepted,0
Your {0} needs attention,1
Project deadline extended to Q1,0
Your {0} subscription renewed,0
Get gift card with this simple trick,1
Document {0} requires your approval,0
Click here to {0},1
{0} opportunity ends today,1
Permit {0} approved,0
Your {0} request approved,1
Seminar attached for last month services,0
{0} ticket booked,0
Confirm your {0} details,1
Q1 attached for last month services,0
Reminder your Monday is tomorrow,0
{0} alert from security team,1
Meeting notes {0} attached,0
{0} report is ready to view,0
Action required on your {0},1
Verification {0} completed,0
Suspicious activity on your bonus payment,1
Your {0} password expires soon,0
Reminder your Schedule is tomorrow,0
Action required on your {0},1
Your {0} needs attention,1
Calendar invitation for {0},0
Your emergency update is about to expire,1
New opportunity for {0},1
{0} ticket booked,0
{0} training session scheduled,0
Suspicious activity on your free shipping,1
Stop! You are missing out on {0},1
Your {0} needs attention,1
Saturday with colleagues at Saturday,0
Delivery {0} confirmed,0
Expense report {0} submitted,0
Review {0} feedback sent,0
Claim your free free vacation today,1
Congratulations you are selected for {0},1
January appointment confirmed,0
Invoice dinner tonight at home,0
Get bank account with this simple trick,1
Your {0} needs attention,1
New {0} available in your account,0
{0} notification alert,1
Suspicious activity on your bank account,1
{0} notification alert,1
Unlock your {0} instantly,1
Action required on your {0},1
Don't miss out on this wire funds,1
Your {0} access will be revoked,1
Your {0} subscription renewed,0
Your {0} subscription renewed,0
Certificate {0} issued,0
Claim your free personal details today,1
Your {0} needs attention,1
Flight {0} departure reminder,0
{0} alert from security team,1
Contract {0} approved,0
Reminder your Workshop is tomorrow,0
{0} notification alert,1
Receive {0} by clicking here,1
Act now to get money transfer,1
Document {0} requires your approval,0
New opportunity for {0},1
Reminder your 8am is tomorrow,0
Special nft collection just for you,1
Congratulations you are selected for {0},1
Timesheet {0} recorded,0
Team {0} scheduled for tomorrow,0
Your bonus payment is about to expire,1
Action required on your {0},1
{0} has been awarded to you,1
Calendar invitation for {0},0
February team meeting agenda,0
Your {0} has been updated,0
Payroll {0} processed,0
Flight {0} departure reminder,0
{0} training session scheduled,0
Expense report {0} submitted,0
Final notice: {0} expires today,1
Verification {0} completed,0
Your bonus payment is about to expire,1
Claim your free verification required today,1
Your {0} subscription renewed,0
Document {0} requires your approval,0
Click here to {0},1
Timesheet {0} recorded,0
License {0} renewed,0
Re-activate your {0} account,1
Order {0} shipped,0
Demo newsletter from your favorite blog,0
Click here to {0},1
{0} training session scheduled,0
Your {0} request approved,1
November attached for last month services,0
Performance {0} completed,0
Your {0} needs attention,1
Your {0} access will be revoked,1
Re-activate your {0} account,1
{0} validation needed today,1
{0} ticket booked,0
Limited time offer: itunes gift card,1
You have won steam wallet! Click the link now,1
License {0} renewed,0
You qualified for {0},1
Course {0} enrollment confirmed,0
Verification {0} completed,0
{0} validation needed today,1
{0} ticket booked,0
Contract {0} approved,0
Don't miss out on this special bonus,1
Verification {0} completed,0
{0} alert from security team,1
Certificate {0} issued,0
Contract {0} approved,0
Order {0} shipped,0
Your {0} has been updated,0
{0} pending confirmation,1
{0} has been awarded to you,1
Verify your instant rebate immediately,1
Certificate {0} issued,0
License {0} renewed,0
Re-activate your {0} account,1
Expense report {0} submitted,0
Document {0} requires your approval,0
Claim your free exclusive deal today,1
Unlock your {0} instantly,1
Your account requires digital asset,1
Your {0} has been updated,0
Your {0} password expires soon,0
Contract {0} approved,0
Stop! You are missing out on {0},1
Claim your free secret offer today,1
Your {0} has been updated,0
{0} requires immediate action,1
Your {0} request approved,1
Your account requires limited edition item,1
Budget {0} approved,0
Flight {0} departure reminder,0
{0} has been awarded to you,1
Receive {0} by clicking here,1
Payroll {0} processed,0
Expense report {0} submitted,0
Performance {0} completed,0
Tuesday newsletter from your favorite blog,0
Order {0} shipped,0
{0} requires immediate action,1
Hotel {0} reservation confirmed,0
License {0} renewed,0
Application {0} accepted,0
Urgent: Your investment opportunity will be blocked,1
New opportunity for {0},1
Special bank account just for you,1
Get cash back with this simple trick,1
Contract {0} approved,0
Act now to get lottery prize,1
Stop! You are missing out on {0},1
Stop! You are missing out on {0},1
Delivery {0} confirmed,0
You qualified for {0},1
Suspicious activity on your blockchain reward,1
March team meeting agenda,0
Unlock your {0} instantly,1
{0} opportunity ends today,1
Document {0} requires your approval,0
Confirm your {0} details,1
Standup appointment confirmed,0
Delivery {0} confirmed,0
Expense report {0} submitted,0
You have won limited edition item! Click the link now,1
{0} report is ready to view,0
Confirm your {0} details,1
New {0} available in your account,0
Your {0} needs attention,1
Secure your {0} instantly,1
{0} training session scheduled,0
Unlock your {0} instantly,1
Suspicious activity on your membership status,1
Budget appointment confirmed,0
Action required on your {0},1
Contract {0} approved,0
Verification {0} completed,0
Urgent: Your free vacation will be blocked,1
You have won special bonus! Click the link now,1
Timesheet {0} recorded,0
Get hidden benefit with this simple trick,1
Final notice: {0} expires today,1
Action required on your {0},1
{0} opportunity ends today,1
{0} validation needed today,1
3pm newsletter from your favorite blog,0
Special password just for you,1
Your {0} access will be revoked,1
Stop! You are missing out on {0},1
Application {0} accepted,0
Re-activate your {0} account,1
Action required on your {0},1
Certificate {0} issued,0
Receive {0} by clicking here,1
Don't miss out on this exclusive access,1
Invoice {0} processed successfully,0
Urgent: Your membership status will be blocked,1
2pm attached for last month services,0
Meeting scheduled at 2pm,0
Hotel {0} reservation confirmed,0
{0} notification alert,1
Project deadline extended to Q2,0
December newsletter from your favorite blog,0
Status update on {0} project,0
January with colleagues at January,0
Exclusive {0} for VIP members,1
Don't miss out on this premium upgrade,1
Secure your {0} instantly,1
Flight {0} departure reminder,0
Don't miss out on this security code,1
Application {0} accepted,0
{0} validation needed today,1
Verification {0} completed,0
Unlock your {0} instantly,1
Performance {0} completed,0
Special cash back just for you,1
Invoice {0} processed successfully,0
Your {0} subscription renewed,0
Receive {0} by clicking here,1
You qualified for {0},1
New opportunity for {0},1
Claim your free itunes gift card today,1
Flight {0} departure reminder,0
4pm attached for last month services,0
Update your emergency update now,1
Your payment confirmation is about to expire,1
Exclusive {0} for VIP members,1
Verification {0} completed,0
Urgent: Your itunes gift card will be blocked,1
Expense report {0} submitted,0
Congratulations! Claim your unlimited credits today,1
Confirm your {0} details,1
Calendar invitation for {0},0
{0} alert from security team,1
Delivery {0} confirmed,0
{0} report is ready to view,0
You qualified for {0},1
Team {0} scheduled for tomorrow,0
Verify your free vacation immediately,1
Review {0} feedback sent,0
New {0} available in your account,0
Flight {0} departure reminder,0
Order {0} shipped,0
Special hidden benefit just for you,1
Meeting scheduled at Team,0
Secure your {0} instantly,1
8am newsletter from your favorite blog,0
{0} alert from security team,1
{0} alert from security team,1
{0} notification alert,1
Calendar invitation for {0},0
Unlock your {0} instantly,1
Don't miss out on this money transfer,1
License {0} renewed,0
Stop! You are missing out on {0},1
Payroll {0} processed,0
Secure your {0} instantly,1
Expense report {0} submitted,0
Your {0} subscription renewed,0
Status update on {0} project,0
Review {0} feedback sent,0
Click here to {0},1
Hotel {0} reservation confirmed,0
Delivery {0} confirmed,0
Urgent: Your personal details will be blocked,1
Budget {0} approved,0
Wednesday dinner tonight at home,0
Suspicious activity on your account access,1
Verification {0} completed,0
Calendar invitation for {0},0
Re-activate your {0} account,1
Get roblox tokens with this simple trick,1
Action required on your {0},1
Your {0} subscription renewed,0
Budget {0} approved,0
Re-activate your {0} account,1
Act now to get inheritance,1
Update your account suspension now,1
Reminder your 8am is tomorrow,0
Hotel {0} reservation confirmed,0
{0} alert from security team,1
New opportunity for {0},1
Act now to get unusual activity,1
Your {0} has been updated,0
Order {0} shipped,0
{0} training session scheduled,0
Performance {0} completed,0
Your {0} has been updated,0
9am dinner tonight at home,0
Special paypal credit just for you,1
Get bitcoin payment with this simple trick,1
Budget appointment confirmed,0
Status update on {0} project,0
{0} notification alert,1
Your {0} subscription renewed,0
{0} validation needed today,1
Contract {0} approved,0
{0} has been awarded to you,1
Certificate {0} issued,0
September attached for last month services,0
Certificate {0} issued,0
Act now to get free vacation,1
Evening newsletter from your favorite blog,0
{0} opportunity ends today,1
Reminder your 7am is tomorrow,0
Your account requires payment method,1
New opportunity for {0},1
Stop! You are missing out on {0},1
Urgent: Your credit card will be blocked,1
Unlock your {0} instantly,1
Get exclusive deal with this simple trick,1
Your {0} request approved,1
Update your digital asset now,1
Suspicious activity on your nft collection,1
Reminder your Tuesday is tomorrow,0
You have won free vacation! Click the link now,1
Meeting scheduled at Agenda,0
Review {0} feedback sent,0
Confirmation {0} email sent,0
Order {0} shipped,0
Meeting scheduled at Invoice,0
Confirm your {0} details,1
Claim {0} within 24 hours,1
Congratulations you are selected for {0},1
Hotel {0} reservation confirmed,0
{0} notification alert,1
Exclusive {0} for VIP members,1
Your {0} needs attention,1
Your {0} subscription renewed,0
Status update on {0} project,0
Application {0} accepted,0
Claim your free bank account today,1
Contract {0} approved,0
Review {0} feedback sent,0
Special credit card just for you,1
Panel with colleagues at Panel,0
Receipt newsletter from your favorite blog,0
Course {0} enrollment confirmed,0
{0} ticket booked,0
Don't miss out on this security code,1
Exclusive {0} for VIP members,1
Update your special bonus now,1
Your {0} subscription renewed,0
{0} validation needed today,1
You qualified for {0},1
{0} validation needed today,1
{0} validation needed today,1
Limited time offer: verification required,1
Exclusive {0} for VIP members,1
Confirmation {0} email sent,0
Timesheet {0} recorded,0
You have won bitcoin payment! Click the link now,1
Project deadline extended to Lecture,0
Expense report {0} submitted,0
Invoice {0} processed successfully,0
{0} alert from security team,1
{0} ticket booked,0
Calendar invitation for {0},0
{0} pending confirmation,1
Timesheet {0} recorded,0
Document {0} requires your approval,0
Don't miss out on this nft collection,1
Meeting notes {0} attached,0
Click here to {0},1
Unlock your {0} instantly,1
Budget {0} approved,0
Receive {0} by clicking here,1
{0} ticket booked,0
Don't miss out on this roblox tokens,1
Claim {0} within 24 hours,1
Expense report {0} submitted,0
New opportunity for {0},1
Afternoon dinner tonight at home,0
Review {0} feedback sent,0
June team meeting agenda,0
{0} training session scheduled,0
Act now to get hidden benefit,1
Final notice: {0} expires today,1
Status update on {0} project,0
Application {0} accepted,0
Invoice {0} processed successfully,0
Stop! You are missing out on {0},1
Performance {0} completed,0
Congratulations you are selected for {0},1
Team {0} scheduled for tomorrow,0
Standup dinner tonight at home,0
Meeting notes {0} attached,0
Delivery {0} confirmed,0
Conference attached for last month services,0
Click to receive your {0},1
Claim {0} within 24 hours,1
{0} has been awarded to you,1
Verify your unlimited credits immediately,1
Your {0} request approved,1
Team {0} scheduled for tomorrow,0
Confirm your {0} details,1
Update your blockchain reward now,1
May with colleagues at May,0
Receive {0} by clicking here,1
Your {0} has been updated,0
Summit with colleagues at Summit,0
Claim your free prize money today,1
Payroll {0} processed,0
{0} alert from security team,1
Order {0} shipped,0
Unlock your {0} instantly,1
Click here to {0},1
{0} training session scheduled,0
Timesheet {0} recorded,0
{0} report is ready to view,0
Verify your exclusive access immediately,1
Delivery {0} confirmed,0
Order {0} shipped,0
Team {0} scheduled for tomorrow,0
Your {0} access will be revoked,1
Special membership status just for you,1
Your {0} has been updated,0
Suspicious activity on your unusual activity,1
You qualified for {0},1
Team {0} scheduled for tomorrow,0
Hotel {0} reservation confirmed,0
{0} has been awarded to you,1
Demo with colleagues at Demo,0
Your account requires free vacation,1
Course {0} enrollment confirmed,0
Secure your {0} instantly,1
Click here to {0},1
Claim {0} within 24 hours,1
{0} requires immediate action,1
Meeting scheduled at Workshop,0
Budget {0} approved,0
Status update on {0} project,0
Your {0} password expires soon,0
Action required on your {0},1
Confirmation {0} email sent,0
Performance {0} completed,0
{0} alert from security team,1
Your {0} password expires soon,0
{0} alert from security team,1
Timesheet {0} recorded,0
Delivery {0} confirmed,0
Verify your premium upgrade immediately,1
Meeting scheduled at July,0
Don't miss out on this payment method,1
Status update on {0} project,0
Your {0} access will be revoked,1
Hotel {0} reservation confirmed,0
Payroll {0} processed,0
Status update on {0} project,0
You qualified for {0},1
{0} notification alert,1
Your {0} needs attention,1
Monthly team meeting agenda,0
Act now to get hidden benefit,1
Your {0} access will be revoked,1
{0} has been awarded to you,1
Special inheritance just for you,1
Act now to get nft collection,1
{0} notification alert,1
Get itunes gift card with this simple trick,1
Meeting scheduled at Workshop,0
{0} report is ready to view,0
Special nft collection just for you,1
Performance {0} completed,0
Secure your {0} instantly,1
Calendar invitation for {0},0
Team {0} scheduled for tomorrow,0
Congratulations you are selected for {0},1
Certificate {0} issued,0
Unlock your {0} instantly,1
Your {0} subscription renewed,0
Verification {0} completed,0
Final notice: {0} expires today,1
Congratulations! Claim your tax refund today,1
Status update on {0} project,0
{0} report is ready to view,0
Expense report {0} submitted,0
Final notice: {0} expires today,1
Invoice {0} processed successfully,0
Congratulations you are selected for {0},1
Complete {0} registration now,1
Special bitcoin payment just for you,1
{0} opportunity ends today,1
{0} ticket booked,0
Congratulations you are selected for {0},1
{0} pending confirmation,1
Expense report {0} submitted,0
You qualified for {0},1
Course {0} enrollment confirmed,0
Congratulations you are selected for {0},1
Flight {0} departure reminder,0
{0} requires immediate action,1
License {0} renewed,0
Your free vacation is about to expire,1
Status update on {0} project,0
Update your password now,1
Hotel {0} reservation confirmed,0
Complete {0} registration now,1
{0} pending confirmation,1
Expense report {0} submitted,0
{0} has been awarded to you,1
Confirmation {0} email sent,0
Limited time offer: money transfer,1
{0} training session scheduled,0
Expense report {0} submitted,0
{0} ticket booked,0
Application {0} accepted,0
Claim {0} within 24 hours,1
{0} opportunity ends today,1
9am attached for last month services,0
Timesheet {0} recorded,0
2pm attached for last month services,0
Application {0} accepted,0
{0} validation needed today,1
Verification {0} completed,0
Conference with colleagues at Conference,0
Application {0} accepted,0
Confirmation {0} email sent,0
You qualified for {0},1
Status update on {0} project,0
Claim {0} within 24 hours,1
You have won account access! Click the link now,1
7am attached for last month services,0
Timesheet {0} recorded,0
{0} alert from security team,1
Claim {0} within 24 hours,1
{0} report is ready to view,0
Hotel {0} reservation confirmed,0
Application {0} accepted,0
Application {0} accepted,0
Timesheet {0} recorded,0
Delivery {0} confirmed,0
Complete {0} registration now,1
New {0} available in your account,0
Contract {0} approved,0
Click here to {0},1
Kickoff team meeting agenda,0
{0} notification alert,1
Reminder your 4pm is tomorrow,0
Document {0} requires your approval,0
Calendar invitation for {0},0
Reminder your Afternoon is tomorrow,0
License {0} renewed,0
Permit {0} approved,0
{0} requires immediate action,1
Status update on {0} project,0
October dinner tonight at home,0
January newsletter from your favorite blog,0
Confirmation {0} email sent,0
{0} requires immediate action,1
Certificate {0} issued,0
Urgent: Your early bird discount will be blocked,1
Stop! You are missing out on {0},1
Application {0} accepted,0
Hotel {0} reservation confirmed,0
Secure your {0} instantly,1
Unlock your {0} instantly,1
Budget {0} approved,0
Congratulations you are selected for {0},1
Night attached for last month services,0
{0} alert from security team,1
Stop! You are missing out on {0},1
{0} training session scheduled,0
Exclusive {0} for VIP members,1
Standup attached for last month services,0
Suspicious activity on your special bonus,1
Your {0} has been updated,0
Receive {0} by clicking here,1
Order {0} shipped,0
Re-activate your {0} account,1
Urgent: Your membership status will be blocked,1
Urgent: Your special bonus will be blocked,1
Flight {0} departure reminder,0
{0} notification alert,1
Your {0} has been updated,0
Unlock your {0} instantly,1
Special amazon voucher just for you,1
Don't miss out on this amazon voucher,1
{0} opportunity ends today,1
Calendar invitation for {0},0
Team {0} scheduled for tomorrow,0
{0} report is ready to view,0
Tuesday attached for last month services,0
Status update on {0} project,0
You qualified for {0},1
{0} ticket booked,0
Conference dinner tonight at home,0
Final notice: {0} expires today,1
Meeting scheduled at Retrospective,0
Course {0} enrollment confirmed,0
Your {0} has been updated,0
{0} notification alert,1
Flight {0} departure reminder,0
Verify your limited edition item immediately,1
Claim {0} within 24 hours,1
2pm appointment confirmed,0
Timesheet {0} recorded,0
Complete {0} registration now,1
{0} opportunity ends today,1
Limited time offer: secret offer,1
Stop! You are missing out on {0},1
Unlock your {0} instantly,1
Claim your free blockchain reward today,1
{0} report is ready to view,0
Document {0} requires your approval,0
Congratulations you are selected for {0},1
Congratulations you are selected for {0},1
License {0} renewed,0
Congratulations! Claim your prize money today,1
Claim {0} within 24 hours,1
2pm dinner tonight at home,0
Suspicious activity on your bank account,1
Meeting notes {0} attached,0
Suspicious activity on your roblox tokens,1
Receive {0} by clicking here,1
Urgent: Your gift card will be blocked,1
Your {0} subscription renewed,0
Urgent: Your exclusive deal will be blocked,1
Get account suspension with this simple trick,1
You qualified for {0},1
Delivery {0} confirmed,0
Verify your limited edition item immediately,1
Performance {0} completed,0
Re-activate your {0} account,1
Contract {0} approved,0
Verification {0} completed,0
Unlock your {0} instantly,1
Flight {0} departure reminder,0
Your hidden benefit is about to expire,1
Meeting notes {0} attached,0
Performance {0} completed,0
Invoice {0} processed successfully,0
Stop! You are missing out on {0},1
{0} has been awarded to you,1
Action required on your {0},1
Special steam wallet just for you,1
Your {0} needs attention,1
{0} alert from security team,1
Final notice: {0} expires today,1
Status update on {0} project,0
Unlock your {0} instantly,1
Budget {0} approved,0
Expense report {0} submitted,0
Act now to get cash back,1
Urgent: Your steam wallet will be blocked,1
Performance {0} completed,0
Your {0} subscription renewed,0
Hotel {0} reservation confirmed,0
License {0} renewed,0
July team meeting agenda,0
Contract {0} approved,0
Congratulations! Claim your limited edition item today,1
Document {0} requires your approval,0
Team {0} scheduled for tomorrow,0
Exclusive {0} for VIP members,1
Claim {0} within 24 hours,1
{0} training session scheduled,0
Act now to get limited edition item,1
{0} pending confirmation,1
{0} opportunity ends today,1
Verification {0} completed,0
Congratulations you are selected for {0},1
Click here to {0},1
Timesheet {0} recorded,0
{0} notification alert,1
Your account requires gift card,1
Limited time offer: premium upgrade,1
Exclusive {0} for VIP members,1
Claim your free exclusive deal today,1
Final notice: {0} expires today,1
{0} pending confirmation,1
You qualified for {0},1
Night attached for last month services,0
August with colleagues at August,0
Confirm your {0} details,1
{0} has been awarded to you,1
Review {0} feedback sent,0
Congratulations you are selected for {0},1
Act now to get limited edition item,1
Document {0} requires your approval,0
Meeting scheduled at September,0
Confirm your {0} details,1
License {0} renewed,0
Claim your free free shipping today,1
Your {0} has been updated,0
{0} alert from security team,1
New {0} available in your account,0
Act now to get verification required,1
{0} notification alert,1
You have won itunes gift card! Click the link now,1
{0} report is ready to view,0
Document {0} requires your approval,0
Permit {0} approved,0
Confirmation {0} email sent,0
{0} alert from security team,1
Claim your free ethereum stake today,1
License {0} renewed,0
Contract {0} approved,0
Certificate {0} issued,0
Flight {0} departure reminder,0
December dinner tonight at home,0
New opportunity for {0},1
{0} ticket booked,0
2026 newsletter from your favorite blog,0
Q2 with colleagues at Q2,0
{0} notification alert,1
Your {0} request approved,1
Permit {0} approved,0
Performance {0} completed,0
Urgent: Your early bird discount will be blocked,1
Meeting attached for last month services,0
Status update on {0} project,0
Congratulations! Claim your limited edition item today,1
May team meeting agenda,0
Click here to {0},1
Click here to {0},1
You qualified for {0},1
{0} requires immediate action,1
Q4 team meeting agenda,0
Re-activate your {0} account,1
Confirmation {0} email sent,0
Suspicious activity on your fraud alert,1
Meeting scheduled at Kickoff,0
Update team meeting agenda,0
Confirmation appointment confirmed,0
Exclusive {0} for VIP members,1
Status update on {0} project,0
Claim {0} within 24 hours,1
{0} pending confirmation,1
8am with colleagues at 8am,0
Suspicious activity on your digital asset,1
Expense report {0} submitted,0
Unlock your {0} instantly,1
Your {0} subscription renewed,0
Urgent: Your bitcoin payment will be blocked,1
Limited time offer: tax refund,1
Flight {0} departure reminder,0
Delivery {0} confirmed,0
Confirm your {0} details,1
Your {0} subscription renewed,0
Limited time offer: verification required,1
Confirm your {0} details,1
Timesheet {0} recorded,0
2026 attached for last month services,0
Course {0} enrollment confirmed,0
Act now to get free shipping,1
Re-activate your {0} account,1
November attached for last month services,0
Exclusive {0} for VIP members,1
Don't miss out on this cash back,1
Special crypto reward just for you,1
Calendar invitation for {0},0
Click to receive your {0},1
Your account requires bitcoin payment,1
Timesheet {0} recorded,0
Review {0} feedback sent,0
May newsletter from your favorite blog,0
Congratulations! Claim your ethereum stake today,1
Congratulations! Claim your security code today,1
{0} opportunity ends today,1
Exclusive {0} for VIP members,1
Verify your credit card immediately,1
Application {0} accepted,0
Hotel {0} reservation confirmed,0
Your {0} request approved,1
You qualified for {0},1
Your account requires personal details,1
October newsletter from your favorite blog,0
License {0} renewed,0
Expense report {0} submitted,0
Secure your {0} instantly,1
Meeting scheduled at Seminar,0
Document {0} requires your approval,0
Your {0} access will be revoked,1
Q2 attached for last month services,0
Secure your {0} instantly,1
Flight {0} departure reminder,0
Verification {0} completed,0
Suspicious activity on your wire funds,1
Reminder your Invoice is tomorrow,0
Reminder your Discussion is tomorrow,0
Unlock your {0} instantly,1
Act now to get verification required,1
Expense report {0} submitted,0
{0} pending confirmation,1
{0} opportunity ends today,1
Claim {0} within 24 hours,1
Your {0} needs attention,1
Certificate {0} issued,0
Action required on your {0},1
License {0} renewed,0
Timesheet {0} recorded,0
Your {0} needs attention,1
Final notice: {0} expires today,1
{0} training session scheduled,0
Your {0} has been updated,0
Meeting scheduled at Confirmation,0
Action required on your {0},1
Limited time offer: limited edition item,1
Timesheet {0} recorded,0
Verify your itunes gift card immediately,1
You qualified for {0},1
Meeting notes {0} attached,0
Application {0} accepted,0
Suspicious activity on your exclusive deal,1
Payroll {0} processed,0
{0} training session scheduled,0
{0} validation needed today,1
Project deadline extended to Standup,0
Calendar invitation for {0},0
Timesheet {0} recorded,0
Team {0} scheduled for tomorrow,0
{0} has been awarded to you,1
Your account requires exclusive deal,1
You have won steam wallet! Click the link now,1
{0} training session scheduled,0
Limited time offer: exclusive deal,1
Timesheet {0} recorded,0
Your {0} request approved,1
Suspicious activity on your bank account,1
Flight {0} departure reminder,0
New opportunity for {0},1
Review {0} feedback sent,0
Don't miss out on this exclusive deal,1
Reminder your Agenda is tomorrow,0
Team {0} scheduled for tomorrow,0
Project deadline extended to Budget,0
8am attached for last month services,0
Expense report {0} submitted,0
Your {0} needs attention,1
Urgent: Your ethereum stake will be blocked,1
Secure your {0} instantly,1
New {0} available in your account,0
Your account requires bank account,1
Update your premium upgrade now,1
Hotel {0} reservation confirmed,0
License {0} renewed,0
Payroll {0} processed,0
Update your account access now,1
Your {0} access will be revoked,1
Your {0} needs attention,1
Budget {0} approved,0
Hotel {0} reservation confirmed,0
Payroll {0} processed,0
Expense report {0} submitted,0
{0} alert from security team,1
Application {0} accepted,0
Verify your nft collection immediately,1
Limited time offer: exclusive deal,1
{0} training session scheduled,0
Don't miss out on this payment confirmation,1
Your {0} subscription renewed,0
Confirmation {0} email sent,0
Special money transfer just for you,1
Friday team meeting agenda,0
Update your blockchain reward now,1
Discussion appointment confirmed,0
Your account requires lottery prize,1
Limited time offer: investment opportunity,1
Order {0} shipped,0
Exclusive {0} for VIP members,1
Get emergency update with this simple trick,1
Team {0} scheduled for tomorrow,0
Confirmation {0} email sent,0
{0} notification alert,1
{0} report is ready to view,0
Your {0} access will be revoked,1
Stop! You are missing out on {0},1
Get payment method with this simple trick,1
Budget {0} approved,0
Status update on {0} project,0
Click to receive your {0},1
Payroll {0} processed,0
Claim {0} within 24 hours,1
Timesheet {0} recorded,0
Don't miss out on this fraud alert,1
Secure your {0} instantly,1
Performance {0} completed,0
Receive {0} by clicking here,1
Suspicious activity on your payment confirmation,1
Congratulations! Claim your digital asset today,1
Delivery {0} confirmed,0
8am newsletter from your favorite blog,0
Certificate {0} issued,0
November dinner tonight at home,0
{0} ticket booked,0
Click to receive your {0},1
Act now to get bitcoin payment,1
Delivery {0} confirmed,0
Review {0} feedback sent,0
Hotel {0} reservation confirmed,0
Click here to {0},1
Review {0} feedback sent,0
Click here to {0},1
Your {0} has been updated,0
{0} report is ready to view,0
Reminder your Workshop is tomorrow,0
Hotel {0} reservation confirmed,0
Monthly team meeting agenda,0
Unlock your {0} instantly,1
Flight {0} departure reminder,0
Status update on {0} project,0
Delivery {0} confirmed,0
Status update on {0} project,0
Your {0} needs attention,1
Act now to get amazon voucher,1
Congratulations you are selected for {0},1
Meeting notes {0} attached,0
Application {0} accepted,0
{0} ticket booked,0
Confirm your {0} details,1
Reminder your Q2 is tomorrow,0
{0} alert from security team,1
Report attached for last month services,0
Review {0} feedback sent,0
Afternoon with colleagues at Afternoon,0
Flight {0} departure reminder,0
Review {0} feedback sent,0
Confirmation appointment confirmed,0
New {0} available in your account,0
Reminder your Agenda is tomorrow,0
{0} notification alert,1
Your {0} password expires soon,0
Payroll {0} processed,0
Limited time offer: membership status,1
Budget {0} approved,0
Team {0} scheduled for tomorrow,0
Expense report {0} submitted,0
Claim your free money transfer today,1
Order {0} shipped,0
Verify your digital asset immediately,1
You qualified for {0},1
Unlock your {0} instantly,1
Your {0} password expires soon,0
Project deadline extended to Weekly,0
Meeting notes {0} attached,0
Order {0} shipped,0
Click to receive your {0},1
Flight {0} departure reminder,0
Re-activate your {0} account,1
{0} report is ready to view,0
{0} requires immediate action,1
Timesheet {0} recorded,0
Budget {0} approved,0
New opportunity for {0},1
Your {0} subscription renewed,0
Project deadline extended to Q1,0
Action required on your {0},1
Get lottery prize with this simple trick,1
Certificate {0} issued,0
{0} has been awarded to you,1
{0} ticket booked,0
Hotel {0} reservation confirmed,0
{0} has been awarded to you,1
{0} notification alert,1
Don't miss out on this money transfer,1
Hotel {0} reservation confirmed,0
Retrospective with colleagues at Retrospective,0
Verification {0} completed,0
{0} alert from security team,1
Expense report {0} submitted,0
Congratulations you are selected for {0},1
Project deadline extended to August,0
Order {0} shipped,0
Meeting notes {0} attached,0
Exclusive {0} for VIP members,1
Your {0} has been updated,0
{0} has been awarded to you,1
Calendar invitation for {0},0
{0} requires immediate action,1
Order {0} shipped,0
Team {0} scheduled for tomorrow,0
Exclusive {0} for VIP members,1
Payroll {0} processed,0
Budget attached for last month services,0
Calendar invitation for {0},0
Meeting notes {0} attached,0
{0} training session scheduled,0
Claim {0} within 24 hours,1
Confirmation {0} email sent,0
Invoice {0} processed successfully,0
{0} opportunity ends today,1
10am dinner tonight at home,0
You have won bank account! Click the link now,1
Budget {0} approved,0
Your {0} has been updated,0
Morning dinner tonight at home,0
{0} notification alert,1
Re-activate your {0} account,1
Action required on your {0},1
Contract {0} approved,0
Urgent: Your special bonus will be blocked,1
You have won wire funds! Click the link now,1
Performance {0} completed,0
Team {0} scheduled for tomorrow,0
Your {0} request approved,1
Confirm your {0} details,1
{0} ticket booked,0
Verify your bank account immediately,1
Confirmation {0} email sent,0
License {0} renewed,0
{0} validation needed today,1
{0} report is ready to view,0
Stop! You are missing out on {0},1
Webinar appointment confirmed,0
Status update on {0} project,0
Act now to get ethereum stake,1
License {0} renewed,0
Act now to get instant rebate,1
Application {0} accepted,0
{0} ticket booked,0
Application {0} accepted,0
Receive {0} by clicking here,1
Meeting notes {0} attached,0
Your {0} has been updated,0
{0} notification alert,1
Receive {0} by clicking here,1
Complete {0} registration now,1
You qualified for {0},1
Verification {0} completed,0
Re-activate your {0} account,1
Your special bonus is about to expire,1
Act now to get password,1
Status update on {0} project,0
Meeting notes {0} attached,0
Training team meeting agenda,0
Project deadline extended to 6pm,0
You have won payment method! Click the link now,1
New opportunity for {0},1
Course {0} enrollment confirmed,0
{0} requires immediate action,1
Reminder your Q4 is tomorrow,0
Your {0} has been updated,0
{0} pending confirmation,1
Project deadline extended to Training,0
Expense report {0} submitted,0
Meeting notes {0} attached,0
Performance {0} completed,0
Urgent: Your bonus payment will be blocked,1
Flight {0} departure reminder,0
Your {0} needs attention,1
Get nft collection with this simple trick,1
Permit {0} approved,0
Your account requires account access,1
Meeting notes {0} attached,0
Calendar invitation for {0},0
Act now to get wire funds,1
Course {0} enrollment confirmed,0
Your {0} access will be revoked,1
Permit {0} approved,0
Invoice {0} processed successfully,0
{0} opportunity ends today,1
Your {0} subscription renewed,0
Order {0} shipped,0
Your {0} access will be revoked,1
Team {0} scheduled for tomorrow,0
Seminar appointment confirmed,0
{0} validation needed today,1
{0} has been awarded to you,1
Don't miss out on this early bird discount,1
{0} ticket booked,0
Application {0} accepted,0
Certificate {0} issued,0
{0} requires immediate action,1
Verification {0} completed,0
Congratulations you are selected for {0},1
Secure your {0} instantly,1
Get unusual activity with this simple trick,1
Seminar attached for last month services,0
Confirm your {0} details,1
Your {0} subscription renewed,0
Meeting scheduled at Schedule,0
Certificate {0} issued,0
{0} requires immediate action,1
{0} has been awarded to you,1
{0} pending confirmation,1
Unlock your {0} instantly,1
Verification {0} completed,0
Your account requires exclusive access,1
Order {0} shipped,0
Document {0} requires your approval,0
Congratulations you are selected for {0},1
Your {0} password expires soon,0
Meeting notes {0} attached,0
Contract {0} approved,0
Urgent: Your digital asset will be blocked,1
Expense report {0} submitted,0
Meeting notes {0} attached,0
{0} training session scheduled,0
{0} alert from security team,1
Permit {0} approved,0
Status update on {0} project,0
{0} opportunity ends today,1
{0} pending confirmation,1
Final notice: {0} expires today,1
Your {0} needs attention,1
You qualified for {0},1
Contract {0} approved,0
Stop! You are missing out on {0},1
Calendar invitation for {0},0
Get investment opportunity with this simple trick,1
Your {0} request approved,1
Action required on your {0},1
New {0} available in your account,0
Meeting notes {0} attached,0
Get free shipping with this simple trick,1
Urgent: Your itunes gift card will be blocked,1
Payroll {0} processed,0
Contract {0} approved,0
Confirmation {0} email sent,0
Budget {0} approved,0
Update your personal details now,1
{0} pending confirmation,1
{0} ticket booked,0
Document {0} requires your approval,0
Expense report {0} submitted,0
License {0} renewed,0
Monthly dinner tonight at home,0
Expense report {0} submitted,0
Certificate {0} issued,0
{0} opportunity ends today,1
Your {0} needs attention,1
Unlock your {0} instantly,1
Contract {0} approved,0
Delivery {0} confirmed,0
Action required on your {0},1
{0} report is ready to view,0
{0} requires immediate action,1
Your {0} subscription renewed,0
Don't miss out on this steam wallet,1
{0} requires immediate action,1
Your {0} access will be revoked,1
Your {0} password expires soon,0
Meeting notes {0} attached,0
Your {0} password expires soon,0
Verification {0} completed,0
Your {0} subscription renewed,0
Complete {0} registration now,1
Your {0} needs attention,1
Review {0} feedback sent,0
Delivery {0} confirmed,0
{0} requires immediate action,1
Receive {0} by clicking here,1
Click here to {0},1
Claim your free personal details today,1
{0} training session scheduled,0
Limited time offer: password,1
Meeting scheduled at Conference,0
Permit {0} approved,0
Meeting notes {0} attached,0
Unlock your {0} instantly,1
Budget {0} approved,0
Reminder your Lecture is tomorrow,0
{0} pending confirmation,1
Calendar invitation for {0},0
Certificate {0} issued,0
{0} report is ready to view,0
Status update on {0} project,0
4pm dinner tonight at home,0
Performance {0} completed,0
Complete {0} registration now,1
You qualified for {0},1
Timesheet {0} recorded,0
{0} validation needed today,1
Invoice {0} processed successfully,0
Secure your {0} instantly,1
Get credit card with this simple trick,1
Status update on {0} project,0
Reminder your 7am is tomorrow,0
Application {0} accepted,0
Status update on {0} project,0
Update your bonus payment now,1
Congratulations you are selected for {0},1
Confirmation {0} email sent,0
Suspicious activity on your inheritance,1
Receive {0} by clicking here,1
Verify your roblox tokens immediately,1
Click here to {0},1
Action required on your {0},1
Click here to {0},1
You qualified for {0},1
{0} notification alert,1
Meeting notes {0} attached,0
Verify your premium upgrade immediately,1
Document {0} requires your approval,0
Budget {0} approved,0
Congratulations! Claim your verification required today,1
Suspicious activity on your roblox tokens,1
Permit {0} approved,0
Document {0} requires your approval,0
Confirm your {0} details,1
{0} opportunity ends today,1
Confirmation {0} email sent,0
Meeting notes {0} attached,0
Your account requires early bird discount,1
Don't miss out on this prize money,1
Confirmation {0} email sent,0
Course {0} enrollment confirmed,0
You have won roblox tokens! Click the link now,1
Secure your {0} instantly,1
Project deadline extended to Summit,0
You qualified for {0},1
Don't miss out on this free shipping,1
Document {0} requires your approval,0
{0} pending confirmation,1
Invoice {0} processed successfully,0
Secure your {0} instantly,1
Expense report {0} submitted,0
Claim your free free shipping today,1
Payroll {0} processed,0
Verify your security code immediately,1
Claim your free digital asset today,1
Final notice: {0} expires today,1
Confirm your {0} details,1
Order {0} shipped,0
Limited time offer: premium upgrade,1
Urgent: Your early bird discount will be blocked,1
Review appointment confirmed,0
Budget {0} approved,0
{0} report is ready to view,0
Workshop team meeting agenda,0
Timesheet {0} recorded,0
{0} requires immediate action,1
Get tax refund with this simple trick,1
You have won instant rebate! Click the link now,1
Suspicious activity on your security code,1
Claim {0} within 24 hours,1
Panel attached for last month services,0
Verify your verification required immediately,1
Performance {0} completed,0
Claim {0} within 24 hours,1
Reminder your Night is tomorrow,0
Calendar invitation for {0},0
{0} training session scheduled,0
{0} notification alert,1
Claim {0} within 24 hours,1
Receive {0} by clicking here,1
Special free shipping just for you,1
Update your cash back now,1
Secure your {0} instantly,1
Secure your {0} instantly,1
Delivery {0} confirmed,0
Click here to {0},1
Your account requires payment confirmation,1
New opportunity for {0},1
{0} notification alert,1
Your {0} has been updated,0
Expense report {0} submitted,0
Congratulations you are selected for {0},1
You have won early bird discount! Click the link now,1
New {0} available in your account,0
You have won wire funds! Click the link now,1
Update dinner tonight at home,0
Your {0} access will be revoked,1
Final notice: {0} expires today,1
Meeting scheduled at 2pm,0
Flight {0} departure reminder,0
Course {0} enrollment confirmed,0
Unlock your {0} instantly,1
{0} pending confirmation,1
Team {0} scheduled for tomorrow,0
Your password is about to expire,1
License {0} renewed,0
License {0} renewed,0
Your account requires ethereum stake,1
Team {0} scheduled for tomorrow,0
Secure your {0} instantly,1
Click to receive your {0},1
Expense report {0} submitted,0
{0} has been awarded to you,1
Your {0} access will be revoked,1
Verify your bank account immediately,1
{0} validation needed today,1
Exclusive {0} for VIP members,1
Limited time offer: unusual activity,1
Details team meeting agenda,0
Get exclusive deal with this simple trick,1
Calendar invitation for {0},0
Your {0} has been updated,0
Your {0} subscription renewed,0
Secure your {0} instantly,1
You have won security code! Click the link now,1
Update your verification required now,1
{0} alert from security team,1
Your {0} has been updated,0
Stop! You are missing out on {0},1
Confirm your {0} details,1
Receipt dinner tonight at home,0
Timesheet {0} recorded,0
Review appointment confirmed,0
Verification {0} completed,0
Tuesday with colleagues at Tuesday,0
Budget {0} approved,0
{0} pending confirmation,1
Your {0} needs attention,1
Final notice: {0} expires today,1
Re-activate your {0} account,1
You have won money transfer! Click the link now,1
Your {0} needs attention,1
Weekly with colleagues at Weekly,0
You qualified for {0},1
{0} pending confirmation,1
Your account requires credit card,1
Update your blockchain reward now,1
{0} has been awarded to you,1
Stop! You are missing out on {0},1
Congratulations! Claim your unlimited credits today,1
Secure your {0} instantly,1
New opportunity for {0},1
Final notice: {0} expires today,1
{0} opportunity ends today,1
Suspicious activity on your tax refund,1
Flight {0} departure reminder,0
Click here to {0},1
Click to receive your {0},1
Suspicious activity on your account suspension,1
Budget {0} approved,0
Receive {0} by clicking here,1
Your {0} password expires soon,0
Unlock your {0} instantly,1
Reminder your Planning is tomorrow,0
Forum team meeting agenda,0
Congratulations you are selected for {0},1
{0} ticket booked,0
Congratulations you are selected for {0},1
Budget {0} approved,0
Verification {0} completed,0
Final notice: {0} expires today,1
Claim {0} within 24 hours,1
Confirm your {0} details,1
New {0} available in your account,0
6pm newsletter from your favorite blog,0
Suspicious activity on your ethereum stake,1
Course {0} enrollment confirmed,0
Suspicious activity on your premium upgrade,1
Re-activate your {0} account,1
Certificate {0} issued,0
Suspicious activity on your digital asset,1
Your {0} access will be revoked,1
Reminder your August is tomorrow,0
License {0} renewed,0
{0} report is ready to view,0
New {0} available in your account,0
Stop! You are missing out on {0},1
Claim your free tax refund today,1
Invoice {0} processed successfully,0
Exclusive {0} for VIP members,1
Performance {0} completed,0
Budget with colleagues at Budget,0
Reminder your Family is tomorrow,0
Claim your free blockchain reward today,1
Urgent: Your payment confirmation will be blocked,1
Details appointment confirmed,0
Confirmation {0} email sent,0
{0} ticket booked,0
Your account requires exclusive deal,1
Invoice {0} processed successfully,0
Your {0} password expires soon,0
Invoice {0} processed successfully,0
April dinner tonight at home,0
Hotel {0} reservation confirmed,0
{0} requires immediate action,1
You qualified for {0},1
Delivery {0} confirmed,0
Payroll {0} processed,0
Act now to get tax refund,1
Exclusive {0} for VIP members,1
Claim {0} within 24 hours,1
Lecture attached for last month services,0
Expense report {0} submitted,0
{0} has been awarded to you,1
{0} requires immediate action,1
Claim {0} within 24 hours,1
{0} opportunity ends today,1
Secure your {0} instantly,1
You have won security code! Click the link now,1
Update appointment confirmed,0
Meeting notes {0} attached,0
Your digital asset is about to expire,1
{0} report is ready to view,0
Complete {0} registration now,1
Flight {0} departure reminder,0
Urgent: Your account suspension will be blocked,1
Your {0} password expires soon,0
Training team meeting agenda,0
Congratulations you are selected for {0},1
Confirmation {0} email sent,0
Order {0} shipped,0
Your {0} subscription renewed,0
License {0} renewed,0
Verification {0} completed,0
Hotel {0} reservation confirmed,0
{0} alert from security team,1
Course {0} enrollment confirmed,0
Reminder your Confirmation is tomorrow,0
Training dinner tonight at home,0
Complete {0} registration now,1
Order {0} shipped,0
Calendar invitation for {0},0
New opportunity for {0},1
Sunday team meeting agenda,0
Forum appointment confirmed,0
Your {0} subscription renewed,0
Meeting attached for last month services,0
Review {0} feedback sent,0
Your {0} subscription renewed,0
Delivery {0} confirmed,0
Order {0} shipped,0
Verification {0} completed,0
Get lottery prize with this simple trick,1
Your {0} password expires soon,0
Your account requires premium upgrade,1
Urgent: Your roblox tokens will be blocked,1
Budget {0} approved,0
Delivery {0} confirmed,0
Urgent: Your account suspension will be blocked,1
Agenda dinner tonight at home,0
Expense report {0} submitted,0
Course {0} enrollment confirmed,0
Urgent: Your credit card will be blocked,1
Suspicious activity on your investment opportunity,1
Verify your unlimited credits immediately,1
Exclusive {0} for VIP members,1
Verify your tax refund immediately,1
{0} training session scheduled,0
Limited time offer: ethereum stake,1
Review {0} feedback sent,0
You have won security code! Click the link now,1
Act now to get roblox tokens,1
{0} ticket booked,0
Your {0} has been updated,0
June with colleagues at June,0
Afternoon attached for last month services,0
6pm newsletter from your favorite blog,0
{0} validation needed today,1
May dinner tonight at home,0
Meeting notes {0} attached,0
Calendar invitation for {0},0
Claim your free secret offer today,1
Confirmation {0} email sent,0
Project deadline extended to Standup,0
Project deadline extended to 9am,0
Invoice {0} processed successfully,0
Confirm your {0} details,1
Suspicious activity on your exclusive deal,1
Permit {0} approved,0
Suspicious activity on your amazon voucher,1
Delivery {0} confirmed,0
Budget {0} approved,0
Contract {0} approved,0
Stop! You are missing out on {0},1
Claim your free wire funds today,1
New opportunity for {0},1
Act now to get secret offer,1
Confirm your {0} details,1
Suspicious activity on your tax refund,1
Your account requires instant rebate,1
Claim {0} within 24 hours,1
Expense report {0} submitted,0
Click here to {0},1
License {0} renewed,0
Delivery {0} confirmed,0
Confirm your {0} details,1
{0} opportunity ends today,1
Your {0} subscription renewed,0
Verify your payment method immediately,1
Reminder your Planning is tomorrow,0
Team {0} scheduled for tomorrow,0
{0} report is ready to view,0
Final notice: {0} expires today,1
{0} pending confirmation,1
Meeting scheduled at Confirmation,0
Congratulations you are selected for {0},1
Special membership status just for you,1
{0} report is ready to view,0
Confirm your {0} details,1
{0} pending confirmation,1
Order {0} shipped,0
Complete {0} registration now,1
Delivery {0} confirmed,0
Workshop team meeting agenda,0
10am with colleagues at 10am,0
Receive {0} by clicking here,1
Delivery {0} confirmed,0
Confirmation {0} email sent,0
Secure your {0} instantly,1
Re-activate your {0} account,1
Project deadline extended to March,0
{0} pending confirmation,1
Certificate {0} issued,0
You qualified for {0},1
Contract {0} approved,0
{0} validation needed today,1
{0} alert from security team,1
License {0} renewed,0
Review {0} feedback sent,0
{0} validation needed today,1
Status update on {0} project,0
Class attached for last month services,0
Unlock your {0} instantly,1
Application {0} accepted,0
Document {0} requires your approval,0
Exclusive {0} for VIP members,1
Meeting notes {0} attached,0
Reminder your 5pm is tomorrow,0
Congratulations! Claim your membership status today,1
Urgent: Your special bonus will be blocked,1
Course {0} enrollment confirmed,0
Q4 dinner tonight at home,0
Document {0} requires your approval,0
Timesheet {0} recorded,0
Your {0} request approved,1
Confirmation {0} email sent,0
Urgent: Your tax refund will be blocked,1
Your {0} needs attention,1
Verification {0} completed,0
Suspicious activity on your digital asset,1
Click here to {0},1
Budget {0} approved,0
You qualified for {0},1
License {0} renewed,0
Training team meeting agenda,0
{0} has been awarded to you,1
Update your bonus payment now,1
Special inheritance just for you,1
{0} notification alert,1
Project deadline extended to Summit,0
Tuesday appointment confirmed,0
Confirm your {0} details,1
Timesheet {0} recorded,0
Application {0} accepted,0
Congratulations you are selected for {0},1
Your account requires crypto reward,1
Congratulations you are selected for {0},1
Application {0} accepted,0
Class newsletter from your favorite blog,0
Claim {0} within 24 hours,1
{0} alert from security team,1
Update your inheritance now,1
Special crypto reward just for you,1
Document {0} requires your approval,0
You have won limited edition item! Click the link now,1
Final notice: {0} expires today,1
Your special bonus is about to expire,1
Confirmation {0} email sent,0
Status update on {0} project,0
Urgent: Your verification required will be blocked,1
Limited time offer: money transfer,1
Calendar invitation for {0},0
Secure your {0} instantly,1
Final notice: {0} expires today,1
Project deadline extended to June,0
Verify your investment opportunity immediately,1
Review {0} feedback sent,0
Urgent: Your credit card will be blocked,1
Your {0} has been updated,0
Your {0} request approved,1
Contract {0} approved,0
Your {0} subscription renewed,0
Your {0} access will be revoked,1
Suspicious activity on your personal details,1
Verify your lottery prize immediately,1
Meeting notes {0} attached,0
Receive {0} by clicking here,1
{0} notification alert,1
3pm attached for last month services,0
Click to receive your {0},1
Your account requires free shipping,1
Course {0} enrollment confirmed,0
Your {0} request approved,1
Permit {0} approved,0
Flight {0} departure reminder,0
Evening dinner tonight at home,0
Your {0} access will be revoked,1
New {0} available in your account,0
Tuesday team meeting agenda,0
Afternoon dinner tonight at home,0
{0} ticket booked,0
Get credit card with this simple trick,1
New {0} available in your account,0
Congratulations you are selected for {0},1
Exclusive {0} for VIP members,1
Calendar invitation for {0},0
{0} opportunity ends today,1
Delivery {0} confirmed,0
Your {0} needs attention,1
Complete {0} registration now,1
Your roblox tokens is about to expire,1
Project deadline extended to Q2,0
Payroll {0} processed,0
Hotel {0} reservation confirmed,0
Meeting scheduled at Budget,0
Your account requires membership status,1
Re-activate your {0} account,1
Budget {0} approved,0
Click to receive your {0},1
Permit {0} approved,0
Delivery {0} confirmed,0
Limited time offer: bank account,1
Course {0} enrollment confirmed,0
Secure your {0} instantly,1
{0} validation needed today,1
New {0} available in your account,0
Document {0} requires your approval,0
Expense report {0} submitted,0
{0} pending confirmation,1
Act now to get bitcoin payment,1
{0} pending confirmation,1
Calendar invitation for {0},0
Meeting scheduled at 2pm,0
Suspicious activity on your credit card,1
Permit {0} approved,0
Budget {0} approved,0
Team {0} scheduled for tomorrow,0
Your {0} password expires soon,0
Course {0} enrollment confirmed,0
Project deadline extended to Friday,0
Payroll {0} processed,0
3pm attached for last month services,0
Your instant rebate is about to expire,1
Delivery {0} confirmed,0
Hotel {0} reservation confirmed,0
Your {0} access will be revoked,1
Meeting scheduled at October,0
Invoice {0} processed successfully,0
2pm team meeting agenda,0
Confirm your {0} details,1
Claim {0} within 24 hours,1
Budget {0} approved,0
Confirmation {0} email sent,0
Verification {0} completed,0
Get digital asset with this simple trick,1
Act now to get hidden benefit,1
You qualified for {0},1
Confirm your {0} details,1
New {0} available in your account,0
Claim your free steam wallet today,1
Flight {0} departure reminder,0
Permit {0} approved,0
Application {0} accepted,0
Confirmation {0} email sent,0
Hotel {0} reservation confirmed,0
Secure your {0} instantly,1
Hotel {0} reservation confirmed,0
Retrospective team meeting agenda,0
{0} has been awarded to you,1
Contract {0} approved,0
{0} ticket booked,0
{0} pending confirmation,1
Performance {0} completed,0
Project deadline extended to Q4,0
Q4 newsletter from your favorite blog,0
2pm attached for last month services,0
{0} notification alert,1
{0} report is ready to view,0
{0} requires immediate action,1
Certificate {0} issued,0
Meeting scheduled at Demo,0
New {0} available in your account,0
Invoice {0} processed successfully,0
Payroll {0} processed,0
{0} pending confirmation,1
Action required on your {0},1
Limited time offer: amazon voucher,1
Team {0} scheduled for tomorrow,0
You have won blockchain reward! Click the link now,1
Timesheet {0} recorded,0
Confirmation with colleagues at Confirmation,0
Congratulations! Claim your fraud alert today,1
Delivery {0} confirmed,0
Complete {0} registration now,1
Verify your paypal credit immediately,1
{0} pending confirmation,1
Hotel {0} reservation confirmed,0
Hotel {0} reservation confirmed,0
Act now to get payment method,1
{0} report is ready to view,0
Flight {0} departure reminder,0
Your {0} needs attention,1
{0} requires immediate action,1
Document {0} requires your approval,0
Payroll {0} processed,0
Timesheet {0} recorded,0
Budget {0} approved,0
Claim your free emergency update today,1
{0} training session scheduled,0
Order {0} shipped,0
Project deadline extended to Lecture,0
Flight {0} departure reminder,0
Act now to get inheritance,1
Limited time offer: tax refund,1
Receive {0} by clicking here,1
Project deadline extended to Session,0
Exclusive {0} for VIP members,1
Re-activate your {0} account,1
Action required on your {0},1
Your {0} subscription renewed,0
Your hidden benefit is about to expire,1
Calendar invitation for {0},0
{0} has been awarded to you,1
Q3 appointment confirmed,0
{0} has been awarded to you,1
Urgent: Your secret offer will be blocked,1
Certificate {0} issued,0
Training attached for last month services,0
{0} ticket booked,0
Don't miss out on this nft collection,1
Course {0} enrollment confirmed,0
Permit {0} approved,0
Your {0} access will be revoked,1
You qualified for {0},1
{0} training session scheduled,0
Claim your free emergency update today,1
Your {0} subscription renewed,0
Project deadline extended to Q1,0
{0} opportunity ends today,1
{0} validation needed today,1
Urgent: Your crypto reward will be blocked,1
Final notice: {0} expires today,1
Review {0} feedback sent,0
Feedback appointment confirmed,0
Your {0} request approved,1
Limited time offer: personal details,1
Re-activate your {0} account,1
Your {0} has been updated,0
{0} requires immediate action,1
{0} validation needed today,1
Congratulations! Claim your investment opportunity today,1
You qualified for {0},1
Document {0} requires your approval,0
Timesheet {0} recorded,0
Claim {0} within 24 hours,1
Budget {0} approved,0
Confirm your {0} details,1
Meeting notes {0} attached,0
Your account requires tax refund,1
Your {0} has been updated,0
Claim your free hidden benefit today,1
Status update on {0} project,0
{0} pending confirmation,1
Expense report {0} submitted,0
Don't miss out on this lottery prize,1
Payroll {0} processed,0
Application {0} accepted,0
Your {0} needs attention,1
Application {0} accepted,0
Review {0} feedback sent,0
Receive {0} by clicking here,1
New {0} available in your account,0
Your {0} subscription renewed,0
Your {0} password expires soon,0
Verify your personal details immediately,1
{0} opportunity ends today,1
Receive {0} by clicking here,1
{0} report is ready to view,0
Secure your {0} instantly,1
{0} validation needed today,1
Team {0} scheduled for tomorrow,0
Your {0} needs attention,1
Calendar invitation for {0},0
License {0} renewed,0
Review {0} feedback sent,0
Your {0} has been updated,0
Meeting notes {0} attached,0
Congratulations! Claim your free vacation today,1
Stop! You are missing out on {0},1
Limited time offer: credit card,1
Action required on your {0},1
Action required on your {0},1
Act now to get exclusive access,1
Claim your free inheritance today,1
{0} notification alert,1
Your {0} needs attention,1
Contract {0} approved,0
Your {0} access will be revoked,1
Your {0} password expires soon,0
New opportunity for {0},1
Status update on {0} project,0
Stop! You are missing out on {0},1
Your {0} has been updated,0
Application {0} accepted,0
Course {0} enrollment confirmed,0
Your account requires secret offer,1
Status update on {0} project,0
Special security code just for you,1
Your account requires exclusive deal,1
New opportunity for {0},1
Unlock your {0} instantly,1
Final notice: {0} expires today,1
Click here to {0},1
Hotel {0} reservation confirmed,0
{0} requires immediate action,1
{0} training session scheduled,0
Your {0} access will be revoked,1
Expense report {0} submitted,0
Forum dinner tonight at home,0
Review {0} feedback sent,0
{0} report is ready to view,0
Delivery {0} confirmed,0
{0} pending confirmation,1
Invoice {0} processed successfully,0
Invoice {0} processed successfully,0
Hotel {0} reservation confirmed,0
Permit {0} approved,0
{0} has been awarded to you,1
Action required on your {0},1
New opportunity for {0},1
Receive {0} by clicking here,1
Action required on your {0},1
Click here to {0},1
New opportunity for {0},1
Course {0} enrollment confirmed,0
Meeting notes {0} attached,0
{0} report is ready to view,0
Afternoon dinner tonight at home,0
Your {0} password expires soon,0
Certificate {0} issued,0
{0} opportunity ends today,1
Secure your {0} instantly,1
New opportunity for {0},1
Verification {0} completed,0
Your account requires special bonus,1
Planning appointment confirmed,0
Your {0} needs attention,1
Permit {0} approved,0
Limited time offer: unlimited credits,1
Reminder your Team is tomorrow,0
Claim your free investment opportunity today,1
Update your free vacation now,1
Your {0} password expires soon,0
Your account requires unlimited credits,1
10am dinner tonight at home,0
Unlock your {0} instantly,1
Invoice {0} processed successfully,0
License {0} renewed,0
Stop! You are missing out on {0},1
Q4 appointment confirmed,0
Claim your free digital asset today,1
Don't miss out on this cash back,1
Unlock your {0} instantly,1
Your prize money is about to expire,1
Invoice {0} processed successfully,0
Permit {0} approved,0
Claim {0} within 24 hours,1
Congratulations! Claim your bitcoin payment today,1
Limited time offer: digital asset,1
Action required on your {0},1
{0} opportunity ends today,1
Your account requires investment opportunity,1
{0} alert from security team,1
Project deadline extended to 7am,0
Your {0} needs attention,1
Your {0} request approved,1
Exclusive {0} for VIP members,1
Project deadline extended to 5pm,0
Click to receive your {0},1
{0} has been awarded to you,1
Delivery {0} confirmed,0
Meeting scheduled at Schedule,0
Timesheet {0} recorded,0
Budget {0} approved,0
Complete {0} registration now,1
Verification {0} completed,0
Review team meeting agenda,0
Your {0} has been updated,0
Exclusive {0} for VIP members,1
Claim {0} within 24 hours,1
Congratulations! Claim your password today,1
Wednesday with colleagues at Wednesday,0
Your account requires unlimited credits,1
{0} pending confirmation,1
Action required on your {0},1
Certificate {0} issued,0
Your account requires personal details,1
Your tax refund is about to expire,1
Meeting notes {0} attached,0
Delivery {0} confirmed,0
Exclusive {0} for VIP members,1
Review {0} feedback sent,0
{0} ticket booked,0
Training appointment confirmed,0
Get bank account with this simple trick,1
Receive {0} by clicking here,1
{0} training session scheduled,0
August attached for last month services,0
Your {0} request approved,1
Workshop newsletter from your favorite blog,0
Permit {0} approved,0
Claim your free password today,1
Special free vacation just for you,1
Exclusive {0} for VIP members,1
{0} opportunity ends today,1
Contract {0} approved,0
{0} pending confirmation,1
{0} pending confirmation,1
6pm attached for last month services,0
Document {0} requires your approval,0
Team {0} scheduled for tomorrow,0
License {0} renewed,0
New opportunity for {0},1
Your account requires unusual activity,1
Complete {0} registration now,1
Performance {0} completed,0
Complete {0} registration now,1
Saturday appointment confirmed,0
Confirm your {0} details,1
Your {0} request approved,1
{0} training session scheduled,0
Forum dinner tonight at home,0
Application {0} accepted,0
New {0} available in your account,0
Planning dinner tonight at home,0
Don't miss out on this account access,1
Secure your {0} instantly,1
New opportunity for {0},1
Calendar invitation for {0},0
Stop! You are missing out on {0},1
Confirmation {0} email sent,0
You have won credit card! Click the link now,1
{0} has been awarded to you,1
You qualified for {0},1
Your {0} subscription renewed,0
Budget {0} approved,0
Act now to get unlimited credits,1
Stop! You are missing out on {0},1
Urgent: Your paypal credit will be blocked,1
Congratulations you are selected for {0},1
Act now to get prize money,1
{0} opportunity ends today,1
Your money transfer is about to expire,1
{0} opportunity ends today,1
Timesheet {0} recorded,0
Application {0} accepted,0
Congratulations you are selected for {0},1
Your account requires amazon voucher,1
{0} validation needed today,1
Click here to {0},1
{0} notification alert,1
Claim your free account suspension today,1
Final notice: {0} expires today,1
License {0} renewed,0
Application {0} accepted,0
Confirm your {0} details,1
Verify your personal details immediately,1
{0} training session scheduled,0
{0} ticket booked,0
Get limited edition item with this simple trick,1
Reminder your 6pm is tomorrow,0
Payroll {0} processed,0
Re-activate your {0} account,1
Verify your free shipping immediately,1
4pm attached for last month services,0
Report dinner tonight at home,0
Claim {0} within 24 hours,1
Project deadline extended to Q3,0
Click to receive your {0},1
Confirm your {0} details,1
Click to receive your {0},1
{0} validation needed today,1
{0} ticket booked,0
Unlock your {0} instantly,1
Unlock your {0} instantly,1
License {0} renewed,0
Your account requires verification required,1
11am newsletter from your favorite blog,0
{0} report is ready to view,0
Stop! You are missing out on {0},1
Claim your free lottery prize today,1
Verify your password immediately,1
Your {0} request approved,1
Don't miss out on this security code,1
Sunday with colleagues at Sunday,0
Your {0} access will be revoked,1
Suspicious activity on your personal details,1
{0} has been awarded to you,1
Review {0} feedback sent,0
{0} validation needed today,1
Stop! You are missing out on {0},1
Stop! You are missing out on {0},1
Permit {0} approved,0
Click here to {0},1
Contract {0} approved,0
Final notice: {0} expires today,1
Flight {0} departure reminder,0
{0} has been awarded to you,1
Suspicious activity on your paypal credit,1
Document {0} requires your approval,0
Budget {0} approved,0
Budget {0} approved,0
Confirmation {0} email sent,0
Your {0} request approved,1
Stop! You are missing out on {0},1
{0} requires immediate action,1
{0} training session scheduled,0
You qualified for {0},1
Calendar invitation for {0},0
Verify your prize money immediately,1
Unlock your {0} instantly,1
Project deadline extended to 2pm,0
New {0} available in your account,0
Review {0} feedback sent,0
Urgent: Your blockchain reward will be blocked,1
Congratulations you are selected for {0},1
Special blockchain reward just for you,1
Performance {0} completed,0
Congratulations! Claim your verification required today,1
Review {0} feedback sent,0
Confirm your {0} details,1
Delivery {0} confirmed,0
Status update on {0} project,0
Don't miss out on this prize money,1
Verification {0} completed,0
You have won special bonus! Click the link now,1
Final notice: {0} expires today,1
You qualified for {0},1
Delivery {0} confirmed,0
Invoice {0} processed successfully,0
Permit {0} approved,0
Invoice {0} processed successfully,0
Stop! You are missing out on {0},1
Don't miss out on this free vacation,1
{0} validation needed today,1
{0} report is ready to view,0
Status update on {0} project,0
Act now to get steam wallet,1
Re-activate your {0} account,1
Wednesday team meeting agenda,0
Get premium upgrade with this simple trick,1
Reminder your 3pm is tomorrow,0
Act now to get secret offer,1
Hotel {0} reservation confirmed,0
Expense report {0} submitted,0
Document {0} requires your approval,0
{0} validation needed today,1
Course {0} enrollment confirmed,0
Course {0} enrollment confirmed,0
Your {0} has been updated,0
Final notice: {0} expires today,1
Order {0} shipped,0
Meeting notes {0} attached,0
{0} ticket booked,0
Review {0} feedback sent,0
{0} opportunity ends today,1
{0} training session scheduled,0
Congratulations you are selected for {0},1
Document {0} requires your approval,0
{0} report is ready to view,0
Delivery {0} confirmed,0
Team {0} scheduled for tomorrow,0
Project deadline extended to Tuesday,0
Claim your free nft collection today,1
Course {0} enrollment confirmed,0
Timesheet {0} recorded,0
{0} report is ready to view,0
Team {0} scheduled for tomorrow,0
Your {0} request approved,1
Permit {0} approved,0
You qualified for {0},1
Complete {0} registration now,1
Meeting scheduled at April,0
{0} alert from security team,1
November newsletter from your favorite blog,0
You have won bonus payment! Click the link now,1
{0} report is ready to view,0
Q1 team meeting agenda,0
Your {0} password expires soon,0
Status update on {0} project,0
New opportunity for {0},1
Congratulations you are selected for {0},1
Invoice dinner tonight at home,0
Your {0} has been updated,0
Confirmation {0} email sent,0
Payroll {0} processed,0
{0} validation needed today,1
{0} alert from security team,1
Congratulations you are selected for {0},1
Suspicious activity on your exclusive access,1
Your {0} subscription renewed,0
October appointment confirmed,0
Review {0} feedback sent,0
Order {0} shipped,0
Certificate {0} issued,0
Get unlimited credits with this simple trick,1
Your {0} needs attention,1
Verify your payment method immediately,1
{0} ticket booked,0
Your account requires wire funds,1
Your {0} request approved,1
Status update on {0} project,0
Your account requires investment opportunity,1
{0} notification alert,1
{0} report is ready to view,0
Update your fraud alert now,1
License {0} renewed,0
Claim your free limited edition item today,1
Receive {0} by clicking here,1
Confirmation {0} email sent,0
Application {0} accepted,0
Your account requires premium upgrade,1
Urgent: Your tax refund will be blocked,1
Your {0} subscription renewed,0
Verification {0} completed,0
Order {0} shipped,0
Claim your free special bonus today,1
Don't miss out on this nft collection,1
Reminder your July is tomorrow,0
{0} training session scheduled,0
Expense report {0} submitted,0
Reminder your October is tomorrow,0
Your exclusive deal is about to expire,1
Limited time offer: bitcoin payment,1
Confirmation {0} email sent,0
Congratulations! Claim your free shipping today,1
Course {0} enrollment confirmed,0
New opportunity for {0},1
Project deadline extended to October,0
Update your premium upgrade now,1
{0} report is ready to view,0
{0} notification alert,1
{0} training session scheduled,0
Performance {0} completed,0
Congratulations you are selected for {0},1
New {0} available in your account,0
Don't miss out on this blockchain reward,1
Your limited edition item is about to expire,1
{0} pending confirmation,1
Project deadline extended to 6pm,0
Update your secret offer now,1
Budget {0} approved,0
You have won emergency update! Click the link now,1
Limited time offer: free vacation,1
Budget {0} approved,0
Course {0} enrollment confirmed,0
Application {0} accepted,0
Receive {0} by clicking here,1
Complete {0} registration now,1
Verification {0} completed,0
Congratulations you are selected for {0},1
Verification {0} completed,0
Get ethereum stake with this simple trick,1
Application {0} accepted,0
Permit {0} approved,0
Suspicious activity on your lottery prize,1
{0} training session scheduled,0
Night with colleagues at Night,0
Kickoff with colleagues at Kickoff,0
{0} pending confirmation,1
Click here to {0},1
You qualified for {0},1
Hotel {0} reservation confirmed,0
Budget {0} approved,0
Performance {0} completed,0
Permit {0} approved,0
Your {0} needs attention,1
Project deadline extended to 9am,0
3pm appointment confirmed,0
{0} training session scheduled,0
Your {0} has been updated,0
Application {0} accepted,0
Timesheet {0} recorded,0
Permit {0} approved,0
Reminder your 4pm is tomorrow,0
Your {0} access will be revoked,1
Status update on {0} project,0
Verification {0} completed,0
Delivery {0} confirmed,0
Team {0} scheduled for tomorrow,0
Exclusive {0} for VIP members,1
Team {0} scheduled for tomorrow,0
Limited time offer: bank account,1
Final notice: {0} expires today,1
Get premium upgrade with this simple trick,1
Urgent: Your prize money will be blocked,1
Get money transfer with this simple trick,1
Your {0} access will be revoked,1
Timesheet {0} recorded,0
Flight {0} departure reminder,0
{0} opportunity ends today,1
New opportunity for {0},1
Certificate {0} issued,0
Re-activate your {0} account,1
7am newsletter from your favorite blog,0
Confirm your {0} details,1
Your {0} needs attention,1
Update your account access now,1
Special roblox tokens just for you,1
{0} pending confirmation,1
Congratulations you are selected for {0},1
Expense report {0} submitted,0
Permit {0} approved,0
Verify your inheritance immediately,1
Workshop newsletter from your favorite blog,0
{0} report is ready to view,0
Your {0} needs attention,1
Update your bank account now,1
Budget {0} approved,0
Application {0} accepted,0
Your {0} has been updated,0
Confirmation {0} email sent,0
Hotel {0} reservation confirmed,0
Claim {0} within 24 hours,1
Application {0} accepted,0
Reminder your Budget is tomorrow,0
Timesheet {0} recorded,0
Confirmation {0} email sent,0
Meeting notes {0} attached,0
Feedback with colleagues at Feedback,0
Don't miss out on this investment opportunity,1
Re-activate your {0} account,1
Your {0} request approved,1
Certificate {0} issued,0
Performance {0} completed,0
Project deadline extended to November,0
Meeting scheduled at Session,0
Stop! You are missing out on {0},1
Claim {0} within 24 hours,1
10am newsletter from your favorite blog,0
{0} notification alert,1
Team appointment confirmed,0
Application {0} accepted,0
Budget {0} approved,0
{0} alert from security team,1
New {0} available in your account,0
Your {0} password expires soon,0
New opportunity for {0},1
Contract {0} approved,0
Verify your payment method immediately,1
Confirm your {0} details,1
Your {0} access will be revoked,1
Receipt dinner tonight at home,0
Exclusive {0} for VIP members,1
Final notice: {0} expires today,1
Secure your {0} instantly,1
Limited time offer: free shipping,1
{0} alert from security team,1
Timesheet {0} recorded,0
Complete {0} registration now,1
Your {0} access will be revoked,1
Performance {0} completed,0
Your {0} has been updated,0
Suspicious activity on your premium upgrade,1
Your {0} access will be revoked,1
Meeting scheduled at Budget,0
Re-activate your {0} account,1
Limited time offer: unlimited credits,1
Click to receive your {0},1
You have won money transfer! Click the link now,1
Your {0} request approved,1
{0} opportunity ends today,1
Order {0} shipped,0
Action required on your {0},1
Click here to {0},1
Review {0} feedback sent,0
Your {0} password expires soon,0
Congratulations! Claim your money transfer today,1
Your {0} password expires soon,0
Delivery {0} confirmed,0
Forum with colleagues at Forum,0
{0} training session scheduled,0
Click to receive your {0},1
Unlock your {0} instantly,1
{0} notification alert,1
Don't miss out on this cash back,1
Limited time offer: bitcoin payment,1
Meeting scheduled at Thursday,0
Summit team meeting agenda,0
Complete {0} registration now,1
Your {0} needs attention,1
Limited time offer: fraud alert,1
May team meeting agenda,0
Budget {0} approved,0
Contract {0} approved,0
{0} training session scheduled,0
Unlock your {0} instantly,1
Calendar invitation for {0},0
Flight {0} departure reminder,0
Secure your {0} instantly,1
Your {0} request approved,1
October team meeting agenda,0
Limited time offer: hidden benefit,1
Complete {0} registration now,1
July dinner tonight at home,0
New {0} available in your account,0
Congratulations! Claim your secret offer today,1
Permit {0} approved,0
Invoice {0} processed successfully,0
Exclusive {0} for VIP members,1
Congratulations you are selected for {0},1
Budget {0} approved,0
Expense report {0} submitted,0
Status update on {0} project,0
Your {0} access will be revoked,1
{0} validation needed today,1
Application {0} accepted,0
New {0} available in your account,0
Invoice {0} processed successfully,0
Review attached for last month services,0
{0} pending confirmation,1
Re-activate your {0} account,1
Permit {0} approved,0
{0} alert from security team,1
Congratulations! Claim your unusual activity today,1
{0} training session scheduled,0
Unlock your {0} instantly,1
{0} report is ready to view,0
Confirm your {0} details,1
Your {0} subscription renewed,0
Get gift card with this simple trick,1
Your account requires cash back,1
Your {0} access will be revoked,1
Suspicious activity on your amazon voucher,1
Action required on your {0},1
Complete {0} registration now,1
Calendar invitation for {0},0
Delivery {0} confirmed,0
Your {0} password expires soon,0
Claim your free digital asset today,1
Your {0} needs attention,1
{0} ticket booked,0
Your {0} needs attention,1
You qualified for {0},1
Unlock your {0} instantly,1
Your {0} has been updated,0
Certificate {0} issued,0
Course {0} enrollment confirmed,0
Congratulations you are selected for {0},1
Claim {0} within 24 hours,1
{0} alert from security team,1
{0} notification alert,1
Get credit card with this simple trick,1
Budget {0} approved,0
{0} notification alert,1
Claim {0} within 24 hours,1
Contract {0} approved,0
Document {0} requires your approval,0
New opportunity for {0},1
{0} validation needed today,1
Meeting scheduled at Summit,0
{0} opportunity ends today,1
Action required on your {0},1
Your {0} has been updated,0
Click here to {0},1
Invoice {0} processed successfully,0
{0} alert from security team,1
Limited time offer: wire funds,1
Timesheet {0} recorded,0
Permit {0} approved,0
Project deadline extended to Demo,0
Expense report {0} submitted,0
{0} validation needed today,1
Unlock your {0} instantly,1
{0} ticket booked,0
You qualified for {0},1
Your {0} has been updated,0
Payroll {0} processed,0
Status update on {0} project,0
Contract {0} approved,0
{0} notification alert,1
Your account requires cash back,1
{0} ticket booked,0
Click here to {0},1
License {0} renewed,0
Meeting notes {0} attached,0
Claim {0} within 24 hours,1
{0} alert from security team,1
{0} has been awarded to you,1
{0} training session scheduled,0
Your {0} subscription renewed,0
Your {0} subscription renewed,0
Don't miss out on this free vacation,1
Review {0} feedback sent,0
License {0} renewed,0
Verification {0} completed,0
Project deadline extended to Meeting,0
Click here to {0},1
Presentation newsletter from your favorite blog,0
{0} report is ready to view,0
Receipt appointment confirmed,0
Unlock your {0} instantly,1
Payroll {0} processed,0
License {0} renewed,0
Details with colleagues at Details,0
Verification {0} completed,0
{0} alert from security team,1
Congratulations you are selected for {0},1
Reminder your 11am is tomorrow,0
Congratulations you are selected for {0},1
Planning team meeting agenda,0
Unlock your {0} instantly,1
December appointment confirmed,0
{0} notification alert,1
Congratulations you are selected for {0},1
Final notice: {0} expires today,1
Congratulations! Claim your security code today,1
Calendar invitation for {0},0
Report dinner tonight at home,0
Contract {0} approved,0
Urgent: Your free shipping will be blocked,1
Your {0} password expires soon,0
Act now to get payment confirmation,1
7am team meeting agenda,0
{0} has been awarded to you,1
Certificate {0} issued,0
Your {0} request approved,1
Retrospective attached for last month services,0
{0} validation needed today,1
{0} report is ready to view,0
Update your paypal credit now,1
You qualified for {0},1
Congratulations you are selected for {0},1
Expense report {0} submitted,0
Act now to get instant rebate,1
You have won lottery prize! Click the link now,1
Q3 appointment confirmed,0
{0} notification alert,1
Special inheritance just for you,1
Congratulations you are selected for {0},1
Certificate {0} issued,0
Update your tax refund now,1
Document {0} requires your approval,0
Expense report {0} submitted,0
Permit {0} approved,0
Unlock your {0} instantly,1
Update your exclusive access now,1
Confirmation team meeting agenda,0
9am appointment confirmed,0
Unlock your {0} instantly,1
Application {0} accepted,0
{0} alert from security team,1
Verification {0} completed,0
Congratulations! Claim your crypto reward today,1
Your account requires unlimited credits,1
Your account requires prize money,1
Document {0} requires your approval,0
Receive {0} by clicking here,1
Your {0} needs attention,1
Delivery {0} confirmed,0
Your account requires early bird discount,1
{0} has been awarded to you,1
Claim your free instant rebate today,1
Your {0} subscription renewed,0
{0} alert from security team,1
Expense report {0} submitted,0
Class with colleagues at Class,0
Click to receive your {0},1
{0} has been awarded to you,1
Receipt newsletter from your favorite blog,0
Your {0} needs attention,1
Update your amazon voucher now,1
Review with colleagues at Review,0
Congratulations! Claim your exclusive deal today,1
{0} alert from security team,1
Don't miss out on this hidden benefit,1
{0} requires immediate action,1
June appointment confirmed,0
Secure your {0} instantly,1
{0} training session scheduled,0
Review {0} feedback sent,0
Certificate {0} issued,0
Certificate {0} issued,0
Receive {0} by clicking here,1
Click to receive your {0},1
{0} ticket booked,0
Timesheet {0} recorded,0
Budget attached for last month services,0
Verification {0} completed,0
Weekly dinner tonight at home,0
Re-activate your {0} account,1
Reminder your Training is tomorrow,0
Click to receive your {0},1
Permit {0} approved,0
Your payment method is about to expire,1
Invoice team meeting agenda,0
Confirm your {0} details,1
Budget {0} approved,0
Re-activate your {0} account,1
{0} requires immediate action,1
Performance {0} completed,0
Your {0} subscription renewed,0
Contract {0} approved,0
Verification {0} completed,0
Update your paypal credit now,1
Performance {0} completed,0
Budget {0} approved,0
Your {0} needs attention,1
February team meeting agenda,0
License {0} renewed,0
Application {0} accepted,0
Monday dinner tonight at home,0
Timesheet {0} recorded,0
Complete {0} registration now,1
Your {0} needs attention,1
Budget {0} approved,0
{0} alert from security team,1
Review {0} feedback sent,0
Update your lottery prize now,1
Flight {0} departure reminder,0
Complete {0} registration now,1
Limited time offer: cash back,1
{0} alert from security team,1
Seminar team meeting agenda,0
Status update on {0} project,0
Final notice: {0} expires today,1
{0} requires immediate action,1
Course {0} enrollment confirmed,0
{0} ticket booked,0
Action required on your {0},1
Secure your {0} instantly,1
{0} has been awarded to you,1
Project deadline extended to Conference,0
Exclusive {0} for VIP members,1
Urgent: Your lottery prize will be blocked,1
Congratulations you are selected for {0},1
Claim your free crypto reward today,1
Your {0} subscription renewed,0
{0} alert from security team,1
Verification {0} completed,0
Act now to get steam wallet,1
Flight {0} departure reminder,0
Exclusive {0} for VIP members,1
Status update on {0} project,0
You have won secret offer! Click the link now,1
Unlock your {0} instantly,1
Don't miss out on this gift card,1
{0} requires immediate action,1
Timesheet {0} recorded,0
{0} validation needed today,1
Re-activate your {0} account,1
Final notice: {0} expires today,1
Sunday dinner tonight at home,0
November dinner tonight at home,0
Click to receive your {0},1
{0} pending confirmation,1
Flight {0} departure reminder,0
Re-activate your {0} account,1
Expense report {0} submitted,0
Certificate {0} issued,0
Your {0} password expires soon,0
Secure your {0} instantly,1
Permit {0} approved,0
Performance {0} completed,0
Act now to get wire funds,1
Suspicious activity on your bonus payment,1
Team {0} scheduled for tomorrow,0
Get personal details with this simple trick,1
Urgent: Your limited edition item will be blocked,1
Invoice {0} processed successfully,0
Exclusive {0} for VIP members,1
Your {0} access will be revoked,1
Q2 attached for last month services,0
Your {0} has been updated,0
Your {0} access will be revoked,1
Your {0} request approved,1
Claim your free digital asset today,1
Course {0} enrollment confirmed,0
Complete {0} registration now,1
Certificate {0} issued,0
Permit {0} approved,0
Project deadline extended to 9am,0
Application {0} accepted,0
Suspicious activity on your inheritance,1
Permit {0} approved,0
License {0} renewed,0
Unlock your {0} instantly,1
Delivery {0} confirmed,0
Don't miss out on this paypal credit,1
{0} alert from security team,1
Receive {0} by clicking here,1
Team {0} scheduled for tomorrow,0
Special membership status just for you,1
Complete {0} registration now,1
Verification {0} completed,0
Your {0} request approved,1
Hotel {0} reservation confirmed,0
Your {0} has been updated,0
Re-activate your {0} account,1
Congratulations! Claim your account suspension today,1
Meeting notes {0} attached,0
Budget {0} approved,0
Morning dinner tonight at home,0
Budget {0} approved,0
Document {0} requires your approval,0
Your {0} password expires soon,0
Verify your steam wallet immediately,1
Payroll {0} processed,0
Application {0} accepted,0
Your fraud alert is about to expire,1
Action required on your {0},1
New {0} available in your account,0
Reminder your Report is tomorrow,0
Your account requires paypal credit,1
5pm attached for last month services,0
Delivery {0} confirmed,0
Reminder your 2pm is tomorrow,0
Receive {0} by clicking here,1
Verification {0} completed,0
{0} report is ready to view,0
Expense report {0} submitted,0
Special bonus payment just for you,1
{0} report is ready to view,0
Claim your free verification required today,1
Suspicious activity on your bitcoin payment,1
Act now to get prize money,1
Claim your free payment method today,1
Invoice {0} processed successfully,0
Your {0} needs attention,1
Q4 with colleagues at Q4,0
Order {0} shipped,0
Summit dinner tonight at home,0
You have won bitcoin payment! Click the link now,1
Permit {0} approved,0
Reminder your Evening is tomorrow,0
Your account requires itunes gift card,1
Your account requires payment confirmation,1
Your account requires premium upgrade,1
Application {0} accepted,0
Exclusive {0} for VIP members,1
You have won payment confirmation! Click the link now,1
Act now to get free shipping,1
2pm team meeting agenda,0
Course {0} enrollment confirmed,0
Your {0} request approved,1
Limited time offer: tax refund,1
{0} requires immediate action,1
Review {0} feedback sent,0
Urgent: Your early bird discount will be blocked,1
Verification {0} completed,0
Confirm your {0} details,1
Budget {0} approved,0
December appointment confirmed,0
You qualified for {0},1
Verification {0} completed,0
Project deadline extended to Friday,0
Your {0} password expires soon,0
Project deadline extended to Review,0
Review {0} feedback sent,0
Stop! You are missing out on {0},1
Unlock your {0} instantly,1
Action required on your {0},1
Congratulations you are selected for {0},1
Budget {0} approved,0
Certificate {0} issued,0
New opportunity for {0},1
Congratulations! Claim your amazon voucher today,1
Urgent: Your early bird discount will be blocked,1
Complete {0} registration now,1
Meeting scheduled at Monthly,0
Get membership status with this simple trick,1
Final notice: {0} expires today,1
Project deadline extended to Tuesday,0
Certificate {0} issued,0
Delivery {0} confirmed,0
New opportunity for {0},1
Timesheet {0} recorded,0
Suspicious activity on your payment method,1
You qualified for {0},1
Act now to get payment method,1
{0} notification alert,1
Payroll {0} processed,0
{0} notification alert,1
Reminder your October is tomorrow,0
Agenda with colleagues at Agenda,0
Your early bird discount is about to expire,1
Invoice {0} processed successfully,0
Receive {0} by clicking here,1
Your {0} needs attention,1
Order {0} shipped,0
Confirm your {0} details,1
Your {0} access will be revoked,1
{0} validation needed today,1
Final notice: {0} expires today,1
New opportunity for {0},1
Limited time offer: gift card,1
{0} notification alert,1
Action required on your {0},1
You qualified for {0},1
{0} has been awarded to you,1
Urgent: Your early bird discount will be blocked,1
Status update on {0} project,0
Action required on your {0},1
Calendar invitation for {0},0
Webinar newsletter from your favorite blog,0
Calendar invitation for {0},0
You qualified for {0},1
Calendar invitation for {0},0
{0} alert from security team,1
Secure your {0} instantly,1
You qualified for {0},1
Your {0} has been updated,0
Expense report {0} submitted,0
Special bank account just for you,1
You qualified for {0},1
Suspicious activity on your unlimited credits,1
{0} validation needed today,1
Congratulations you are selected for {0},1
New opportunity for {0},1
Final notice: {0} expires today,1
Team {0} scheduled for tomorrow,0
Permit {0} approved,0
Payroll {0} processed,0
{0} requires immediate action,1
Expense report {0} submitted,0
{0} validation needed today,1
{0} opportunity ends today,1
Your {0} subscription renewed,0
Team {0} scheduled for tomorrow,0
{0} notification alert,1
Get inheritance with this simple trick,1
Your {0} needs attention,1
Payroll {0} processed,0
Review {0} feedback sent,0
Permit {0} approved,0
{0} ticket booked,0
Click here to {0},1
Your {0} needs attention,1
Course {0} enrollment confirmed,0
Re-activate your {0} account,1
Action required on your {0},1
Click to receive your {0},1
{0} report is ready to view,0
Meeting scheduled at Sunday,0
4pm with colleagues at 4pm,0
Team {0} scheduled for tomorrow,0
Order {0} shipped,0
Your {0} needs attention,1
{0} report is ready to view,0
Delivery {0} confirmed,0
{0} validation needed today,1
Your exclusive deal is about to expire,1
Delivery {0} confirmed,0
You have won instant rebate! Click the link now,1
Reminder your Agenda is tomorrow,0
Meeting notes {0} attached,0
Your {0} request approved,1
Get account suspension with this simple trick,1
Flight {0} departure reminder,0
Your bitcoin payment is about to expire,1
Timesheet {0} recorded,0
New opportunity for {0},1
Meeting notes {0} attached,0
{0} alert from security team,1
Budget {0} approved,0
{0} validation needed today,1
Your free vacation is about to expire,1
Retrospective dinner tonight at home,0
License {0} renewed,0
September with colleagues at September,0
Evening newsletter from your favorite blog,0
Confirm your {0} details,1
Performance {0} completed,0
Meeting notes {0} attached,0
Unlock your {0} instantly,1
Your {0} access will be revoked,1
Final notice: {0} expires today,1
Re-activate your {0} account,1
Confirmation {0} email sent,0
Your {0} password expires soon,0
Re-activate your {0} account,1
Document {0} requires your approval,0
Flight {0} departure reminder,0
Your account requires verification required,1
{0} notification alert,1
Your {0} subscription renewed,0
Payroll {0} processed,0
Re-activate your {0} account,1
{0} notification alert,1
Suspicious activity on your itunes gift card,1
March appointment confirmed,0
Stop! You are missing out on {0},1
{0} has been awarded to you,1
Budget {0} approved,0
Certificate {0} issued,0
{0} training session scheduled,0
Meeting scheduled at 11am,0
You have won steam wallet! Click the link now,1
Stop! You are missing out on {0},1
License {0} renewed,0
{0} alert from security team,1
Verify your unusual activity immediately,1
New opportunity for {0},1
Your {0} has been updated,0
Re-activate your {0} account,1
Flight {0} departure reminder,0
{0} training session scheduled,0
Verification {0} completed,0
Congratulations you are selected for {0},1
Payroll {0} processed,0
Reminder your Budget is tomorrow,0
{0} training session scheduled,0
Get credit card with this simple trick,1
Workshop with colleagues at Workshop,0
Exclusive {0} for VIP members,1
{0} pending confirmation,1
{0} alert from security team,1
Confirmation dinner tonight at home,0
Certificate {0} issued,0
Your account requires free shipping,1
{0} training session scheduled,0
Congratulations! Claim your ethereum stake today,1
Q1 appointment confirmed,0
Saturday attached for last month services,0
Your {0} subscription renewed,0
Act now to get credit card,1
Status update on {0} project,0
Team {0} scheduled for tomorrow,0
Claim your free crypto reward today,1
Performance {0} completed,0
Performance {0} completed,0
{0} training session scheduled,0
Certificate {0} issued,0
Unlock your {0} instantly,1
Invoice {0} processed successfully,0
You qualified for {0},1
Payroll {0} processed,0
Status update on {0} project,0
Your account requires membership status,1
Permit {0} approved,0
Review {0} feedback sent,0
New opportunity for {0},1
{0} training session scheduled,0
Document {0} requires your approval,0
Expense report {0} submitted,0
{0} opportunity ends today,1
Certificate {0} issued,0
{0} training session scheduled,0
Meeting notes {0} attached,0
Payroll {0} processed,0
Certificate {0} issued,0
Limited time offer: free shipping,1
Payroll {0} processed,0
New opportunity for {0},1
Application {0} accepted,0
New {0} available in your account,0
Timesheet {0} recorded,0
License {0} renewed,0
Click to receive your {0},1
You have won exclusive access! Click the link now,1
Flight {0} departure reminder,0
Flight {0} departure reminder,0
{0} ticket booked,0
Contract {0} approved,0
Congratulations you are selected for {0},1
You have won blockchain reward! Click the link now,1
Secure your {0} instantly,1
Reminder your Update is tomorrow,0
Claim your free emergency update today,1
{0} notification alert,1
Your payment confirmation is about to expire,1
You qualified for {0},1
Click here to {0},1
Invoice {0} processed successfully,0
{0} report is ready to view,0
Get instant rebate with this simple trick,1
Your {0} needs attention,1
Expense report {0} submitted,0
Click here to {0},1
Special amazon voucher just for you,1
Budget {0} approved,0
Receive {0} by clicking here,1
Final notice: {0} expires today,1
Click to receive your {0},1
Friday newsletter from your favorite blog,0
Invoice {0} processed successfully,0
Verification {0} completed,0
Flight {0} departure reminder,0
Your {0} subscription renewed,0
Verify your free vacation immediately,1
Click to receive your {0},1
Suspicious activity on your tax refund,1
{0} pending confirmation,1
{0} validation needed today,1
Limited time offer: password,1
Click here to {0},1
{0} requires immediate action,1
Performance {0} completed,0
Unlock your {0} instantly,1
Flight {0} departure reminder,0
Meeting notes {0} attached,0
Permit {0} approved,0
Status update on {0} project,0
Contract {0} approved,0
Meeting scheduled at Q2,0
Meeting notes {0} attached,0
{0} alert from security team,1
{0} requires immediate action,1
Confirm your {0} details,1
Reminder your 10am is tomorrow,0
February dinner tonight at home,0
Your {0} has been updated,0
Claim {0} within 24 hours,1
Receive {0} by clicking here,1
Act now to get itunes gift card,1
Congratulations you are selected for {0},1
You have won unusual activity! Click the link now,1
Flight {0} departure reminder,0
Click to receive your {0},1
Claim {0} within 24 hours,1
Congratulations you are selected for {0},1
8am newsletter from your favorite blog,0
Hotel {0} reservation confirmed,0
Calendar invitation for {0},0
{0} report is ready to view,0
Payroll {0} processed,0
{0} validation needed today,1
Hotel {0} reservation confirmed,0
Invoice {0} processed successfully,0
Application {0} accepted,0
Stop! You are missing out on {0},1
New {0} available in your account,0
Reminder your Agenda is tomorrow,0
Budget newsletter from your favorite blog,0
Calendar invitation for {0},0
Status update on {0} project,0
{0} ticket booked,0
{0} requires immediate action,1
Receive {0} by clicking here,1
Final notice: {0} expires today,1
You qualified for {0},1
{0} has been awarded to you,1
Click to receive your {0},1
Project deadline extended to Planning,0
Contract {0} approved,0
Stop! You are missing out on {0},1
Your {0} needs attention,1
Review {0} feedback sent,0
Stop! You are missing out on {0},1
Course {0} enrollment confirmed,0
Your crypto reward is about to expire,1
Urgent: Your emergency update will be blocked,1
Verification {0} completed,0
Don't miss out on this inheritance,1
You qualified for {0},1
Retrospective newsletter from your favorite blog,0
Budget {0} approved,0
Click here to {0},1
Re-activate your {0} account,1
Urgent: Your account access will be blocked,1
Invoice {0} processed successfully,0
Confirm your {0} details,1
Calendar invitation for {0},0
Expense report {0} submitted,0
Confirm your {0} details,1
{0} ticket booked,0
Get fraud alert with this simple trick,1
{0} requires immediate action,1
Reminder your May is tomorrow,0
{0} requires immediate action,1
Re-activate your {0} account,1
{0} opportunity ends today,1
Your {0} access will be revoked,1
Act now to get hidden benefit,1
{0} has been awarded to you,1
Confirmation {0} email sent,0
Suspicious activity on your emergency update,1
Delivery {0} confirmed,0
Your {0} has been updated,0
New opportunity for {0},1
Confirmation {0} email sent,0
{0} has been awarded to you,1
Your special bonus is about to expire,1
Review {0} feedback sent,0
Your {0} needs attention,1
Contract {0} approved,0
Congratulations you are selected for {0},1
Hotel {0} reservation confirmed,0
Order {0} shipped,0
Your account requires nft collection,1
You qualified for {0},1
Delivery {0} confirmed,0
July attached for last month services,0
Claim your free personal details today,1
Receive {0} by clicking here,1
Action required on your {0},1
Action required on your {0},1
Update your account suspension now,1
Stop! You are missing out on {0},1
Stop! You are missing out on {0},1
Verify your itunes gift card immediately,1
Don't miss out on this itunes gift card,1
Complete {0} registration now,1
{0} alert from security team,1
Verify your free vacation immediately,1
Contract {0} approved,0
Invoice {0} processed successfully,0
Flight {0} departure reminder,0
{0} report is ready to view,0
Your {0} access will be revoked,1
Demo with colleagues at Demo,0
Don't miss out on this early bird discount,1
You qualified for {0},1
Monthly attached for last month services,0
October team meeting agenda,0
Act now to get fraud alert,1
Your membership status is about to expire,1
Order {0} shipped,0
Unlock your {0} instantly,1
Update your prize money now,1
Status update on {0} project,0
Congratulations you are selected for {0},1
Budget {0} approved,0
Calendar invitation for {0},0
Don't miss out on this tax refund,1
Contract {0} approved,0
Secure your {0} instantly,1
Exclusive {0} for VIP members,1
Verification {0} completed,0
{0} has been awarded to you,1
{0} alert from security team,1
Document {0} requires your approval,0
Monday team meeting agenda,0
{0} training session scheduled,0
New {0} available in your account,0
Stop! You are missing out on {0},1
Calendar invitation for {0},0
Meeting scheduled at Lecture,0
{0} alert from security team,1
Reminder your Morning is tomorrow,0
Special crypto reward just for you,1
Permit {0} approved,0
Act now to get itunes gift card,1
Your {0} needs attention,1
Re-activate your {0} account,1
Final notice: {0} expires today,1
Claim your free exclusive deal today,1
New opportunity for {0},1
{0} requires immediate action,1
Webinar attached for last month services,0
Click here to {0},1
Action required on your {0},1
Certificate {0} issued,0
Payroll {0} processed,0
Reminder your August is tomorrow,0
Stop! You are missing out on {0},1
Document {0} requires your approval,0
Suspicious activity on your personal details,1
{0} pending confirmation,1
Application {0} accepted,0
Your emergency update is about to expire,1
Confirm your {0} details,1
Click to receive your {0},1
New {0} available in your account,0
Congratulations! Claim your bank account today,1
Special payment confirmation just for you,1
Stop! You are missing out on {0},1
Project deadline extended to Morning,0
Confirmation {0} email sent,0
{0} training session scheduled,0
Complete {0} registration now,1
Kickoff newsletter from your favorite blog,0
{0} alert from security team,1
{0} notification alert,1
{0} ticket booked,0
Status update on {0} project,0
Team {0} scheduled for tomorrow,0
Your security code is about to expire,1
Certificate {0} issued,0
February with colleagues at February,0
Your credit card is about to expire,1
You qualified for {0},1
Payroll {0} processed,0
Review {0} feedback sent,0
Meeting scheduled at September,0
{0} report is ready to view,0
Unlock your {0} instantly,1
Congratulations! Claim your free vacation today,1
Stop! You are missing out on {0},1
Unlock your {0} instantly,1
Your {0} access will be revoked,1
November attached for last month services,0
Receipt dinner tonight at home,0
Project deadline extended to Discussion,0
Expense report {0} submitted,0
You have won limited edition item! Click the link now,1
Click here to {0},1
Meeting notes {0} attached,0
Secure your {0} instantly,1
Monday team meeting agenda,0
Tuesday team meeting agenda,0
Hotel {0} reservation confirmed,0
Special password just for you,1
Congratulations! Claim your free shipping today,1
Invoice {0} processed successfully,0
Limited time offer: amazon voucher,1
Status update on {0} project,0
Delivery {0} confirmed,0
Your {0} password expires soon,0
Urgent: Your bonus payment will be blocked,1
{0} alert from security team,1
{0} pending confirmation,1
Hotel {0} reservation confirmed,0
Meeting notes {0} attached,0
{0} validation needed today,1
{0} opportunity ends today,1
Review appointment confirmed,0
Complete {0} registration now,1
{0} notification alert,1
Budget {0} approved,0
Application {0} accepted,0
{0} validation needed today,1
Click here to {0},1
You have won payment confirmation! Click the link now,1
Limited time offer: bonus payment,1
Re-activate your {0} account,1
Workshop appointment confirmed,0
Meeting scheduled at 9am,0
Receipt appointment confirmed,0
Document {0} requires your approval,0
{0} training session scheduled,0
Receipt appointment confirmed,0
Verify your steam wallet immediately,1
Course {0} enrollment confirmed,0
Kickoff newsletter from your favorite blog,0
Update your lottery prize now,1
Schedule team meeting agenda,0
Invoice {0} processed successfully,0
Payroll {0} processed,0
11am appointment confirmed,0
Feedback newsletter from your favorite blog,0
Flight {0} departure reminder,0
Exclusive {0} for VIP members,1
{0} alert from security team,1
Limited time offer: gift card,1
Invoice {0} processed successfully,0
Complete {0} registration now,1
{0} alert from security team,1
Tuesday newsletter from your favorite blog,0
Receive {0} by clicking here,1
Expense report {0} submitted,0
2pm attached for last month services,0
Complete {0} registration now,1
{0} report is ready to view,0
Verify your free vacation immediately,1
{0} pending confirmation,1
Your {0} access will be revoked,1
Review {0} feedback sent,0
Your {0} access will be revoked,1
Don't miss out on this amazon voucher,1
Your {0} subscription renewed,0
Your account requires early bird discount,1
Review {0} feedback sent,0
Exclusive {0} for VIP members,1
Your {0} subscription renewed,0
Your blockchain reward is about to expire,1
Calendar invitation for {0},0
Payroll {0} processed,0
Complete {0} registration now,1
You have won money transfer! Click the link now,1
Re-activate your {0} account,1
Click here to {0},1
Evening dinner tonight at home,0
Congratulations you are selected for {0},1
Meeting scheduled at February,0
Stop! You are missing out on {0},1
Secure your {0} instantly,1
Congratulations you are selected for {0},1
Meeting scheduled at Review,0
Don't miss out on this lottery prize,1
Click here to {0},1
You qualified for {0},1
Status update on {0} project,0
New {0} available in your account,0
Performance {0} completed,0
Meeting scheduled at Confirmation,0
Tuesday team meeting agenda,0
Update your investment opportunity now,1
Unlock your {0} instantly,1
Timesheet {0} recorded,0
Permit {0} approved,0
Review attached for last month services,0
{0} validation needed today,1
{0} ticket booked,0
New opportunity for {0},1
May attached for last month services,0
Don't miss out on this wire funds,1
Update your payment method now,1
{0} validation needed today,1
Unlock your {0} instantly,1
Your {0} access will be revoked,1
Afternoon attached for last month services,0
{0} notification alert,1
Permit {0} approved,0
Unlock your {0} instantly,1
Stop! You are missing out on {0},1
Calendar invitation for {0},0
Performance {0} completed,0
Expense report {0} submitted,0
Special roblox tokens just for you,1
{0} training session scheduled,0
Delivery {0} confirmed,0
Congratulations! Claim your cash back today,1
Act now to get paypal credit,1
{0} pending confirmation,1
{0} notification alert,1
Review {0} feedback sent,0
Final notice: {0} expires today,1
Exclusive {0} for VIP members,1
Morning appointment confirmed,0
Your {0} subscription renewed,0
Act now to get premium upgrade,1
Invoice {0} processed successfully,0
Your {0} subscription renewed,0
{0} report is ready to view,0
Suspicious activity on your security code,1
{0} validation needed today,1
Timesheet {0} recorded,0
Action required on your {0},1
License {0} renewed,0
{0} training session scheduled,0
Exclusive {0} for VIP members,1
Exclusive {0} for VIP members,1
Urgent: Your digital asset will be blocked,1
Meeting notes {0} attached,0
{0} ticket booked,0
Course {0} enrollment confirmed,0
Your {0} has been updated,0
Expense report {0} submitted,0
Delivery {0} confirmed,0
Team {0} scheduled for tomorrow,0
Your {0} access will be revoked,1
Flight {0} departure reminder,0
Congratulations you are selected for {0},1
Limited time offer: bitcoin payment,1
Your {0} request approved,1
License {0} renewed,0
Budget {0} approved,0
Your {0} request approved,1
Act now to get tax refund,1
Course {0} enrollment confirmed,0
Final notice: {0} expires today,1
{0} has been awarded to you,1
Click to receive your {0},1
Congratulations you are selected for {0},1
Your {0} request approved,1
Act now to get exclusive access,1
License {0} renewed,0
New {0} available in your account,0
Final notice: {0} expires today,1
Morning team meeting agenda,0
Limited time offer: membership status,1
{0} validation needed today,1
Don't miss out on this free shipping,1
Congratulations you are selected for {0},1
Confirmation {0} email sent,0
Claim {0} within 24 hours,1
Morning dinner tonight at home,0
Delivery {0} confirmed,0
Exclusive {0} for VIP members,1
Suspicious activity on your free vacation,1
Timesheet {0} recorded,0
Complete {0} registration now,1
Congratulations! Claim your nft collection today,1
Payroll {0} processed,0
Secure your {0} instantly,1
Forum attached for last month services,0
Limited time offer: paypal credit,1
Budget {0} approved,0
Final notice: {0} expires today,1
{0} training session scheduled,0
Application {0} accepted,0
Confirmation {0} email sent,0
Your {0} subscription renewed,0
Budget {0} approved,0
Confirmation {0} email sent,0
Your {0} request approved,1
You qualified for {0},1
Certificate {0} issued,0
Permit {0} approved,0
Final notice: {0} expires today,1
Timesheet {0} recorded,0
Claim {0} within 24 hours,1
Delivery {0} confirmed,0
{0} opportunity ends today,1
10am dinner tonight at home,0
Calendar invitation for {0},0
{0} requires immediate action,1
Re-activate your {0} account,1
{0} opportunity ends today,1
Confirmation {0} email sent,0
Final notice: {0} expires today,1
{0} ticket booked,0
Complete {0} registration now,1
Your {0} needs attention,1
{0} validation needed today,1
Application {0} accepted,0
Reminder your July is tomorrow,0
Claim {0} within 24 hours,1
Your {0} subscription renewed,0
Hotel {0} reservation confirmed,0
Team {0} scheduled for tomorrow,0
Permit {0} approved,0
Flight {0} departure reminder,0
Get special bonus with this simple trick,1
Receive {0} by clicking here,1
Congratulations! Claim your credit card today,1
Final notice: {0} expires today,1
Unlock your {0} instantly,1
Action required on your {0},1
Your {0} password expires soon,0
Action required on your {0},1
Order {0} shipped,0
Course {0} enrollment confirmed,0
Team {0} scheduled for tomorrow,0
Your {0} has been updated,0
Performance {0} completed,0
Timesheet {0} recorded,0
{0} notification alert,1
Stop! You are missing out on {0},1
Limited time offer: hidden benefit,1
Click here to {0},1
Q3 dinner tonight at home,0
Course {0} enrollment confirmed,0
Q4 newsletter from your favorite blog,0
Team {0} scheduled for tomorrow,0
Document {0} requires your approval,0
{0} notification alert,1
New {0} available in your account,0
Calendar invitation for {0},0
Confirmation {0} email sent,0
Get instant rebate with this simple trick,1
Review {0} feedback sent,0
{0} training session scheduled,0
Order {0} shipped,0
Your {0} has been updated,0
Payroll {0} processed,0
New {0} available in your account,0
Your verification required is about to expire,1
Re-activate your {0} account,1
{0} notification alert,1
{0} has been awarded to you,1
Urgent: Your exclusive access will be blocked,1
Certificate {0} issued,0
{0} has been awarded to you,1
Re-activate your {0} account,1
Status update on {0} project,0
Team {0} scheduled for tomorrow,0
Act now to get account suspension,1
Complete {0} registration now,1
Your unusual activity is about to expire,1
Verification {0} completed,0
2pm with colleagues at 2pm,0
Your {0} subscription renewed,0
Certificate {0} issued,0
{0} pending confirmation,1
{0} report is ready to view,0
{0} notification alert,1
{0} alert from security team,1
Certificate {0} issued,0
Project deadline extended to Q1,0
Performance {0} completed,0
{0} training session scheduled,0
Urgent: Your account suspension will be blocked,1
{0} opportunity ends today,1
Timesheet {0} recorded,0
Expense report {0} submitted,0
Reminder your Workshop is tomorrow,0
Course {0} enrollment confirmed,0
Re-activate your {0} account,1
Your exclusive access is about to expire,1
Review {0} feedback sent,0
Your {0} needs attention,1
Confirm your {0} details,1
{0} requires immediate action,1
Confirm your {0} details,1
Permit {0} approved,0
Secure your {0} instantly,1
Delivery {0} confirmed,0
Your {0} access will be revoked,1
Review {0} feedback sent,0
{0} validation needed today,1
{0} pending confirmation,1
Application {0} accepted,0
Re-activate your {0} account,1
Urgent: Your bonus payment will be blocked,1
Payroll {0} processed,0
{0} validation needed today,1
{0} training session scheduled,0
2pm appointment confirmed,0
License {0} renewed,0
Document {0} requires your approval,0
{0} ticket booked,0
Monthly team meeting agenda,0
Update your payment method now,1
New opportunity for {0},1
{0} validation needed today,1
Team {0} scheduled for tomorrow,0
Order {0} shipped,0
{0} ticket booked,0
New {0} available in your account,0
2026 newsletter from your favorite blog,0
Document {0} requires your approval,0
Update your payment confirmation now,1
Meeting scheduled at Class,0
{0} training session scheduled,0
Project deadline extended to 5pm,0
{0} alert from security team,1
Expense report {0} submitted,0
3pm newsletter from your favorite blog,0
Verify your security code immediately,1
You qualified for {0},1
Get emergency update with this simple trick,1
{0} ticket booked,0
Your money transfer is about to expire,1
Receive {0} by clicking here,1
Verification {0} completed,0
Course {0} enrollment confirmed,0
Review {0} feedback sent,0
{0} validation needed today,1
Your {0} has been updated,0
{0} requires immediate action,1
Final notice: {0} expires today,1
Secure your {0} instantly,1
{0} requires immediate action,1
{0} report is ready to view,0
Morning attached for last month services,0
Re-activate your {0} account,1
Timesheet {0} recorded,0
Hotel {0} reservation confirmed,0
Exclusive {0} for VIP members,1
Special inheritance just for you,1
Reminder your Night is tomorrow,0
Payroll {0} processed,0
Final notice: {0} expires today,1
Your {0} subscription renewed,0
Application {0} accepted,0
Act now to get limited edition item,1
Re-activate your {0} account,1
Get exclusive deal with this simple trick,1
{0} validation needed today,1
Your {0} request approved,1
Flight {0} departure reminder,0
Act now to get bonus payment,1
{0} notification alert,1
Certificate {0} issued,0
Q1 appointment confirmed,0
Unlock your {0} instantly,1
Confirm your {0} details,1
Meeting scheduled at 5pm,0
Class attached for last month services,0
{0} report is ready to view,0
Reminder your 6pm is tomorrow,0
Limited time offer: exclusive deal,1
{0} validation needed today,1
Document {0} requires your approval,0
Don't miss out on this personal details,1
Your {0} access will be revoked,1
Confirm your {0} details,1
Presentation dinner tonight at home,0
Performance {0} completed,0
Permit {0} approved,0
You qualified for {0},1
Suspicious activity on your credit card,1
Your {0} request approved,1
Your {0} subscription renewed,0
Demo with colleagues at Demo,0
{0} alert from security team,1
License {0} renewed,0
Update your paypal credit now,1
Summit team meeting agenda,0
Status update on {0} project,0
Congratulations! Claim your hidden benefit today,1
Team with colleagues at Team,0
Expense report {0} submitted,0
Your {0} needs attention,1
Unlock your {0} instantly,1
Suspicious activity on your unusual activity,1
Friday appointment confirmed,0
Your {0} has been updated,0
Click to receive your {0},1
{0} has been awarded to you,1
Calendar invitation for {0},0
You have won unusual activity! Click the link now,1
Suspicious activity on your premium upgrade,1
Get fraud alert with this simple trick,1
Your steam wallet is about to expire,1
Status update on {0} project,0
Document {0} requires your approval,0
Verify your bitcoin payment immediately,1
{0} opportunity ends today,1
Get tax refund with this simple trick,1
{0} has been awarded to you,1
Verification {0} completed,0
Your {0} request approved,1
Special nft collection just for you,1
Document {0} requires your approval,0
Click to receive your {0},1
Reminder your Q2 is tomorrow,0
{0} validation needed today,1
Hotel {0} reservation confirmed,0
Certificate {0} issued,0
{0} opportunity ends today,1
Action required on your {0},1
Expense report {0} submitted,0
Your {0} needs attention,1
Congratulations you are selected for {0},1
Review {0} feedback sent,0
{0} ticket booked,0
Confirmation {0} email sent,0
Course {0} enrollment confirmed,0
Application {0} accepted,0
Order {0} shipped,0
Weekly with colleagues at Weekly,0
Your limited edition item is about to expire,1
Confirmation {0} email sent,0
Special nft collection just for you,1
Congratulations! Claim your crypto reward today,1
Payroll {0} processed,0
{0} pending confirmation,1
Document {0} requires your approval,0
Congratulations! Claim your credit card today,1
Timesheet {0} recorded,0
{0} requires immediate action,1
Congratulations! Claim your blockchain reward today,1
{0} pending confirmation,1
Re-activate your {0} account,1
{0} ticket booked,0
Limited time offer: hidden benefit,1
Night attached for last month services,0
Secure your {0} instantly,1
Permit {0} approved,0
Order {0} shipped,0
{0} requires immediate action,1
Expense report {0} submitted,0
Document {0} requires your approval,0
{0} notification alert,1
Confirmation {0} email sent,0
{0} alert from security team,1
Confirm your {0} details,1
License {0} renewed,0
Friday with colleagues at Friday,0
Claim your free exclusive deal today,1
{0} alert from security team,1
Get prize money with this simple trick,1
Order {0} shipped,0
Act now to get free shipping,1
Your {0} subscription renewed,0
Stop! You are missing out on {0},1
Your ethereum stake is about to expire,1
Congratulations you are selected for {0},1
New {0} available in your account,0
Hotel {0} reservation confirmed,0
Class dinner tonight at home,0
Exclusive {0} for VIP members,1
{0} report is ready to view,0
{0} training session scheduled,0
You qualified for {0},1
Invoice {0} processed successfully,0
Meeting scheduled at Q3,0
Application {0} accepted,0
Complete {0} registration now,1
{0} opportunity ends today,1
Calendar invitation for {0},0
Congratulations you are selected for {0},1
{0} notification alert,1
Final notice: {0} expires today,1
{0} alert from security team,1
Project deadline extended to Details,0
{0} requires immediate action,1
Confirm your {0} details,1
Receive {0} by clicking here,1
February dinner tonight at home,0
New opportunity for {0},1
Your {0} subscription renewed,0
Agenda attached for last month services,0
Exclusive {0} for VIP members,1
Your bank account is about to expire,1
Your account requires verification required,1
Meeting scheduled at January,0
Special gift card just for you,1
5pm appointment confirmed,0
{0} notification alert,1
Claim {0} within 24 hours,1
Project deadline extended to June,0
Your {0} request approved,1
Update your unlimited credits now,1
Don't miss out on this secret offer,1
Invoice team meeting agenda,0
Receipt appointment confirmed,0
December dinner tonight at home,0
Hotel {0} reservation confirmed,0
Status update on {0} project,0
{0} pending confirmation,1
Training with colleagues at Training,0
Status update on {0} project,0
Order {0} shipped,0
Your {0} password expires soon,0
Q3 team meeting agenda,0
Limited time offer: emergency update,1
Meeting scheduled at Session,0
Action required on your {0},1
Training attached for last month services,0
Limited time offer: emergency update,1
{0} report is ready to view,0
{0} notification alert,1
Document {0} requires your approval,0
Your {0} has been updated,0
Order {0} shipped,0
License {0} renewed,0
Limited time offer: instant rebate,1
Team dinner tonight at home,0
{0} validation needed today,1
Certificate {0} issued,0
Secure your {0} instantly,1
{0} has been awarded to you,1
Contract {0} approved,0
Project deadline extended to June,0
Status update on {0} project,0
Get lottery prize with this simple trick,1
Click here to {0},1
Application {0} accepted,0
Your {0} has been updated,0
Order {0} shipped,0
{0} opportunity ends today,1
Expense report {0} submitted,0
Get free vacation with this simple trick,1
Your {0} request approved,1
Payroll {0} processed,0
Click to receive your {0},1
Review {0} feedback sent,0
License {0} renewed,0
Exclusive {0} for VIP members,1
Don't miss out on this secret offer,1
Seminar newsletter from your favorite blog,0
Click to receive your {0},1
Invoice {0} processed successfully,0
{0} requires immediate action,1
Contract {0} approved,0
Re-activate your {0} account,1
Course {0} enrollment confirmed,0
License {0} renewed,0
Seminar team meeting agenda,0
Your {0} password expires soon,0
{0} validation needed today,1
{0} requires immediate action,1
Calendar invitation for {0},0
Performance {0} completed,0
Timesheet {0} recorded,0
{0} validation needed today,1
Your {0} has been updated,0
Get paypal credit with this simple trick,1
You have won ethereum stake! Click the link now,1
Calendar invitation for {0},0
Special gift card just for you,1
Update your premium upgrade now,1
Reminder your Standup is tomorrow,0
Congratulations you are selected for {0},1
Exclusive {0} for VIP members,1
{0} validation needed today,1
Your {0} has been updated,0
Certificate {0} issued,0
Receive {0} by clicking here,1
Act now to get gift card,1
Re-activate your {0} account,1
You have won amazon voucher! Click the link now,1
{0} notification alert,1
Hotel {0} reservation confirmed,0
Don't miss out on this verification required,1
Congratulations you are selected for {0},1
Get free vacation with this simple trick,1
{0} report is ready to view,0
Your {0} password expires soon,0
Get membership status with this simple trick,1
Review {0} feedback sent,0
Update your limited edition item now,1
Claim your free emergency update today,1
Reminder your Sunday is tomorrow,0
Click to receive your {0},1
Hotel {0} reservation confirmed,0
Unlock your {0} instantly,1
Team {0} scheduled for tomorrow,0
Contract {0} approved,0
Calendar invitation for {0},0
Demo with colleagues at Demo,0
Confirm your {0} details,1
Update your nft collection now,1
Certificate {0} issued,0
Your {0} password expires soon,0
Meeting notes {0} attached,0
Don't miss out on this crypto reward,1
Meeting notes {0} attached,0
{0} validation needed today,1
Course {0} enrollment confirmed,0
Meeting scheduled at January,0
Application {0} accepted,0
Don't miss out on this digital asset,1
Your {0} password expires soon,0
Meeting scheduled at 5pm,0
Suspicious activity on your early bird discount,1
{0} ticket booked,0
Your {0} password expires soon,0
Performance {0} completed,0
Suspicious activity on your wire funds,1
Timesheet {0} recorded,0
Unlock your {0} instantly,1
{0} has been awarded to you,1
Application {0} accepted,0
Invoice {0} processed successfully,0
{0} training session scheduled,0
{0} requires immediate action,1
You have won tax refund! Click the link now,1
Performance {0} completed,0
New opportunity for {0},1
New {0} available in your account,0
Action required on your {0},1
Complete {0} registration now,1
Your {0} access will be revoked,1
Congratulations! Claim your paypal credit today,1
Reminder your Review is tomorrow,0
Update your special bonus now,1
Re-activate your {0} account,1
{0} alert from security team,1
You have won payment method! Click the link now,1
Meeting notes {0} attached,0
Status update on {0} project,0
{0} requires immediate action,1
Your {0} needs attention,1
New opportunity for {0},1
You have won premium upgrade! Click the link now,1
Course {0} enrollment confirmed,0
Special tax refund just for you,1
Your {0} needs attention,1
Your {0} subscription renewed,0
Re-activate your {0} account,1
{0} notification alert,1
Your {0} needs attention,1
Review {0} feedback sent,0
Claim {0} within 24 hours,1
Exclusive {0} for VIP members,1
You have won tax refund! Click the link now,1
Your {0} password expires soon,0
Stop! You are missing out on {0},1
{0} opportunity ends today,1
Standup attached for last month services,0
{0} training session scheduled,0
Confirm your {0} details,1
Certificate {0} issued,0
Congratulations! Claim your cash back today,1
Re-activate your {0} account,1
Your {0} needs attention,1
Permit {0} approved,0
Reminder your Training is tomorrow,0
You qualified for {0},1
Special gift card just for you,1
{0} validation needed today,1
Special bank account just for you,1
Your lottery prize is about to expire,1
Payroll {0} processed,0
{0} report is ready to view,0
You have won cash back! Click the link now,1
Your {0} request approved,1
Verify your lottery prize immediately,1
Certificate {0} issued,0
Don't miss out on this bank account,1
Get account suspension with this simple trick,1
Claim your free secret offer today,1
Click to receive your {0},1
Limited time offer: account access,1
{0} has been awarded to you,1
Agenda newsletter from your favorite blog,0
You qualified for {0},1
{0} report is ready to view,0
Contract {0} approved,0
Click here to {0},1
Team {0} scheduled for tomorrow,0
Meeting scheduled at Details,0
Timesheet {0} recorded,0
Review {0} feedback sent,0
Congratulations! Claim your bank account today,1
Hotel {0} reservation confirmed,0
Update your tax refund now,1
Review {0} feedback sent,0
Your exclusive deal is about to expire,1
{0} alert from security team,1
7am appointment confirmed,0
Hotel {0} reservation confirmed,0
February with colleagues at February,0
Document {0} requires your approval,0
Limited time offer: paypal credit,1
Suspicious activity on your special bonus,1
2026 team meeting agenda,0
{0} pending confirmation,1
Hotel {0} reservation confirmed,0
{0} ticket booked,0
Suspicious activity on your steam wallet,1
Verify your account suspension immediately,1
Your {0} request approved,1
Your {0} needs attention,1
Reminder your June is tomorrow,0
Secure your {0} instantly,1
Document {0} requires your approval,0
Your account requires account suspension,1
New opportunity for {0},1
Click here to {0},1
Permit {0} approved,0
Unlock your {0} instantly,1
Act now to get premium upgrade,1
Stop! You are missing out on {0},1
Review {0} feedback sent,0
Contract {0} approved,0
Budget {0} approved,0
Congratulations! Claim your prize money today,1
Limited time offer: unlimited credits,1
Urgent: Your free vacation will be blocked,1
{0} notification alert,1
Final notice: {0} expires today,1
Performance {0} completed,0
Your {0} needs attention,1
{0} notification alert,1
Permit {0} approved,0
New opportunity for {0},1
Your account requires bonus payment,1
10am with colleagues at 10am,0
Exclusive {0} for VIP members,1
Your account requires blockchain reward,1
Claim your free password today,1
Confirm your {0} details,1
Re-activate your {0} account,1
Stop! You are missing out on {0},1
Timesheet {0} recorded,0
Permit {0} approved,0
Secure your {0} instantly,1
Claim your free special bonus today,1
Performance {0} completed,0
Permit {0} approved,0
Claim your free bank account today,1
{0} validation needed today,1
Budget {0} approved,0
Your {0} subscription renewed,0
Project deadline extended to Kickoff,0
You have won gift card! Click the link now,1
Application {0} accepted,0
Get exclusive deal with this simple trick,1
{0} report is ready to view,0
Limited time offer: inheritance,1
Course {0} enrollment confirmed,0
Contract {0} approved,0
Application {0} accepted,0
Claim {0} within 24 hours,1
Special account suspension just for you,1
Receive {0} by clicking here,1
Conference team meeting agenda,0
Your {0} has been updated,0
{0} pending confirmation,1
Verify your special bonus immediately,1
Your personal details is about to expire,1
Course {0} enrollment confirmed,0
Special nft collection just for you,1
{0} opportunity ends today,1
Unlock your {0} instantly,1
Reminder your Evening is tomorrow,0
{0} alert from security team,1
Your {0} access will be revoked,1
Get prize money with this simple trick,1
Suspicious activity on your wire funds,1
{0} alert from security team,1
Contract {0} approved,0
Re-activate your {0} account,1
Course {0} enrollment confirmed,0
Course {0} enrollment confirmed,0
Your {0} subscription renewed,0
Action required on your {0},1
You qualified for {0},1
Your {0} request approved,1
Click to receive your {0},1
{0} ticket booked,0
Timesheet {0} recorded,0
{0} training session scheduled,0
Review {0} feedback sent,0
9am with colleagues at 9am,0
{0} pending confirmation,1
You have won personal details! Click the link now,1
Q1 newsletter from your favorite blog,0
Your {0} needs attention,1
Morning team meeting agenda,0
Click to receive your {0},1
Click here to {0},1
Stop! You are missing out on {0},1
Q3 dinner tonight at home,0
Status update on {0} project,0
Hotel {0} reservation confirmed,0
Invoice {0} processed successfully,0
Performance {0} completed,0
Update your unusual activity now,1
Suspicious activity on your nft collection,1
Congratulations! Claim your exclusive deal today,1
Your {0} needs attention,1
Expense report {0} submitted,0
License {0} renewed,0
{0} validation needed today,1
Order {0} shipped,0
Confirm your {0} details,1
Exclusive {0} for VIP members,1
Document {0} requires your approval,0
Update appointment confirmed,0
Confirmation {0} email sent,0
Limited time offer: special bonus,1
Calendar invitation for {0},0
Exclusive {0} for VIP members,1
Friday dinner tonight at home,0
Document {0} requires your approval,0
Unlock your {0} instantly,1
Confirmation {0} email sent,0
Special blockchain reward just for you,1
Performance {0} completed,0
Document {0} requires your approval,0
Limited time offer: limited edition item,1
Meeting scheduled at August,0
Secure your {0} instantly,1
Project deadline extended to Receipt,0
Reminder your September is tomorrow,0
Verification {0} completed,0
New {0} available in your account,0
Order {0} shipped,0
Meeting notes {0} attached,0
Contract {0} approved,0
Details appointment confirmed,0
Don't miss out on this credit card,1
Suspicious activity on your bitcoin payment,1
New opportunity for {0},1
Update team meeting agenda,0
8am appointment confirmed,0
Q3 appointment confirmed,0
Your {0} has been updated,0
Expense report {0} submitted,0
Application {0} accepted,0
Payroll {0} processed,0
{0} training session scheduled,0
Complete {0} registration now,1
Claim {0} within 24 hours,1
Complete {0} registration now,1
{0} report is ready to view,0
Final notice: {0} expires today,1
Confirmation {0} email sent,0
Verification {0} completed,0
Your {0} needs attention,1
Claim your free payment confirmation today,1
Verification {0} completed,0
Act now to get gift card,1
Exclusive {0} for VIP members,1
Status update on {0} project,0
Status update on {0} project,0
Payroll {0} processed,0
Your {0} password expires soon,0
Your {0} password expires soon,0
Course {0} enrollment confirmed,0
Confirm your {0} details,1
Order {0} shipped,0
Delivery {0} confirmed,0
Your {0} needs attention,1
{0} validation needed today,1
Meeting scheduled at Morning,0
Certificate {0} issued,0
{0} ticket booked,0
Your {0} subscription renewed,0
Verify your ethereum stake immediately,1
Congratulations you are selected for {0},1
Exclusive {0} for VIP members,1
Performance {0} completed,0
Project deadline extended to Wednesday,0
Confirm your {0} details,1
Your {0} has been updated,0
Course {0} enrollment confirmed,0
Flight {0} departure reminder,0
Contract {0} approved,0
Receive {0} by clicking here,1
Claim your free password today,1
Verify your payment method immediately,1
Hotel {0} reservation confirmed,0
Afternoon team meeting agenda,0
Congratulations you are selected for {0},1
Document {0} requires your approval,0
Verification {0} completed,0
December with colleagues at December,0
New {0} available in your account,0
Your account requires special bonus,1
Certificate {0} issued,0
Secure your {0} instantly,1
Panel newsletter from your favorite blog,0
Meeting scheduled at Morning,0
Contract {0} approved,0
Meeting notes {0} attached,0
Performance {0} completed,0
Complete {0} registration now,1
Click here to {0},1
Complete {0} registration now,1
Claim your free roblox tokens today,1
Permit {0} approved,0
Confirmation newsletter from your favorite blog,0
Verification {0} completed,0
Your {0} needs attention,1
Action required on your {0},1
Suspicious activity on your blockchain reward,1
Meeting scheduled at Summit,0
Team {0} scheduled for tomorrow,0
{0} opportunity ends today,1
Your {0} password expires soon,0
{0} alert from security team,1
Update your credit card now,1
Your {0} subscription renewed,0
Your account requires wire funds,1
{0} notification alert,1
Your {0} access will be revoked,1
Project deadline extended to Presentation,0
Delivery {0} confirmed,0
{0} requires immediate action,1
Contract {0} approved,0
Secure your {0} instantly,1
Special ethereum stake just for you,1
Your {0} subscription renewed,0
Your account requires paypal credit,1
Confirm your {0} details,1
Your account requires password,1
Get nft collection with this simple trick,1
Timesheet {0} recorded,0
Your {0} has been updated,0
Order {0} shipped,0
Special investment opportunity just for you,1
Verify your tax refund immediately,1
Claim your free password today,1
{0} validation needed today,1
Expense report {0} submitted,0
Your account requires lottery prize,1
Review {0} feedback sent,0
New opportunity for {0},1
Reminder your Training is tomorrow,0
Your account requires personal details,1
Flight {0} departure reminder,0
Claim {0} within 24 hours,1
Timesheet {0} recorded,0
Meeting scheduled at Details,0
Payroll {0} processed,0
Document {0} requires your approval,0
Certificate {0} issued,0
2pm appointment confirmed,0
Performance {0} completed,0
Payroll {0} processed,0
Flight {0} departure reminder,0
{0} requires immediate action,1
Secure your {0} instantly,1
Confirm your {0} details,1
You have won exclusive access! Click the link now,1
Invoice {0} processed successfully,0
Get special bonus with this simple trick,1
Stop! You are missing out on {0},1
Receive {0} by clicking here,1
Receive {0} by clicking here,1
Act now to get unusual activity,1
Order {0} shipped,0
Claim your free password today,1
{0} ticket booked,0
Delivery {0} confirmed,0
Confirmation {0} email sent,0
Final notice: {0} expires today,1
New opportunity for {0},1
Claim your free paypal credit today,1
Get digital asset with this simple trick,1
Your hidden benefit is about to expire,1
Click to receive your {0},1
Your {0} subscription renewed,0
Your {0} subscription renewed,0
Hotel {0} reservation confirmed,0
Update your amazon voucher now,1
{0} has been awarded to you,1
Complete {0} registration now,1
Stop! You are missing out on {0},1
Document {0} requires your approval,0
Final notice: {0} expires today,1
Receive {0} by clicking here,1
Confirmation {0} email sent,0
Verification {0} completed,0
Unlock your {0} instantly,1
Meeting scheduled at Forum,0
Expense report {0} submitted,0
Hotel {0} reservation confirmed,0
Action required on your {0},1
Your {0} has been updated,0
Contract {0} approved,0
January dinner tonight at home,0
{0} alert from security team,1
Click here to {0},1
{0} opportunity ends today,1
License {0} renewed,0
Verify your exclusive deal immediately,1
{0} report is ready to view,0
Course {0} enrollment confirmed,0
Special bitcoin payment just for you,1
Your {0} access will be revoked,1
Act now to get account suspension,1
Click here to {0},1
New {0} available in your account,0
Final notice: {0} expires today,1
Action required on your {0},1
{0} training session scheduled,0
Invoice {0} processed successfully,0
Invoice {0} processed successfully,0
Final notice: {0} expires today,1
Meeting notes {0} attached,0
Click here to {0},1
Calendar invitation for {0},0
License {0} renewed,0
Limited time offer: password,1
Contract {0} approved,0
Final notice: {0} expires today,1
Confirm your {0} details,1
Final notice: {0} expires today,1
Click to receive your {0},1
Performance {0} completed,0
Congratulations! Claim your investment opportunity today,1
Exclusive {0} for VIP members,1
Document {0} requires your approval,0
Act now to get fraud alert,1
Budget {0} approved,0
Receive {0} by clicking here,1
Seminar team meeting agenda,0
Your {0} needs attention,1
Special lottery prize just for you,1
Thursday with colleagues at Thursday,0
Your account requires steam wallet,1
Act now to get roblox tokens,1
{0} alert from security team,1
Order {0} shipped,0
Click here to {0},1
Payroll {0} processed,0
Click here to {0},1
Lecture appointment confirmed,0
Training with colleagues at Training,0
Complete {0} registration now,1
Your {0} request approved,1
Calendar invitation for {0},0
Delivery {0} confirmed,0
{0} requires immediate action,1
Document {0} requires your approval,0
Schedule newsletter from your favorite blog,0
Your {0} request approved,1
Expense report {0} submitted,0
Your {0} access will be revoked,1
Your {0} needs attention,1
Verify your payment confirmation immediately,1
{0} report is ready to view,0
License {0} renewed,0
Unlock your {0} instantly,1
Your {0} request approved,1
Suspicious activity on your ethereum stake,1
Expense report {0} submitted,0
Review {0} feedback sent,0
Get digital asset with this simple trick,1
March dinner tonight at home,0
{0} notification alert,1
Permit {0} approved,0
Meeting notes {0} attached,0
Update your gift card now,1
Your instant rebate is about to expire,1
Congratulations! Claim your premium upgrade today,1
Course {0} enrollment confirmed,0
New opportunity for {0},1
Your {0} password expires soon,0
Calendar invitation for {0},0
Congratulations you are selected for {0},1
Calendar invitation for {0},0
Your {0} request approved,1
Payroll {0} processed,0
{0} notification alert,1
Your {0} access will be revoked,1
Receive {0} by clicking here,1
Meeting notes {0} attached,0
Confirm your {0} details,1
Expense report {0} submitted,0
Action required on your {0},1
Secure your {0} instantly,1
License {0} renewed,0
{0} has been awarded to you,1
Wednesday newsletter from your favorite blog,0
Claim {0} within 24 hours,1
Complete {0} registration now,1
Planning with colleagues at Planning,0
You have won unlimited credits! Click the link now,1
Review {0} feedback sent,0
Forum newsletter from your favorite blog,0
Workshop with colleagues at Workshop,0
Congratulations! Claim your bitcoin payment today,1
Urgent: Your account access will be blocked,1
Your {0} needs attention,1
Application {0} accepted,0
Update your ethereum stake now,1
Demo with colleagues at Demo,0
Your {0} password expires soon,0
Your {0} password expires soon,0
{0} pending confirmation,1
Your {0} request approved,1
Permit {0} approved,0
Status update on {0} project,0
Receive {0} by clicking here,1
Application {0} accepted,0
You qualified for {0},1
Monday with colleagues at Monday,0
Budget {0} approved,0
Calendar invitation for {0},0
Click to receive your {0},1
You qualified for {0},1
{0} has been awarded to you,1
Congratulations you are selected for {0},1
{0} has been awarded to you,1
Congratulations you are selected for {0},1
Receipt dinner tonight at home,0
Click to receive your {0},1
Hotel {0} reservation confirmed,0
Budget {0} approved,0
{0} training session scheduled,0
Secure your {0} instantly,1
Verification {0} completed,0
Exclusive {0} for VIP members,1
Update your membership status now,1
Discussion appointment confirmed,0
Exclusive {0} for VIP members,1
Your {0} has been updated,0
Flight {0} departure reminder,0
Budget {0} approved,0
Your {0} request approved,1
Exclusive {0} for VIP members,1
2pm with colleagues at 2pm,0
Get ethereum stake with this simple trick,1
{0} pending confirmation,1
Seminar with colleagues at Seminar,0
Your account access is about to expire,1
License {0} renewed,0
Your {0} access will be revoked,1
Status update on {0} project,0
Invoice {0} processed successfully,0
Reminder your February is tomorrow,0
Payroll {0} processed,0
{0} alert from security team,1
Timesheet {0} recorded,0
Hotel {0} reservation confirmed,0
Contract {0} approved,0
Your {0} access will be revoked,1
{0} ticket booked,0
Team {0} scheduled for tomorrow,0
Flight {0} departure reminder,0
New opportunity for {0},1
{0} requires immediate action,1
Claim {0} within 24 hours,1
New opportunity for {0},1
{0} opportunity ends today,1
Performance {0} completed,0
Get emergency update with this simple trick,1
Reminder your April is tomorrow,0
Verification {0} completed,0
Meeting scheduled at 11am,0
New opportunity for {0},1
Don't miss out on this secret offer,1
Verification {0} completed,0
Your unlimited credits is about to expire,1
{0} requires immediate action,1
Your {0} password expires soon,0
Meeting notes {0} attached,0
Suspicious activity on your membership status,1
{0} has been awarded to you,1
Final notice: {0} expires today,1
{0} notification alert,1
{0} opportunity ends today,1
Course {0} enrollment confirmed,0
Review team meeting agenda,0
Your {0} password expires soon,0
Team {0} scheduled for tomorrow,0
Hotel {0} reservation confirmed,0
{0} requires immediate action,1
Your {0} has been updated,0
Permit {0} approved,0
Confirmation {0} email sent,0
Expense report {0} submitted,0
Flight {0} departure reminder,0
New opportunity for {0},1
Performance {0} completed,0
Complete {0} registration now,1
Your fraud alert is about to expire,1
Verification {0} completed,0
Get tax refund with this simple trick,1
Contract {0} approved,0
{0} report is ready to view,0
Meeting scheduled at Invoice,0
5pm with colleagues at 5pm,0
Discussion appointment confirmed,0
Timesheet {0} recorded,0
Your {0} needs attention,1
{0} report is ready to view,0
Urgent: Your unusual activity will be blocked,1
{0} requires immediate action,1
Review {0} feedback sent,0
Order {0} shipped,0
Re-activate your {0} account,1
Flight {0} departure reminder,0
Final notice: {0} expires today,1
Planning appointment confirmed,0
New opportunity for {0},1
{0} validation needed today,1
Application {0} accepted,0
Application {0} accepted,0
Congratulations you are selected for {0},1
Your {0} access will be revoked,1
New {0} available in your account,0
Don't miss out on this digital asset,1
Expense report {0} submitted,0
Your {0} subscription renewed,0
Monday attached for last month services,0
Confirm your {0} details,1
Seminar newsletter from your favorite blog,0
Performance {0} completed,0
Receive {0} by clicking here,1
Q3 newsletter from your favorite blog,0
Payroll {0} processed,0
Confirmation {0} email sent,0
{0} validation needed today,1
Verification {0} completed,0
{0} training session scheduled,0
Performance {0} completed,0
Expense report {0} submitted,0
Your account suspension is about to expire,1
Click to receive your {0},1
Your {0} needs attention,1
Performance {0} completed,0
Update your steam wallet now,1
Tuesday appointment confirmed,0
Status update on {0} project,0
You have won blockchain reward! Click the link now,1
{0} has been awarded to you,1
Your {0} has been updated,0
Delivery {0} confirmed,0
Status update on {0} project,0
Monthly team meeting agenda,0
Congratulations you are selected for {0},1
Your {0} needs attention,1
{0} notification alert,1
Document {0} requires your approval,0
Hotel {0} reservation confirmed,0
Contract {0} approved,0
Verify your account access immediately,1
Meeting notes {0} attached,0
Limited time offer: cash back,1
{0} ticket booked,0
You have won blockchain reward! Click the link now,1
Meeting scheduled at 2pm,0
{0} training session scheduled,0
Urgent: Your crypto reward will be blocked,1
Review {0} feedback sent,0
You have won amazon voucher! Click the link now,1
{0} pending confirmation,1
Your {0} has been updated,0
Certificate {0} issued,0
{0} notification alert,1
Verify your tax refund immediately,1
Review {0} feedback sent,0
Secure your {0} instantly,1
Meeting notes {0} attached,0
Your {0} access will be revoked,1
Document {0} requires your approval,0
Payroll {0} processed,0
Your {0} request approved,1
Status update on {0} project,0
Your {0} subscription renewed,0
Final notice: {0} expires today,1
New opportunity for {0},1
Unlock your {0} instantly,1
Update with colleagues at Update,0
Get unlimited credits with this simple trick,1
Delivery {0} confirmed,0
You have won exclusive deal! Click the link now,1
Performance {0} completed,0
Your crypto reward is about to expire,1
Permit {0} approved,0
Review {0} feedback sent,0
{0} pending confirmation,1
{0} report is ready to view,0
Your {0} has been updated,0
New {0} available in your account,0
Urgent: Your wire funds will be blocked,1
Your {0} password expires soon,0
Exclusive {0} for VIP members,1
Special hidden benefit just for you,1
Budget {0} approved,0
Your {0} has been updated,0
Get cash back with this simple trick,1
{0} training session scheduled,0
Review {0} feedback sent,0
Your {0} request approved,1
Your {0} password expires soon,0
Hotel {0} reservation confirmed,0
{0} validation needed today,1
Verification {0} completed,0
4pm team meeting agenda,0
Confirm your {0} details,1
{0} validation needed today,1
Timesheet {0} recorded,0
Final notice: {0} expires today,1
Invoice {0} processed successfully,0
Unlock your {0} instantly,1
Secure your {0} instantly,1
Your {0} has been updated,0
New {0} available in your account,0
Document {0} requires your approval,0
Contract {0} approved,0
{0} has been awarded to you,1
Congratulations you are selected for {0},1
Congratulations! Claim your crypto reward today,1
New opportunity for {0},1
Update your limited edition item now,1
New opportunity for {0},1
Exclusive {0} for VIP members,1
Timesheet {0} recorded,0
{0} notification alert,1
Your {0} password expires soon,0
Team {0} scheduled for tomorrow,0
Re-activate your {0} account,1
Re-activate your {0} account,1
{0} training session scheduled,0
Update your digital asset now,1
Unlock your {0} instantly,1
New opportunity for {0},1
Don't miss out on this hidden benefit,1
Complete {0} registration now,1
Permit {0} approved,0
{0} report is ready to view,0
Secure your {0} instantly,1
{0} requires immediate action,1
Exclusive {0} for VIP members,1
{0} notification alert,1
You qualified for {0},1
Your {0} needs attention,1
Unlock your {0} instantly,1
Special premium upgrade just for you,1
Stop! You are missing out on {0},1
Your {0} access will be revoked,1
Re-activate your {0} account,1
{0} has been awarded to you,1
Stop! You are missing out on {0},1
Your {0} password expires soon,0
Course {0} enrollment confirmed,0
Don't miss out on this crypto reward,1
Click to receive your {0},1
Congratulations! Claim your roblox tokens today,1
Order {0} shipped,0
Your {0} access will be revoked,1
Get bank account with this simple trick,1
Unlock your {0} instantly,1
Claim {0} within 24 hours,1
Act now to get lottery prize,1
Meeting notes {0} attached,0
Meeting notes {0} attached,0
Click to receive your {0},1
Team {0} scheduled for tomorrow,0
{0} validation needed today,1
Your bank account is about to expire,1
Delivery {0} confirmed,0
Complete {0} registration now,1
Confirm your {0} details,1
Reminder your Class is tomorrow,0
Review {0} feedback sent,0
Your {0} password expires soon,0
Special secret offer just for you,1
Verification {0} completed,0
Kickoff appointment confirmed,0
Exclusive {0} for VIP members,1
Status update on {0} project,0
Click to receive your {0},1
Document {0} requires your approval,0
Performance {0} completed,0
New opportunity for {0},1
Timesheet {0} recorded,0
Final notice: {0} expires today,1
Contract {0} approved,0
Suspicious activity on your steam wallet,1
Expense report {0} submitted,0
Re-activate your {0} account,1
Report dinner tonight at home,0
Certificate {0} issued,0
Your {0} subscription renewed,0
October attached for last month services,0
Reminder your Monday is tomorrow,0
Exclusive {0} for VIP members,1
Re-activate your {0} account,1
Your {0} request approved,1
Status update on {0} project,0
Status update on {0} project,0
Conference with colleagues at Conference,0
Retrospective team meeting agenda,0
Budget {0} approved,0
New opportunity for {0},1
Your {0} needs attention,1
Status update on {0} project,0
{0} alert from security team,1
License {0} renewed,0
Contract {0} approved,0
August newsletter from your favorite blog,0
Exclusive {0} for VIP members,1
{0} requires immediate action,1
Contract {0} approved,0
{0} alert from security team,1
Timesheet {0} recorded,0
{0} opportunity ends today,1
Reminder your Retrospective is tomorrow,0
Complete {0} registration now,1
Your {0} request approved,1
Project deadline extended to 2pm,0
License {0} renewed,0
Special verification required just for you,1
Special itunes gift card just for you,1
Action required on your {0},1
Act now to get itunes gift card,1
Delivery {0} confirmed,0
Congratulations you are selected for {0},1
Verification {0} completed,0
Secure your {0} instantly,1
Your account requires free shipping,1
License {0} renewed,0
Permit {0} approved,0
Schedule with colleagues at Schedule,0
Invoice {0} processed successfully,0
Your {0} subscription renewed,0
Confirmation {0} email sent,0
Payroll {0} processed,0
December with colleagues at December,0
Claim {0} within 24 hours,1
Urgent: Your inheritance will be blocked,1
Expense report {0} submitted,0
Invoice {0} processed successfully,0
Review newsletter from your favorite blog,0
Re-activate your {0} account,1
Get cash back with this simple trick,1
Click to receive your {0},1
Unlock your {0} instantly,1
Click to receive your {0},1
Performance {0} completed,0
Claim {0} within 24 hours,1
Q1 team meeting agenda,0
Update your cash back now,1
Performance {0} completed,0
Your {0} needs attention,1
Action required on your {0},1
Delivery {0} confirmed,0
Flight {0} departure reminder,0
New opportunity for {0},1
New opportunity for {0},1
Status update on {0} project,0
Click here to {0},1
{0} validation needed today,1
Limited time offer: blockchain reward,1
Secure your {0} instantly,1
Claim {0} within 24 hours,1
Claim your free early bird discount today,1
Certificate {0} issued,0
Hotel {0} reservation confirmed,0
Team {0} scheduled for tomorrow,0
Verification {0} completed,0
{0} report is ready to view,0
8am newsletter from your favorite blog,0
Secure your {0} instantly,1
Confirm your {0} details,1
Unlock your {0} instantly,1
Confirmation {0} email sent,0
{0} requires immediate action,1
Confirmation team meeting agenda,0
Agenda team meeting agenda,0
Special account suspension just for you,1
Suspicious activity on your security code,1
Payroll {0} processed,0
Status update on {0} project,0
Confirm your {0} details,1
Action required on your {0},1
Calendar invitation for {0},0
Reminder your 2pm is tomorrow,0
Delivery {0} confirmed,0
Act now to get wire funds,1
Your account requires bank account,1
Confirm your {0} details,1
{0} report is ready to view,0
Re-activate your {0} account,1
Order {0} shipped,0
Expense report {0} submitted,0
Your unlimited credits is about to expire,1
Receive {0} by clicking here,1
Claim your free password today,1
{0} pending confirmation,1
{0} report is ready to view,0
Urgent: Your early bird discount will be blocked,1
Claim {0} within 24 hours,1
Update your verification required now,1
Unlock your {0} instantly,1
Status update on {0} project,0
Receive {0} by clicking here,1
Claim your free steam wallet today,1
Don't miss out on this lottery prize,1
Review {0} feedback sent,0
Action required on your {0},1
{0} alert from security team,1
Payroll {0} processed,0
You have won free vacation! Click the link now,1
Status update on {0} project,0
Meeting notes {0} attached,0
Your {0} has been updated,0
Complete {0} registration now,1
Claim your free steam wallet today,1
Click here to {0},1
Your {0} request approved,1
Urgent: Your unlimited credits will be blocked,1
Seminar with colleagues at Seminar,0
Expense report {0} submitted,0
Final notice: {0} expires today,1
Confirmation {0} email sent,0
Receive {0} by clicking here,1
Your {0} password expires soon,0
Complete {0} registration now,1
Special wire funds just for you,1
Order {0} shipped,0
Application {0} accepted,0
New {0} available in your account,0
Calendar invitation for {0},0
Re-activate your {0} account,1
Click to receive your {0},1
Budget {0} approved,0
Meeting scheduled at Review,0
Permit {0} approved,0
Stop! You are missing out on {0},1
Confirmation {0} email sent,0
Receive {0} by clicking here,1
New {0} available in your account,0
Receive {0} by clicking here,1
Your {0} password expires soon,0
Receive {0} by clicking here,1
Certificate {0} issued,0
Certificate {0} issued,0
Receive {0} by clicking here,1
Congratulations you are selected for {0},1
You qualified for {0},1
Certificate {0} issued,0
Calendar invitation for {0},0
Budget {0} approved,0
Click here to {0},1
Your {0} access will be revoked,1
Course {0} enrollment confirmed,0
Unlock your {0} instantly,1
Limited time offer: exclusive access,1
Hotel {0} reservation confirmed,0
Your {0} has been updated,0
Certificate {0} issued,0
Delivery {0} confirmed,0
Your roblox tokens is about to expire,1
Performance {0} completed,0
Confirmation {0} email sent,0
Your {0} request approved,1
Exclusive {0} for VIP members,1
License {0} renewed,0
Permit {0} approved,0
Demo attached for last month services,0
Your bank account is about to expire,1
Timesheet {0} recorded,0
Verification {0} completed,0
Re-activate your {0} account,1
Your {0} request approved,1
Your {0} request approved,1
Secure your {0} instantly,1
4pm newsletter from your favorite blog,0
New {0} available in your account,0
Action required on your {0},1
Urgent: Your fraud alert will be blocked,1
Don't miss out on this membership status,1
{0} has been awarded to you,1
Exclusive {0} for VIP members,1
10am team meeting agenda,0
License {0} renewed,0
Family appointment confirmed,0
Report team meeting agenda,0
Q3 dinner tonight at home,0
Congratulations! Claim your steam wallet today,1
New opportunity for {0},1
Meeting notes {0} attached,0
Your {0} access will be revoked,1
Your {0} request approved,1
Complete {0} registration now,1
Limited time offer: investment opportunity,1
Course {0} enrollment confirmed,0
Verify your account suspension immediately,1
Invoice {0} processed successfully,0
{0} training session scheduled,0
Stop! You are missing out on {0},1
Congratulations you are selected for {0},1
Your {0} password expires soon,0
Confirm your {0} details,1
{0} pending confirmation,1
You have won amazon voucher! Click the link now,1
Confirmation {0} email sent,0
Final notice: {0} expires today,1
{0} report is ready to view,0
You qualified for {0},1
{0} pending confirmation,1
Your {0} subscription renewed,0
Your {0} request approved,1
Suspicious activity on your premium upgrade,1
Verification {0} completed,0
Don't miss out on this digital asset,1
{0} alert from security team,1
Your {0} subscription renewed,0
Click here to {0},1
Stop! You are missing out on {0},1
You have won paypal credit! Click the link now,1
Timesheet {0} recorded,0
{0} has been awarded to you,1
Contract {0} approved,0
Certificate {0} issued,0
Your {0} password expires soon,0
Team {0} scheduled for tomorrow,0
Your hidden benefit is about to expire,1
Course {0} enrollment confirmed,0
Your {0} has been updated,0
Course {0} enrollment confirmed,0
{0} requires immediate action,1
Document {0} requires your approval,0
You have won special bonus! Click the link now,1
Your {0} access will be revoked,1
Application {0} accepted,0
Timesheet {0} recorded,0
{0} has been awarded to you,1
Meeting notes {0} attached,0
Your {0} password expires soon,0
You have won special bonus! Click the link now,1
{0} validation needed today,1
{0} validation needed today,1
Project deadline extended to April,0
New opportunity for {0},1
Order {0} shipped,0
Friday newsletter from your favorite blog,0
Action required on your {0},1
Application {0} accepted,0
{0} has been awarded to you,1
{0} pending confirmation,1
Timesheet {0} recorded,0
{0} alert from security team,1
{0} report is ready to view,0
{0} has been awarded to you,1
Action required on your {0},1
Confirm your {0} details,1
Reminder your Budget is tomorrow,0
Your {0} request approved,1
Claim your free fraud alert today,1
Team {0} scheduled for tomorrow,0
Invoice {0} processed successfully,0
Verify your digital asset immediately,1
Action required on your {0},1
Meeting scheduled at Conference,0
Your account requires verification required,1
New {0} available in your account,0
Team {0} scheduled for tomorrow,0
Congratulations! Claim your bonus payment today,1
Delivery {0} confirmed,0
Receive {0} by clicking here,1
Click here to {0},1
Congratulations! Claim your bank account today,1
Timesheet {0} recorded,0
Calendar invitation for {0},0
Invoice {0} processed successfully,0
Your account requires password,1
Wednesday team meeting agenda,0
Confirm your {0} details,1
Confirmation {0} email sent,0
Receive {0} by clicking here,1
{0} alert from security team,1
Your {0} needs attention,1
Re-activate your {0} account,1
Unlock your {0} instantly,1
Congratulations you are selected for {0},1
Re-activate your {0} account,1
Your {0} access will be revoked,1
{0} alert from security team,1
New {0} available in your account,0
Confirm your {0} details,1
Receive {0} by clicking here,1
Your account access is about to expire,1
You qualified for {0},1
Special crypto reward just for you,1
Course {0} enrollment confirmed,0
Your {0} needs attention,1
Order {0} shipped,0
{0} pending confirmation,1
Your {0} subscription renewed,0
New {0} available in your account,0
Final notice: {0} expires today,1
{0} pending confirmation,1
Urgent: Your account suspension will be blocked,1
Document {0} requires your approval,0
Status update on {0} project,0
Your {0} subscription renewed,0
Verification {0} completed,0
Action required on your {0},1
Your {0} password expires soon,0
{0} report is ready to view,0
Invoice {0} processed successfully,0
Re-activate your {0} account,1
Permit {0} approved,0
{0} report is ready to view,0
Delivery {0} confirmed,0
Receive {0} by clicking here,1
Project deadline extended to Retrospective,0
You have won instant rebate! Click the link now,1
Click here to {0},1
Exclusive {0} for VIP members,1
Your {0} needs attention,1
Receive {0} by clicking here,1
Your {0} password expires soon,0
Action required on your {0},1
Your {0} request approved,1
Confirm your {0} details,1
Contract {0} approved,0
{0} training session scheduled,0
Status update on {0} project,0
Complete {0} registration now,1
Delivery {0} confirmed,0
Verify your account access immediately,1
Timesheet {0} recorded,0
Limited time offer: prize money,1
Complete {0} registration now,1
{0} notification alert,1
Reminder your Budget is tomorrow,0
Meeting notes {0} attached,0
Verification {0} completed,0
Meeting notes {0} attached,0
Status update on {0} project,0
{0} requires immediate action,1
Thursday dinner tonight at home,0
Permit {0} approved,0
Action required on your {0},1
Don't miss out on this special bonus,1
Limited time offer: special bonus,1
Project deadline extended to Panel,0
Application {0} accepted,0
Timesheet {0} recorded,0
{0} training session scheduled,0
You qualified for {0},1
Act now to get crypto reward,1
Meeting notes {0} attached,0
Application {0} accepted,0
Your {0} needs attention,1
Special membership status just for you,1
Timesheet {0} recorded,0
Meeting scheduled at 7am,0
Summit team meeting agenda,0
Contract {0} approved,0
Delivery {0} confirmed,0
Your {0} request approved,1
Flight {0} departure reminder,0
Verification {0} completed,0
Congratulations you are selected for {0},1
Act now to get security code,1
Your {0} request approved,1
Stop! You are missing out on {0},1
Status update on {0} project,0
Performance {0} completed,0
Receive {0} by clicking here,1
Your {0} access will be revoked,1
New opportunity for {0},1
Special early bird discount just for you,1
Claim your free payment method today,1
{0} ticket booked,0
{0} opportunity ends today,1
Delivery {0} confirmed,0
Click here to {0},1
Verification {0} completed,0
Tuesday attached for last month services,0
Congratulations! Claim your prize money today,1
Hotel {0} reservation confirmed,0
Certificate {0} issued,0
You qualified for {0},1
Limited time offer: bitcoin payment,1
Order {0} shipped,0
{0} ticket booked,0
{0} opportunity ends today,1
Secure your {0} instantly,1
Your {0} password expires soon,0
Flight {0} departure reminder,0
Your {0} needs attention,1
Evening appointment confirmed,0
{0} alert from security team,1
{0} requires immediate action,1
Invoice {0} processed successfully,0
Meeting scheduled at November,0
Congratulations you are selected for {0},1
Limited time offer: cash back,1
Final notice: {0} expires today,1
Unlock your {0} instantly,1
Your {0} access will be revoked,1
Your {0} password expires soon,0
You have won crypto reward! Click the link now,1
Act now to get unlimited credits,1
Don't miss out on this itunes gift card,1
License {0} renewed,0
{0} training session scheduled,0
Performance {0} completed,0
November team meeting agenda,0
Exclusive {0} for VIP members,1
Secure your {0} instantly,1
Reminder your Team is tomorrow,0
Suspicious activity on your free shipping,1
Hotel {0} reservation confirmed,0
Confirm your {0} details,1
Team {0} scheduled for tomorrow,0
Your {0} password expires soon,0
{0} requires immediate action,1
Verification {0} completed,0
{0} alert from security team,1
Application {0} accepted,0
Your {0} password expires soon,0
Contract {0} approved,0
Timesheet {0} recorded,0
Budget attached for last month services,0
License {0} renewed,0
Delivery {0} confirmed,0
New {0} available in your account,0
Final notice: {0} expires today,1
Your {0} access will be revoked,1
Click to receive your {0},1
Your account requires credit card,1
Session dinner tonight at home,0
Order {0} shipped,0
{0} report is ready to view,0
Your {0} request approved,1
Monday appointment confirmed,0
You qualified for {0},1
Order {0} shipped,0
Meeting notes {0} attached,0
Congratulations you are selected for {0},1
Certificate {0} issued,0
{0} validation needed today,1
Click to receive your {0},1
Q1 appointment confirmed,0
{0} notification alert,1
Limited time offer: fraud alert,1
New opportunity for {0},1
Payroll {0} processed,0
Verification {0} completed,0
Final notice: {0} expires today,1
{0} has been awarded to you,1
Don't miss out on this wire funds,1
Payroll {0} processed,0
Meeting notes {0} attached,0
Meeting scheduled at Standup,0
4pm team meeting agenda,0
Calendar invitation for {0},0
New {0} available in your account,0
Claim {0} within 24 hours,1
Your account requires steam wallet,1
Contract {0} approved,0
Final notice: {0} expires today,1
Secure your {0} instantly,1
Performance {0} completed,0
You qualified for {0},1
{0} requires immediate action,1
Claim your free exclusive deal today,1
Claim your free account access today,1
Expense report {0} submitted,0
Secure your {0} instantly,1
Your {0} needs attention,1
Hotel {0} reservation confirmed,0
Exclusive {0} for VIP members,1
Hotel {0} reservation confirmed,0
Morning appointment confirmed,0
Your {0} needs attention,1
{0} training session scheduled,0
Meeting notes {0} attached,0
Your paypal credit is about to expire,1
Certificate {0} issued,0
Suspicious activity on your personal details,1
Secure your {0} instantly,1
{0} has been awarded to you,1
Application {0} accepted,0
Team {0} scheduled for tomorrow,0
Payroll {0} processed,0
New opportunity for {0},1
Click here to {0},1
Project deadline extended to Budget,0
Your inheritance is about to expire,1
Secure your {0} instantly,1
{0} validation needed today,1
Forum attached for last month services,0
Meeting scheduled at October,0
Budget {0} approved,0
Act now to get steam wallet,1
You qualified for {0},1
Stop! You are missing out on {0},1
Final notice: {0} expires today,1
Certificate {0} issued,0
Claim your free exclusive access today,1
Exclusive {0} for VIP members,1
{0} validation needed today,1
October team meeting agenda,0
Performance {0} completed,0
Final notice: {0} expires today,1
Your {0} access will be revoked,1
Performance {0} completed,0
Flight {0} departure reminder,0
Report appointment confirmed,0
Congratulations! Claim your nft collection today,1
Conference with colleagues at Conference,0
Click to receive your {0},1
Secure your {0} instantly,1
Certificate {0} issued,0
{0} pending confirmation,1
Invoice {0} processed successfully,0
{0} validation needed today,1
Verify your nft collection immediately,1
Special blockchain reward just for you,1
Your {0} access will be revoked,1
Exclusive {0} for VIP members,1
Confirmation {0} email sent,0
{0} requires immediate action,1
You qualified for {0},1
Certificate {0} issued,0
Saturday appointment confirmed,0
Course {0} enrollment confirmed,0
{0} validation needed today,1
{0} opportunity ends today,1
Receive {0} by clicking here,1
Status update on {0} project,0
Update your secret offer now,1
Secure your {0} instantly,1
Project deadline extended to Session,0
Complete {0} registration now,1
Your {0} password expires soon,0
Status update on {0} project,0
Your account requires nft collection,1
Team {0} scheduled for tomorrow,0
Meeting scheduled at April,0
Application {0} accepted,0
Meeting notes {0} attached,0
Budget {0} approved,0
Conference appointment confirmed,0
Meeting notes {0} attached,0
Congratulations! Claim your free shipping today,1
Permit {0} approved,0
Certificate {0} issued,0
Expense report {0} submitted,0
Reminder your October is tomorrow,0
Receive {0} by clicking here,1
Review {0} feedback sent,0
{0} report is ready to view,0
Calendar invitation for {0},0
Status update on {0} project,0
Your {0} subscription renewed,0
Update your roblox tokens now,1
Payroll {0} processed,0
Verification {0} completed,0
Expense report {0} submitted,0
Flight {0} departure reminder,0
Your {0} password expires soon,0
{0} training session scheduled,0
Timesheet {0} recorded,0
Application {0} accepted,0
Expense report {0} submitted,0
Update your early bird discount now,1
Your {0} access will be revoked,1
Review {0} feedback sent,0
Suspicious activity on your membership status,1
Your {0} password expires soon,0
Claim your free personal details today,1
Your {0} has been updated,0
Performance {0} completed,0
Budget {0} approved,0
Feedback team meeting agenda,0
10am appointment confirmed,0
You qualified for {0},1
{0} notification alert,1
Project deadline extended to 5pm,0
Reminder your Lecture is tomorrow,0
Meeting scheduled at Presentation,0
{0} alert from security team,1
{0} pending confirmation,1
Invoice {0} processed successfully,0
Review {0} feedback sent,0
Performance {0} completed,0
Reminder your November is tomorrow,0
Update your itunes gift card now,1
Performance {0} completed,0
Your {0} has been updated,0
Claim your free account suspension today,1
License {0} renewed,0
Act now to get inheritance,1
Act now to get free vacation,1
Congratulations! Claim your prize money today,1
Special nft collection just for you,1
Document {0} requires your approval,0
Your nft collection is about to expire,1
Reminder your Forum is tomorrow,0
Delivery {0} confirmed,0
License {0} renewed,0
Your {0} password expires soon,0
Suspicious activity on your tax refund,1
Click to receive your {0},1
Timesheet {0} recorded,0
Budget {0} approved,0
Click to receive your {0},1
Contract {0} approved,0
Your {0} subscription renewed,0
Verification {0} completed,0
Flight {0} departure reminder,0
License {0} renewed,0
{0} has been awarded to you,1
Claim {0} within 24 hours,1
Unlock your {0} instantly,1
Exclusive {0} for VIP members,1
{0} requires immediate action,1
Team {0} scheduled for tomorrow,0
Invoice {0} processed successfully,0
Congratulations! Claim your tax refund today,1
Update your unusual activity now,1
Hotel {0} reservation confirmed,0
Your {0} needs attention,1
Invoice {0} processed successfully,0
Your {0} has been updated,0
Receive {0} by clicking here,1
Your {0} has been updated,0
Your {0} password expires soon,0
{0} training session scheduled,0
Your digital asset is about to expire,1
{0} ticket booked,0
Final notice: {0} expires today,1
Status update on {0} project,0
{0} has been awarded to you,1
New opportunity for {0},1
Hotel {0} reservation confirmed,0
{0} requires immediate action,1
January with colleagues at January,0
Project deadline extended to Tuesday,0
You qualified for {0},1
Claim {0} within 24 hours,1
Unlock your {0} instantly,1
{0} requires immediate action,1
Expense report {0} submitted,0
New opportunity for {0},1
Hotel {0} reservation confirmed,0
Delivery {0} confirmed,0
Suspicious activity on your nft collection,1
Receipt team meeting agenda,0
Update your inheritance now,1
Act now to get hidden benefit,1
{0} notification alert,1
{0} opportunity ends today,1
Special account suspension just for you,1
Performance {0} completed,0
{0} has been awarded to you,1
{0} requires immediate action,1
Contract {0} approved,0
Calendar invitation for {0},0
Claim {0} within 24 hours,1
Status update on {0} project,0
Permit {0} approved,0
Your emergency update is about to expire,1
October dinner tonight at home,0
New {0} available in your account,0
{0} notification alert,1
New opportunity for {0},1
Your unlimited credits is about to expire,1
Review team meeting agenda,0
Meeting notes {0} attached,0
Secure your {0} instantly,1
Contract {0} approved,0
Class team meeting agenda,0
Your {0} password expires soon,0
Reminder your Review is tomorrow,0
License {0} renewed,0
New {0} available in your account,0
Team {0} scheduled for tomorrow,0
Urgent: Your investment opportunity will be blocked,1
Expense report {0} submitted,0
Confirmation {0} email sent,0
New {0} available in your account,0
Your {0} has been updated,0
Act now to get lottery prize,1
{0} has been awarded to you,1
Flight {0} departure reminder,0
Permit {0} approved,0
Meeting notes {0} attached,0
You have won early bird discount! Click the link now,1
Confirm your {0} details,1
Agenda with colleagues at Agenda,0
{0} training session scheduled,0
Flight {0} departure reminder,0
Re-activate your {0} account,1
Budget {0} approved,0
Application {0} accepted,0
Verify your payment confirmation immediately,1
Action required on your {0},1
{0} alert from security team,1
Calendar invitation for {0},0
Flight {0} departure reminder,0
Document {0} requires your approval,0
{0} pending confirmation,1
Team {0} scheduled for tomorrow,0
New opportunity for {0},1
Get exclusive access with this simple trick,1
Permit {0} approved,0
Verify your bonus payment immediately,1
Complete {0} registration now,1
Expense report {0} submitted,0
Permit {0} approved,0
Don't miss out on this amazon voucher,1
Update your nft collection now,1
Course {0} enrollment confirmed,0
Get early bird discount with this simple trick,1
May attached for last month services,0
Your {0} request approved,1
Monthly attached for last month services,0
Verification {0} completed,0
Confirmation {0} email sent,0
{0} has been awarded to you,1
Document {0} requires your approval,0
Verify your inheritance immediately,1
Act now to get limited edition item,1
Verify your cash back immediately,1
Final notice: {0} expires today,1
Contract {0} approved,0
Hotel {0} reservation confirmed,0
{0} report is ready to view,0
2026 attached for last month services,0
Certificate {0} issued,0
Your {0} access will be revoked,1
Confirmation {0} email sent,0
{0} ticket booked,0
Order {0} shipped,0
Schedule attached for last month services,0
{0} validation needed today,1
Congratulations you are selected for {0},1
{0} validation needed today,1
Timesheet {0} recorded,0
{0} has been awarded to you,1
Act now to get itunes gift card,1
Timesheet {0} recorded,0
Report dinner tonight at home,0
Urgent: Your prize money will be blocked,1
{0} pending confirmation,1
Course {0} enrollment confirmed,0
Your {0} access will be revoked,1
Delivery {0} confirmed,0
Calendar invitation for {0},0
Calendar invitation for {0},0
{0} notification alert,1
Limited time offer: account access,1
Suspicious activity on your account access,1
Click to receive your {0},1
You qualified for {0},1
Application {0} accepted,0
Course {0} enrollment confirmed,0
Your {0} password expires soon,0
Final notice: {0} expires today,1
Complete {0} registration now,1
2pm attached for last month services,0
Document {0} requires your approval,0
Suspicious activity on your password,1
January newsletter from your favorite blog,0
{0} opportunity ends today,1
Urgent: Your ethereum stake will be blocked,1
Re-activate your {0} account,1
Your prize money is about to expire,1
Final notice: {0} expires today,1
Standup newsletter from your favorite blog,0
Meeting notes {0} attached,0
Thursday appointment confirmed,0
Verification {0} completed,0
{0} pending confirmation,1
Feedback with colleagues at Feedback,0
Verification {0} completed,0
You qualified for {0},1
Stop! You are missing out on {0},1
{0} has been awarded to you,1
Timesheet {0} recorded,0
Verify your digital asset immediately,1
Don't miss out on this payment confirmation,1
Budget {0} approved,0
{0} training session scheduled,0
Document {0} requires your approval,0
Meeting notes {0} attached,0
Meeting notes {0} attached,0
Update team meeting agenda,0
Action required on your {0},1
Get payment method with this simple trick,1
You qualified for {0},1
Status update on {0} project,0
Complete {0} registration now,1
Receive {0} by clicking here,1
Review {0} feedback sent,0
{0} notification alert,1
Unlock your {0} instantly,1
Reminder your Conference is tomorrow,0
Calendar invitation for {0},0
Urgent: Your account suspension will be blocked,1
December attached for last month services,0
Meeting scheduled at September,0
Project deadline extended to Forum,0
Hotel {0} reservation confirmed,0
Receive {0} by clicking here,1
{0} pending confirmation,1
Performance {0} completed,0
Your {0} needs attention,1
Don't miss out on this amazon voucher,1
Meeting notes {0} attached,0
Certificate {0} issued,0
{0} alert from security team,1
New opportunity for {0},1
Confirm your {0} details,1
Application {0} accepted,0
Don't miss out on this inheritance,1
Meeting notes {0} attached,0
Final notice: {0} expires today,1
Stop! You are missing out on {0},1
Document {0} requires your approval,0
Stop! You are missing out on {0},1
Confirmation {0} email sent,0
Receive {0} by clicking here,1
Calendar invitation for {0},0
Meeting appointment confirmed,0
Claim {0} within 24 hours,1
Congratulations! Claim your ethereum stake today,1
Confirm your {0} details,1
Class newsletter from your favorite blog,0
Special bonus payment just for you,1
Calendar invitation for {0},0
Special inheritance just for you,1
Your {0} request approved,1
{0} requires immediate action,1
Meeting notes {0} attached,0
Team {0} scheduled for tomorrow,0
Secure your {0} instantly,1
{0} pending confirmation,1
Document {0} requires your approval,0
Your {0} needs attention,1
Secure your {0} instantly,1
Get special bonus with this simple trick,1
Document {0} requires your approval,0
Click here to {0},1
Action required on your {0},1
Action required on your {0},1
{0} requires immediate action,1
Permit {0} approved,0
Congratulations! Claim your premium upgrade today,1
Congratulations! Claim your password today,1
Urgent: Your premium upgrade will be blocked,1
You qualified for {0},1
Evening team meeting agenda,0
Your {0} request approved,1
Verify your exclusive deal immediately,1
Act now to get ethereum stake,1
Urgent: Your nft collection will be blocked,1
Suspicious activity on your unlimited credits,1
Update your nft collection now,1
{0} has been awarded to you,1
Permit {0} approved,0
Stop! You are missing out on {0},1
Performance {0} completed,0
Meeting scheduled at 10am,0
Get early bird discount with this simple trick,1
Congratulations you are selected for {0},1
Your {0} has been updated,0
You qualified for {0},1
Confirmation {0} email sent,0
Urgent: Your early bird discount will be blocked,1
Confirmation {0} email sent,0
{0} pending confirmation,1
Update your bitcoin payment now,1
{0} pending confirmation,1
Flight {0} departure reminder,0
Final notice: {0} expires today,1
Special verification required just for you,1
Training dinner tonight at home,0
Budget {0} approved,0
Congratulations! Claim your unusual activity today,1
Confirm your {0} details,1
Your {0} password expires soon,0
Meeting notes {0} attached,0
Night team meeting agenda,0
You have won fraud alert! Click the link now,1
Permit {0} approved,0
Thursday with colleagues at Thursday,0
Your {0} has been updated,0
Confirmation {0} email sent,0
Hotel {0} reservation confirmed,0
Action required on your {0},1
Update team meeting agenda,0
Flight {0} departure reminder,0
New {0} available in your account,0
Claim your free inheritance today,1
Your {0} access will be revoked,1
Application {0} accepted,0
Exclusive {0} for VIP members,1
Permit {0} approved,0
Confirm your {0} details,1
Calendar invitation for {0},0
Click to receive your {0},1
Stop! You are missing out on {0},1
{0} requires immediate action,1
Hotel {0} reservation confirmed,0
{0} validation needed today,1
Complete {0} registration now,1
Hotel {0} reservation confirmed,0
Permit {0} approved,0
Confirm your {0} details,1
Flight {0} departure reminder,0
Status update on {0} project,0
Urgent: Your itunes gift card will be blocked,1
Complete {0} registration now,1
Suspicious activity on your account access,1
Flight {0} departure reminder,0
Urgent: Your amazon voucher will be blocked,1
Limited time offer: bitcoin payment,1
Order {0} shipped,0
Re-activate your {0} account,1
Your {0} access will be revoked,1
Expense report {0} submitted,0
Team {0} scheduled for tomorrow,0
Verification {0} completed,0
Your {0} password expires soon,0
{0} training session scheduled,0
Receive {0} by clicking here,1
Secure your {0} instantly,1
Team {0} scheduled for tomorrow,0
Congratulations! Claim your prize money today,1
Exclusive {0} for VIP members,1
Hotel {0} reservation confirmed,0
You have won secret offer! Click the link now,1
Get lottery prize with this simple trick,1
{0} training session scheduled,0
Q2 with colleagues at Q2,0
{0} pending confirmation,1
Action required on your {0},1
Performance {0} completed,0
Update your roblox tokens now,1
Act now to get money transfer,1
{0} ticket booked,0
Application {0} accepted,0
Document {0} requires your approval,0
Claim {0} within 24 hours,1
{0} opportunity ends today,1
License {0} renewed,0
Thursday team meeting agenda,0
Review {0} feedback sent,0
Your account requires hidden benefit,1
Order {0} shipped,0
Status update on {0} project,0
Your {0} request approved,1
Budget {0} approved,0
Contract {0} approved,0
Update your bitcoin payment now,1
Delivery {0} confirmed,0
Your {0} subscription renewed,0
Document {0} requires your approval,0
Calendar invitation for {0},0
Invoice {0} processed successfully,0
Review {0} feedback sent,0
Payroll {0} processed,0
Congratulations! Claim your inheritance today,1
Complete {0} registration now,1
Get cash back with this simple trick,1
Hotel {0} reservation confirmed,0
Click here to {0},1
Hotel {0} reservation confirmed,0
Review {0} feedback sent,0
Hotel {0} reservation confirmed,0
Re-activate your {0} account,1
You have won lottery prize! Click the link now,1
License {0} renewed,0
Review {0} feedback sent,0
Flight {0} departure reminder,0
Action required on your {0},1
Class team meeting agenda,0
{0} ticket booked,0
Timesheet {0} recorded,0
Reminder your Review is tomorrow,0
{0} training session scheduled,0
Review {0} feedback sent,0
You have won exclusive access! Click the link now,1
Claim {0} within 24 hours,1
Claim {0} within 24 hours,1
{0} pending confirmation,1
Course {0} enrollment confirmed,0
Your {0} password expires soon,0
Calendar invitation for {0},0
Your wire funds is about to expire,1
{0} requires immediate action,1
You have won bank account! Click the link now,1
Your {0} has been updated,0
Forum newsletter from your favorite blog,0
Status update on {0} project,0
Panel with colleagues at Panel,0
{0} ticket booked,0
Hotel {0} reservation confirmed,0
Delivery {0} confirmed,0
New {0} available in your account,0
Schedule newsletter from your favorite blog,0
Suspicious activity on your bonus payment,1
Urgent: Your free shipping will be blocked,1
{0} requires immediate action,1
Urgent: Your payment confirmation will be blocked,1
Application {0} accepted,0
Re-activate your {0} account,1
Your {0} request approved,1
Update your bank account now,1
Hotel {0} reservation confirmed,0
Presentation with colleagues at Presentation,0
Team {0} scheduled for tomorrow,0
Confirm your {0} details,1
Feedback attached for last month services,0
Claim your free free shipping today,1
{0} alert from security team,1
Contract {0} approved,0
Special payment method just for you,1
{0} alert from security team,1
Don't miss out on this free shipping,1
Certificate {0} issued,0
Action required on your {0},1
Performance {0} completed,0
Urgent: Your tax refund will be blocked,1
February appointment confirmed,0
New opportunity for {0},1
Invoice {0} processed successfully,0
Special instant rebate just for you,1
{0} requires immediate action,1
Click to receive your {0},1
{0} validation needed today,1
You qualified for {0},1
Verification {0} completed,0
Calendar invitation for {0},0
Payroll {0} processed,0
Your {0} needs attention,1
Exclusive {0} for VIP members,1
License {0} renewed,0
Course {0} enrollment confirmed,0
Congratulations! Claim your inheritance today,1
Meeting scheduled at October,0
Receive {0} by clicking here,1
Timesheet {0} recorded,0
Contract {0} approved,0
You qualified for {0},1
Complete {0} registration now,1
Standup team meeting agenda,0
Flight {0} departure reminder,0
Suspicious activity on your bonus payment,1
Click here to {0},1
{0} pending confirmation,1
Hotel {0} reservation confirmed,0
February attached for last month services,0
Final notice: {0} expires today,1
7am appointment confirmed,0
Meeting notes {0} attached,0
{0} validation needed today,1
Budget {0} approved,0
You qualified for {0},1
Permit {0} approved,0
Don't miss out on this nft collection,1
Your {0} subscription renewed,0
Special inheritance just for you,1
Limited time offer: paypal credit,1
Project deadline extended to Kickoff,0
Verify your limited edition item immediately,1
Claim your free membership status today,1
Certificate {0} issued,0
Course {0} enrollment confirmed,0
Document {0} requires your approval,0
Panel appointment confirmed,0
Complete {0} registration now,1
Your {0} subscription renewed,0
New {0} available in your account,0
Final notice: {0} expires today,1
Final notice: {0} expires today,1
Congratulations! Claim your investment opportunity today,1
Webinar newsletter from your favorite blog,0
Confirmation {0} email sent,0
Receive {0} by clicking here,1
Confirm your {0} details,1
Reminder your Receipt is tomorrow,0
Your {0} needs attention,1
8am appointment confirmed,0
Urgent: Your unlimited credits will be blocked,1
Complete {0} registration now,1
Congratulations you are selected for {0},1
{0} pending confirmation,1
{0} notification alert,1
Delivery {0} confirmed,0
Expense report {0} submitted,0
{0} pending confirmation,1
Retrospective team meeting agenda,0
Calendar invitation for {0},0
Team {0} scheduled for tomorrow,0
Performance {0} completed,0
{0} ticket booked,0
Certificate {0} issued,0
Meeting notes {0} attached,0
September with colleagues at September,0
{0} pending confirmation,1
Exclusive {0} for VIP members,1
Complete {0} registration now,1
Kickoff with colleagues at Kickoff,0
Payroll {0} processed,0
Exclusive {0} for VIP members,1
{0} requires immediate action,1
Review {0} feedback sent,0
{0} training session scheduled,0
Contract {0} approved,0
Special amazon voucher just for you,1
Don't miss out on this special bonus,1
Project deadline extended to 2026,0
Performance {0} completed,0
Monday team meeting agenda,0
You have won fraud alert! Click the link now,1
Your {0} access will be revoked,1
Expense report {0} submitted,0
Expense report {0} submitted,0
{0} ticket booked,0
Urgent: Your investment opportunity will be blocked,1
Confirmation appointment confirmed,0
Don't miss out on this investment opportunity,1
Click to receive your {0},1
Complete {0} registration now,1
Your account requires exclusive deal,1
Document {0} requires your approval,0
Confirm your {0} details,1
Meeting notes {0} attached,0
{0} opportunity ends today,1
Certificate {0} issued,0
Act now to get personal details,1
Meeting notes {0} attached,0
{0} validation needed today,1
Reminder your Review is tomorrow,0
New opportunity for {0},1
{0} validation needed today,1
Invoice {0} processed successfully,0
Timesheet {0} recorded,0
Payroll {0} processed,0
{0} alert from security team,1
Team {0} scheduled for tomorrow,0
Payroll {0} processed,0
{0} has been awarded to you,1
Expense report {0} submitted,0
Congratulations! Claim your itunes gift card today,1
Budget {0} approved,0
Invoice {0} processed successfully,0
Don't miss out on this membership status,1
Review {0} feedback sent,0
Feedback team meeting agenda,0
{0} has been awarded to you,1
{0} validation needed today,1
Expense report {0} submitted,0
Your {0} access will be revoked,1
{0} validation needed today,1
July with colleagues at July,0
New opportunity for {0},1
Payroll {0} processed,0
Click here to {0},1
September with colleagues at September,0
{0} requires immediate action,1
Confirmation {0} email sent,0
Suspicious activity on your bonus payment,1
Congratulations! Claim your payment method today,1
Confirm your {0} details,1
Exclusive {0} for VIP members,1
Kickoff dinner tonight at home,0
Your account requires exclusive deal,1
Action required on your {0},1
Receive {0} by clicking here,1
{0} training session scheduled,0
{0} training session scheduled,0
Calendar invitation for {0},0
Team {0} scheduled for tomorrow,0
Project deadline extended to November,0
{0} alert from security team,1
Wednesday dinner tonight at home,0
{0} alert from security team,1
Payroll {0} processed,0
Payroll {0} processed,0
{0} notification alert,1
License {0} renewed,0
Lecture team meeting agenda,0
Your {0} password expires soon,0
Complete {0} registration now,1
Team {0} scheduled for tomorrow,0
{0} pending confirmation,1
{0} validation needed today,1
Invoice {0} processed successfully,0
Your {0} has been updated,0
Order {0} shipped,0
Lecture with colleagues at Lecture,0
Meeting scheduled at January,0
Congratulations! Claim your steam wallet today,1
Performance {0} completed,0
Your free vacation is about to expire,1
Your {0} access will be revoked,1
Click to receive your {0},1
Your {0} password expires soon,0
Secure your {0} instantly,1
Final notice: {0} expires today,1
Course {0} enrollment confirmed,0
Team {0} scheduled for tomorrow,0
Click to receive your {0},1
Expense report {0} submitted,0
Status update on {0} project,0
Urgent: Your special bonus will be blocked,1
Secure your {0} instantly,1
Review team meeting agenda,0
Budget {0} approved,0
Team {0} scheduled for tomorrow,0
Agenda team meeting agenda,0
Your bonus payment is about to expire,1
Your credit card is about to expire,1
Exclusive {0} for VIP members,1
Don't miss out on this paypal credit,1
Your {0} subscription renewed,0
Certificate {0} issued,0
Don't miss out on this crypto reward,1
Your early bird discount is about to expire,1
License {0} renewed,0
{0} validation needed today,1
{0} training session scheduled,0
Status update on {0} project,0
Document {0} requires your approval,0
Budget {0} approved,0
Payroll {0} processed,0
Document {0} requires your approval,0
Receive {0} by clicking here,1
Standup attached for last month services,0
Confirm your {0} details,1
Final notice: {0} expires today,1
Congratulations! Claim your account suspension today,1
Claim {0} within 24 hours,1
Expense report {0} submitted,0
Urgent: Your money transfer will be blocked,1
Your {0} needs attention,1
Your payment method is about to expire,1
Claim {0} within 24 hours,1
Project deadline extended to Demo,0
January newsletter from your favorite blog,0
Congratulations you are selected for {0},1
Congratulations! Claim your roblox tokens today,1
Your {0} subscription renewed,0
{0} notification alert,1
Workshop newsletter from your favorite blog,0
{0} ticket booked,0
{0} validation needed today,1
You have won wire funds! Click the link now,1
Team {0} scheduled for tomorrow,0
{0} notification alert,1
Team {0} scheduled for tomorrow,0
Flight {0} departure reminder,0
Special hidden benefit just for you,1
{0} ticket booked,0
Invoice {0} processed successfully,0
Special gift card just for you,1
Complete {0} registration now,1
Your {0} needs attention,1
Suspicious activity on your verification required,1
Your {0} has been updated,0
Flight {0} departure reminder,0
Details newsletter from your favorite blog,0
Verification {0} completed,0
Update your roblox tokens now,1
Q2 dinner tonight at home,0
Your account requires gift card,1
Confirmation {0} email sent,0
Exclusive {0} for VIP members,1
New {0} available in your account,0
New opportunity for {0},1
{0} training session scheduled,0
Confirm your {0} details,1
You qualified for {0},1
Your {0} has been updated,0
Certificate {0} issued,0
Document {0} requires your approval,0
Get wire funds with this simple trick,1
Delivery {0} confirmed,0
Timesheet {0} recorded,0
Permit {0} approved,0
Claim your free blockchain reward today,1
Secure your {0} instantly,1
Click to receive your {0},1
Your {0} needs attention,1
{0} ticket booked,0
Suspicious activity on your password,1
Confirm your {0} details,1
Claim {0} within 24 hours,1
Click to receive your {0},1
License {0} renewed,0
{0} report is ready to view,0
License {0} renewed,0
License {0} renewed,0
Project deadline extended to Forum,0
Project deadline extended to Tuesday,0
November team meeting agenda,0
{0} training session scheduled,0
{0} opportunity ends today,1
Your {0} needs attention,1
Suspicious activity on your payment confirmation,1
{0} requires immediate action,1
{0} report is ready to view,0
Flight {0} departure reminder,0
Invoice {0} processed successfully,0
Unlock your {0} instantly,1
Document {0} requires your approval,0
Verify your bank account immediately,1
Application {0} accepted,0
Certificate {0} issued,0
Congratulations! Claim your special bonus today,1
Workshop newsletter from your favorite blog,0
Application {0} accepted,0
Your {0} password expires soon,0
Project deadline extended to Afternoon,0
Certificate {0} issued,0
{0} notification alert,1
Unlock your {0} instantly,1
Delivery {0} confirmed,0
November dinner tonight at home,0
Limited time offer: password,1
Status update on {0} project,0
Limited time offer: wire funds,1
Application {0} accepted,0
Unlock your {0} instantly,1
Final notice: {0} expires today,1
Document {0} requires your approval,0
Permit {0} approved,0
{0} requires immediate action,1
Your {0} request approved,1
Your {0} needs attention,1
Your {0} needs attention,1
Course {0} enrollment confirmed,0
Session team meeting agenda,0
New opportunity for {0},1
Course {0} enrollment confirmed,0
Flight {0} departure reminder,0
Your {0} subscription renewed,0
Course {0} enrollment confirmed,0
Your {0} has been updated,0
Unlock your {0} instantly,1
{0} pending confirmation,1
Update your unlimited credits now,1
Secure your {0} instantly,1
Act now to get gift card,1
Your {0} has been updated,0
Final notice: {0} expires today,1
Monday appointment confirmed,0
Click here to {0},1
Team {0} scheduled for tomorrow,0
Click here to {0},1
Re-activate your {0} account,1
Timesheet {0} recorded,0
Details team meeting agenda,0
Course {0} enrollment confirmed,0
Meeting notes {0} attached,0
Certificate {0} issued,0
{0} notification alert,1
{0} pending confirmation,1
Don't miss out on this roblox tokens,1
Limited time offer: inheritance,1
Hotel {0} reservation confirmed,0
Your {0} access will be revoked,1
Team {0} scheduled for tomorrow,0
Meeting scheduled at Panel,0
Your {0} subscription renewed,0
Performance {0} completed,0
Click here to {0},1
Confirmation {0} email sent,0
Performance {0} completed,0
Limited time offer: wire funds,1
Get credit card with this simple trick,1
Your {0} has been updated,0
Your {0} access will be revoked,1
Flight {0} departure reminder,0
{0} requires immediate action,1
Limited time offer: unlimited credits,1
Your {0} password expires soon,0
Review {0} feedback sent,0
Confirm your {0} details,1
Performance {0} completed,0
Action required on your {0},1
Complete {0} registration now,1
Status update on {0} project,0
Your {0} subscription renewed,0
Confirm your {0} details,1
Your {0} access will be revoked,1
Tuesday newsletter from your favorite blog,0
Performance {0} completed,0
Calendar invitation for {0},0
Your unlimited credits is about to expire,1
April attached for last month services,0
{0} ticket booked,0
Status update on {0} project,0
Confirm your {0} details,1
Get password with this simple trick,1
Status update on {0} project,0
Exclusive {0} for VIP members,1
Claim your free emergency update today,1
Contract {0} approved,0
Budget {0} approved,0
You qualified for {0},1
{0} notification alert,1
Certificate {0} issued,0
Invoice {0} processed successfully,0
Performance {0} completed,0
Your {0} request approved,1
Project deadline extended to 8am,0
You qualified for {0},1
Click here to {0},1
Payroll {0} processed,0
Payroll {0} processed,0
Confirm your {0} details,1
Payroll {0} processed,0
License {0} renewed,0
Timesheet {0} recorded,0
Congratulations you are selected for {0},1
{0} opportunity ends today,1
Click to receive your {0},1
Your {0} has been updated,0
Receive {0} by clicking here,1
Weekly with colleagues at Weekly,0
You qualified for {0},1
Payroll {0} processed,0
Permit {0} approved,0
Document {0} requires your approval,0
Action required on your {0},1
Receive {0} by clicking here,1
Reminder your Wednesday is tomorrow,0
Receive {0} by clicking here,1
Timesheet {0} recorded,0
Expense report {0} submitted,0
Project deadline extended to Demo,0
Expense report {0} submitted,0
Limited time offer: payment method,1
{0} opportunity ends today,1
Invoice {0} processed successfully,0
Your {0} request approved,1
Your {0} has been updated,0
Permit {0} approved,0
{0} pending confirmation,1
You have won wire funds! Click the link now,1
Stop! You are missing out on {0},1
Unlock your {0} instantly,1
Expense report {0} submitted,0
{0} requires immediate action,1
Re-activate your {0} account,1
Your {0} request approved,1
{0} pending confirmation,1
Morning dinner tonight at home,0
Click to receive your {0},1
Your {0} has been updated,0
{0} ticket booked,0
Verification {0} completed,0
Saturday team meeting agenda,0
Delivery {0} confirmed,0
Document {0} requires your approval,0
Get fraud alert with this simple trick,1
{0} training session scheduled,0
Verify your emergency update immediately,1
{0} requires immediate action,1
{0} report is ready to view,0
{0} has been awarded to you,1
Update your credit card now,1
Workshop attached for last month services,0
Final notice: {0} expires today,1
You have won exclusive deal! Click the link now,1
Order {0} shipped,0
Meeting notes {0} attached,0
Claim your free wire funds today,1
Click to receive your {0},1
Re-activate your {0} account,1
{0} training session scheduled,0
Document {0} requires your approval,0
Your {0} password expires soon,0
Delivery {0} confirmed,0
Hotel {0} reservation confirmed,0
{0} report is ready to view,0
Unlock your {0} instantly,1
Invoice {0} processed successfully,0
Hotel {0} reservation confirmed,0
Course {0} enrollment confirmed,0
Meeting notes {0} attached,0
Payroll {0} processed,0
Verification {0} completed,0
Your {0} needs attention,1
Team {0} scheduled for tomorrow,0
Application {0} accepted,0
Confirmation {0} email sent,0
Limited time offer: membership status,1
Suspicious activity on your exclusive deal,1
Project deadline extended to 2026,0
Your {0} subscription renewed,0
Urgent: Your lottery prize will be blocked,1
Receive {0} by clicking here,1
You have won amazon voucher! Click the link now,1
Claim {0} within 24 hours,1
Timesheet {0} recorded,0
Verify your exclusive deal immediately,1
{0} opportunity ends today,1
New opportunity for {0},1
Get investment opportunity with this simple trick,1
{0} validation needed today,1
Flight {0} departure reminder,0
Click to receive your {0},1
Calendar invitation for {0},0
{0} opportunity ends today,1
Claim your free money transfer today,1
{0} opportunity ends today,1
Stop! You are missing out on {0},1
{0} alert from security team,1
11am attached for last month services,0
Your {0} subscription renewed,0
Stop! You are missing out on {0},1
New opportunity for {0},1
Meeting scheduled at Kickoff,0
Verification {0} completed,0
Invoice {0} processed successfully,0
New opportunity for {0},1
Limited time offer: tax refund,1
4pm team meeting agenda,0
Your investment opportunity is about to expire,1
Report attached for last month services,0
Action required on your {0},1
{0} pending confirmation,1
June attached for last month services,0
Special exclusive access just for you,1
Meeting scheduled at Q3,0
Claim your free unlimited credits today,1
Stop! You are missing out on {0},1
Unlock your {0} instantly,1
Status update on {0} project,0
Your account requires crypto reward,1
Calendar invitation for {0},0
Panel appointment confirmed,0
Your {0} request approved,1
Special unlimited credits just for you,1
Suspicious activity on your secret offer,1
Invoice {0} processed successfully,0
{0} notification alert,1
Update your fraud alert now,1
Claim your free blockchain reward today,1
Stop! You are missing out on {0},1
Your crypto reward is about to expire,1
New {0} available in your account,0
Delivery {0} confirmed,0
Get roblox tokens with this simple trick,1
Certificate {0} issued,0
Update your gift card now,1
{0} ticket booked,0
Click to receive your {0},1
New {0} available in your account,0
Status update on {0} project,0
Permit {0} approved,0
Contract {0} approved,0
Document {0} requires your approval,0
Confirm your {0} details,1
Re-activate your {0} account,1
Re-activate your {0} account,1
Urgent: Your membership status will be blocked,1
10am attached for last month services,0
Verify your premium upgrade immediately,1
Final notice: {0} expires today,1
Calendar invitation for {0},0
Get cash back with this simple trick,1
Your {0} needs attention,1
Congratulations you are selected for {0},1
{0} report is ready to view,0
Summit attached for last month services,0
Re-activate your {0} account,1
{0} alert from security team,1
Budget {0} approved,0
Exclusive {0} for VIP members,1
{0} notification alert,1
Meeting scheduled at Kickoff,0
Budget {0} approved,0
Retrospective team meeting agenda,0
{0} has been awarded to you,1
Certificate {0} issued,0
Special password just for you,1
Click here to {0},1
Claim {0} within 24 hours,1
Re-activate your {0} account,1
Update your wire funds now,1
Action required on your {0},1
Congratulations you are selected for {0},1
Final notice: {0} expires today,1
Update your secret offer now,1
Delivery {0} confirmed,0
{0} notification alert,1
Review {0} feedback sent,0
Congratulations you are selected for {0},1
Congratulations you are selected for {0},1
Your {0} has been updated,0
Document {0} requires your approval,0
Friday dinner tonight at home,0
Hotel {0} reservation confirmed,0
Your account requires personal details,1
Your {0} needs attention,1
You have won personal details! Click the link now,1
Get prize money with this simple trick,1
Review {0} feedback sent,0
Expense report {0} submitted,0
Congratulations! Claim your limited edition item today,1
Review {0} feedback sent,0
You qualified for {0},1
Performance {0} completed,0
Expense report {0} submitted,0
Report newsletter from your favorite blog,0
Hotel {0} reservation confirmed,0
Flight {0} departure reminder,0
Verification {0} completed,0
{0} has been awarded to you,1
Confirmation {0} email sent,0
Application {0} accepted,0
{0} requires immediate action,1
{0} notification alert,1
Schedule team meeting agenda,0
Course {0} enrollment confirmed,0
Urgent: Your itunes gift card will be blocked,1
August attached for last month services,0
{0} pending confirmation,1
Suspicious activity on your roblox tokens,1
Your account requires unusual activity,1
Don't miss out on this gift card,1
{0} has been awarded to you,1
You have won inheritance! Click the link now,1
Act now to get hidden benefit,1
Claim {0} within 24 hours,1
Your {0} access will be revoked,1
Performance {0} completed,0
Suspicious activity on your lottery prize,1
Invoice {0} processed successfully,0
Session dinner tonight at home,0
Project deadline extended to Demo,0
Complete {0} registration now,1
Your {0} needs attention,1
Review attached for last month services,0
Course {0} enrollment confirmed,0
Limited time offer: hidden benefit,1
{0} validation needed today,1
Your {0} password expires soon,0
2pm newsletter from your favorite blog,0
Confirmation {0} email sent,0
Family with colleagues at Family,0
Document {0} requires your approval,0
{0} notification alert,1
Confirm your {0} details,1
New opportunity for {0},1
Flight {0} departure reminder,0
Re-activate your {0} account,1
{0} validation needed today,1
{0} validation needed today,1
Meeting scheduled at February,0
{0} training session scheduled,0
{0} opportunity ends today,1
Budget {0} approved,0
Congratulations! Claim your secret offer today,1
Urgent: Your ethereum stake will be blocked,1
Urgent: Your money transfer will be blocked,1
Unlock your {0} instantly,1
Meeting scheduled at Receipt,0
Click to receive your {0},1
Course {0} enrollment confirmed,0
Final notice: {0} expires today,1
Retrospective newsletter from your favorite blog,0
Certificate {0} issued,0
Secure your {0} instantly,1
You have won crypto reward! Click the link now,1
Certificate {0} issued,0
Application {0} accepted,0
New {0} available in your account,0
Discussion appointment confirmed,0
Get account suspension with this simple trick,1
Invoice newsletter from your favorite blog,0
Status update on {0} project,0
Special emergency update just for you,1
Congratulations! Claim your cash back today,1
Click to receive your {0},1
Unlock your {0} instantly,1
Your {0} password expires soon,0
Limited time offer: digital asset,1
{0} pending confirmation,1
Your {0} access will be revoked,1
Exclusive {0} for VIP members,1
{0} has been awarded to you,1
{0} validation needed today,1
Your {0} password expires soon,0
New opportunity for {0},1
Hotel {0} reservation confirmed,0
Final notice: {0} expires today,1
{0} ticket booked,0
Your {0} subscription renewed,0
Afternoon attached for last month services,0
Don't miss out on this security code,1
Team {0} scheduled for tomorrow,0
October team meeting agenda,0
Certificate {0} issued,0
Wednesday with colleagues at Wednesday,0
{0} requires immediate action,1
Invoice {0} processed successfully,0
Your {0} subscription renewed,0
You qualified for {0},1
Urgent: Your premium upgrade will be blocked,1
License {0} renewed,0
Your {0} access will be revoked,1
Contract {0} approved,0
Claim {0} within 24 hours,1
Confirmation {0} email sent,0
Performance {0} completed,0
Budget {0} approved,0
Discussion appointment confirmed,0
Unlock your {0} instantly,1
New opportunity for {0},1
Permit {0} approved,0
Secure your {0} instantly,1
Delivery {0} confirmed,0
Discussion newsletter from your favorite blog,0
Your account requires unusual activity,1
Payroll {0} processed,0
Review {0} feedback sent,0
Budget {0} approved,0
Click to receive your {0},1
Don't miss out on this bank account,1
Your free shipping is about to expire,1
{0} validation needed today,1
{0} training session scheduled,0
Your account requires tax refund,1
Your {0} subscription renewed,0
{0} alert from security team,1
Congratulations! Claim your security code today,1
Your {0} access will be revoked,1
Application {0} accepted,0
Congratulations you are selected for {0},1
Your {0} needs attention,1
{0} opportunity ends today,1
Project deadline extended to Evening,0
Verify your money transfer immediately,1
Special blockchain reward just for you,1
{0} training session scheduled,0
Receive {0} by clicking here,1
Complete {0} registration now,1
Action required on your {0},1
Team {0} scheduled for tomorrow,0
Verify your emergency update immediately,1
{0} alert from security team,1
Don't miss out on this bank account,1
Update your bitcoin payment now,1
{0} alert from security team,1
Your {0} subscription renewed,0
Re-activate your {0} account,1
Update appointment confirmed,0
Budget {0} approved,0
Meeting scheduled at Schedule,0
{0} has been awarded to you,1
Click to receive your {0},1
Confirmation {0} email sent,0
Get lottery prize with this simple trick,1
Verify your wire funds immediately,1
Document {0} requires your approval,0
Action required on your {0},1
Claim your free unlimited credits today,1
Application {0} accepted,0
Team {0} scheduled for tomorrow,0
Congratulations! Claim your free shipping today,1
Course {0} enrollment confirmed,0
Congratulations! Claim your membership status today,1
Stop! You are missing out on {0},1
Suspicious activity on your cash back,1
{0} has been awarded to you,1
Calendar invitation for {0},0
Suspicious activity on your security code,1
Re-activate your {0} account,1
Evening appointment confirmed,0
Meeting notes {0} attached,0
{0} requires immediate action,1
Congratulations you are selected for {0},1
Certificate {0} issued,0
Your {0} password expires soon,0
5pm team meeting agenda,0
September with colleagues at September,0
Meeting scheduled at Thursday,0
Order {0} shipped,0
Timesheet {0} recorded,0
Schedule newsletter from your favorite blog,0
Meeting scheduled at Schedule,0
Contract {0} approved,0
Hotel {0} reservation confirmed,0
Project deadline extended to March,0
Conference attached for last month services,0
Contract {0} approved,0
Congratulations you are selected for {0},1
Confirm your {0} details,1
{0} report is ready to view,0
You qualified for {0},1
Your {0} password expires soon,0
Special amazon voucher just for you,1
Permit {0} approved,0
You have won wire funds! Click the link now,1
Reminder your Sunday is tomorrow,0
Claim your free fraud alert today,1
Click to receive your {0},1
Verify your verification required immediately,1
{0} alert from security team,1
Payroll {0} processed,0
Complete {0} registration now,1
Verify your payment confirmation immediately,1
Project deadline extended to Budget,0
Status update on {0} project,0
Your {0} subscription renewed,0
Flight {0} departure reminder,0
{0} notification alert,1
Your unusual activity is about to expire,1
Unlock your {0} instantly,1
Click here to {0},1
License {0} renewed,0
Performance {0} completed,0
New opportunity for {0},1
Invoice {0} processed successfully,0
Hotel {0} reservation confirmed,0
Your {0} access will be revoked,1
Payroll {0} processed,0
Team {0} scheduled for tomorrow,0
Click to receive your {0},1
Meeting notes {0} attached,0
Update your itunes gift card now,1
Limited time offer: ethereum stake,1
Team {0} scheduled for tomorrow,0
License {0} renewed,0
{0} training session scheduled,0
Team {0} scheduled for tomorrow,0
Invoice {0} processed successfully,0
Verify your credit card immediately,1
{0} ticket booked,0
{0} training session scheduled,0
Reminder your September is tomorrow,0
{0} notification alert,1
Flight {0} departure reminder,0
Your {0} password expires soon,0
{0} opportunity ends today,1
Reminder your Seminar is tomorrow,0
Claim your free free shipping today,1
Claim your free lottery prize today,1
Contract {0} approved,0
Course {0} enrollment confirmed,0
Final notice: {0} expires today,1
Get special bonus with this simple trick,1
{0} requires immediate action,1
Permit {0} approved,0
Congratulations you are selected for {0},1
Exclusive {0} for VIP members,1
Team {0} scheduled for tomorrow,0
Hotel {0} reservation confirmed,0
{0} alert from security team,1
Status update on {0} project,0
Stop! You are missing out on {0},1
Verify your free vacation immediately,1
Complete {0} registration now,1
Your crypto reward is about to expire,1
Performance {0} completed,0
{0} report is ready to view,0
Application {0} accepted,0
{0} validation needed today,1
Your {0} has been updated,0
Confirm your {0} details,1
Document {0} requires your approval,0
{0} validation needed today,1
{0} pending confirmation,1
Your {0} subscription renewed,0
Your account requires fraud alert,1
Your {0} subscription renewed,0
Team {0} scheduled for tomorrow,0
Status update on {0} project,0
Click here to {0},1
Document {0} requires your approval,0
Order {0} shipped,0
Unlock your {0} instantly,1
Hotel {0} reservation confirmed,0
Your {0} subscription renewed,0
Congratulations! Claim your fraud alert today,1
{0} alert from security team,1
Seminar team meeting agenda,0
Receive {0} by clicking here,1
You qualified for {0},1
Receive {0} by clicking here,1
Verification {0} completed,0
Q3 appointment confirmed,0
Your {0} access will be revoked,1
Click to receive your {0},1
Exclusive {0} for VIP members,1
Click here to {0},1
Schedule team meeting agenda,0
{0} requires immediate action,1
Unlock your {0} instantly,1
{0} requires immediate action,1
5pm newsletter from your favorite blog,0
New opportunity for {0},1
Verify your unlimited credits immediately,1
Flight {0} departure reminder,0
Order {0} shipped,0
Permit {0} approved,0
Update your lottery prize now,1
{0} alert from security team,1
Your account requires unlimited credits,1
{0} validation needed today,1
Expense report {0} submitted,0
3pm dinner tonight at home,0
2026 newsletter from your favorite blog,0
Act now to get tax refund,1
Get paypal credit with this simple trick,1
License {0} renewed,0
Congratulations! Claim your steam wallet today,1
{0} alert from security team,1
Team appointment confirmed,0
Complete {0} registration now,1
{0} has been awarded to you,1
Project deadline extended to December,0
Review {0} feedback sent,0
Payroll {0} processed,0
{0} notification alert,1
{0} validation needed today,1
{0} training session scheduled,0
Receive {0} by clicking here,1
{0} ticket booked,0
Suspicious activity on your fraud alert,1
Review {0} feedback sent,0
Your {0} request approved,1
{0} training session scheduled,0
Congratulations! Claim your exclusive deal today,1
Document {0} requires your approval,0
Meeting scheduled at August,0
Timesheet {0} recorded,0
Act now to get fraud alert,1
License {0} renewed,0
Confirmation {0} email sent,0
Secure your {0} instantly,1
Confirm your {0} details,1
Act now to get investment opportunity,1
Confirm your {0} details,1
Congratulations! Claim your exclusive access today,1
{0} requires immediate action,1
Performance {0} completed,0
Complete {0} registration now,1
3pm attached for last month services,0
Confirmation {0} email sent,0
{0} ticket booked,0
Your {0} access will be revoked,1
Timesheet {0} recorded,0
Verify your prize money immediately,1
Click to receive your {0},1
October newsletter from your favorite blog,0
Review {0} feedback sent,0
New opportunity for {0},1
Thursday newsletter from your favorite blog,0
{0} has been awarded to you,1
Delivery {0} confirmed,0
Family team meeting agenda,0
Application {0} accepted,0
New opportunity for {0},1
Flight {0} departure reminder,0
Flight {0} departure reminder,0
Course {0} enrollment confirmed,0
Secure your {0} instantly,1
{0} requires immediate action,1
Panel appointment confirmed,0
{0} requires immediate action,1
Project deadline extended to Schedule,0
Verification {0} completed,0
Stop! You are missing out on {0},1
Verification {0} completed,0
Discussion dinner tonight at home,0
Re-activate your {0} account,1
You have won exclusive deal! Click the link now,1
License {0} renewed,0
Claim your free special bonus today,1
Update your secret offer now,1
Update your lottery prize now,1
{0} notification alert,1
Re-activate your {0} account,1
Congratulations you are selected for {0},1
Receive {0} by clicking here,1
Your {0} needs attention,1
Final notice: {0} expires today,1
Kickoff newsletter from your favorite blog,0
Timesheet {0} recorded,0
Congratulations you are selected for {0},1
Receive {0} by clicking here,1
Secure your {0} instantly,1
Special fraud alert just for you,1
Confirm your {0} details,1
Project deadline extended to Presentation,0
Project deadline extended to Forum,0
{0} notification alert,1
Your {0} subscription renewed,0
{0} validation needed today,1
Re-activate your {0} account,1
Certificate {0} issued,0
Limited time offer: digital asset,1
Don't miss out on this ethereum stake,1
{0} ticket booked,0
Your {0} access will be revoked,1
Application {0} accepted,0
Meeting notes {0} attached,0
{0} pending confirmation,1
Team {0} scheduled for tomorrow,0
Confirm your {0} details,1
New {0} available in your account,0
Urgent: Your early bird discount will be blocked,1
Your {0} has been updated,0
Hotel {0} reservation confirmed,0
Congratulations you are selected for {0},1
Verification {0} completed,0
Final notice: {0} expires today,1
Verify your payment confirmation immediately,1
{0} training session scheduled,0
Congratulations you are selected for {0},1
You qualified for {0},1
Urgent: Your emergency update will be blocked,1
Re-activate your {0} account,1
Budget {0} approved,0
Confirm your {0} details,1
Demo team meeting agenda,0
Invoice {0} processed successfully,0
Your {0} request approved,1
Verification {0} completed,0
Your {0} subscription renewed,0
Don't miss out on this exclusive deal,1
Claim your free crypto reward today,1
Order {0} shipped,0
{0} requires immediate action,1
Discussion newsletter from your favorite blog,0
Order {0} shipped,0
Order {0} shipped,0
{0} report is ready to view,0
{0} opportunity ends today,1
You have won membership status! Click the link now,1
Your wire funds is about to expire,1
Complete {0} registration now,1
New {0} available in your account,0
{0} notification alert,1
Timesheet {0} recorded,0
Your {0} has been updated,0
Calendar invitation for {0},0
{0} opportunity ends today,1
Special account suspension just for you,1
Your nft collection is about to expire,1
Report attached for last month services,0
{0} opportunity ends today,1
Contract {0} approved,0
Your {0} has been updated,0
Limited time offer: inheritance,1
Receive {0} by clicking here,1
{0} training session scheduled,0
Complete {0} registration now,1
Calendar invitation for {0},0
Final notice: {0} expires today,1
Receive {0} by clicking here,1
Schedule newsletter from your favorite blog,0
Click to receive your {0},1
Congratulations you are selected for {0},1
9am team meeting agenda,0
Delivery {0} confirmed,0
Night dinner tonight at home,0
Status update on {0} project,0
Expense report {0} submitted,0
Delivery {0} confirmed,0
Calendar invitation for {0},0
Action required on your {0},1
{0} notification alert,1
2026 with colleagues at 2026,0
{0} has been awarded to you,1
{0} requires immediate action,1
{0} requires immediate action,1
Confirm your {0} details,1
Confirm your {0} details,1
Document {0} requires your approval,0
Stop! You are missing out on {0},1
License {0} renewed,0
Unlock your {0} instantly,1
Urgent: Your paypal credit will be blocked,1
Course {0} enrollment confirmed,0
You have won free shipping! Click the link now,1
Team {0} scheduled for tomorrow,0
Verify your credit card immediately,1
Project deadline extended to Review,0
Exclusive {0} for VIP members,1
Your {0} password expires soon,0
Congratulations! Claim your money transfer today,1
Final notice: {0} expires today,1
Your {0} access will be revoked,1
Performance {0} completed,0
Congratulations you are selected for {0},1
New {0} available in your account,0
{0} training session scheduled,0
{0} ticket booked,0
Order {0} shipped,0
Your {0} needs attention,1
Your {0} has been updated,0
Expense report {0} submitted,0
{0} ticket booked,0
{0} validation needed today,1
{0} notification alert,1
January appointment confirmed,0
Standup attached for last month services,0
Flight {0} departure reminder,0
Reminder your Night is tomorrow,0
New opportunity for {0},1
Review {0} feedback sent,0
Meeting scheduled at 2026,0
Your {0} request approved,1
Meeting notes {0} attached,0
{0} report is ready to view,0
Your {0} subscription renewed,0
Confirm your {0} details,1
{0} ticket booked,0
Permit {0} approved,0
Click here to {0},1
New opportunity for {0},1
Claim {0} within 24 hours,1
You qualified for {0},1
Calendar invitation for {0},0
4pm dinner tonight at home,0
Update your payment method now,1
4pm appointment confirmed,0
Secure your {0} instantly,1
Congratulations! Claim your crypto reward today,1
Performance {0} completed,0
Verification {0} completed,0
{0} opportunity ends today,1
Your {0} subscription renewed,0
Hotel {0} reservation confirmed,0
Claim {0} within 24 hours,1
Complete {0} registration now,1
{0} opportunity ends today,1
Exclusive {0} for VIP members,1
You qualified for {0},1
Meeting notes {0} attached,0
Your {0} access will be revoked,1
Final notice: {0} expires today,1
Your {0} has been updated,0
Your {0} access will be revoked,1
Delivery {0} confirmed,0
{0} validation needed today,1
Confirm your {0} details,1
Calendar invitation for {0},0
Details with colleagues at Details,0
Calendar invitation for {0},0
Order {0} shipped,0
Order {0} shipped,0
Application {0} accepted,0
Exclusive {0} for VIP members,1
Act now to get free shipping,1
Your account requires steam wallet,1
Congratulations! Claim your exclusive access today,1
Application {0} accepted,0
Your {0} request approved,1
You have won blockchain reward! Click the link now,1
{0} ticket booked,0
Claim your free limited edition item today,1
Complete {0} registration now,1
Order {0} shipped,0
Review {0} feedback sent,0
Update newsletter from your favorite blog,0
Your {0} has been updated,0
New opportunity for {0},1
Get steam wallet with this simple trick,1
Delivery {0} confirmed,0
Delivery {0} confirmed,0
Action required on your {0},1
Your {0} access will be revoked,1
Your {0} password expires soon,0
{0} notification alert,1
{0} alert from security team,1
{0} training session scheduled,0
Complete {0} registration now,1
Payroll {0} processed,0
Action required on your {0},1
New opportunity for {0},1
Status update on {0} project,0
Receive {0} by clicking here,1
Verify your verification required immediately,1
Retrospective dinner tonight at home,0
Calendar invitation for {0},0
2026 newsletter from your favorite blog,0
Contract {0} approved,0
Claim {0} within 24 hours,1
Timesheet {0} recorded,0
Timesheet {0} recorded,0
Verification {0} completed,0
Flight {0} departure reminder,0
Exclusive {0} for VIP members,1
{0} training session scheduled,0
You qualified for {0},1
Claim {0} within 24 hours,1
Review {0} feedback sent,0
Claim your free wire funds today,1
5pm with colleagues at 5pm,0
Congratulations! Claim your limited edition item today,1
Status update on {0} project,0
Your {0} request approved,1
Confirmation with colleagues at Confirmation,0
Congratulations you are selected for {0},1
Congratulations! Claim your free shipping today,1
Special emergency update just for you,1
Act now to get account access,1
Timesheet {0} recorded,0
Your {0} needs attention,1
Receive {0} by clicking here,1
Click to receive your {0},1
License {0} renewed,0
Re-activate your {0} account,1
Your {0} access will be revoked,1
Don't miss out on this ethereum stake,1
Meeting notes {0} attached,0
Verification {0} completed,0
{0} validation needed today,1
Act now to get crypto reward,1
Your {0} access will be revoked,1
Congratulations you are selected for {0},1
Expense report {0} submitted,0
Special steam wallet just for you,1
Congratulations you are selected for {0},1
Receive {0} by clicking here,1
Re-activate your {0} account,1
New opportunity for {0},1
{0} has been awarded to you,1
{0} validation needed today,1
Your unlimited credits is about to expire,1
Click to receive your {0},1
Flight {0} departure reminder,0
You have won digital asset! Click the link now,1
Suspicious activity on your inheritance,1
{0} ticket booked,0
Permit {0} approved,0
{0} ticket booked,0
Unlock your {0} instantly,1
{0} alert from security team,1
Click to receive your {0},1
11am with colleagues at 11am,0
Don't miss out on this crypto reward,1
Review {0} feedback sent,0
{0} pending confirmation,1
Your {0} has been updated,0
Team {0} scheduled for tomorrow,0
Webinar dinner tonight at home,0
Status update on {0} project,0
{0} opportunity ends today,1
Confirm your {0} details,1
Verify your roblox tokens immediately,1
Status update on {0} project,0
Status update on {0} project,0
Congratulations! Claim your password today,1
Your {0} needs attention,1
Invoice {0} processed successfully,0
Unlock your {0} instantly,1
Congratulations you are selected for {0},1
Demo with colleagues at Demo,0
Confirm your {0} details,1
Act now to get unlimited credits,1
{0} training session scheduled,0
Limited time offer: special bonus,1
{0} ticket booked,0
{0} opportunity ends today,1
{0} report is ready to view,0
Congratulations! Claim your unusual activity today,1
Team {0} scheduled for tomorrow,0
Suspicious activity on your account access,1
{0} has been awarded to you,1
Unlock your {0} instantly,1
{0} alert from security team,1
You have won personal details! Click the link now,1
Congratulations you are selected for {0},1
Your {0} has been updated,0
Budget {0} approved,0
July with colleagues at July,0
Payroll {0} processed,0
Your {0} has been updated,0
Your {0} needs attention,1
Expense report {0} submitted,0
Complete {0} registration now,1
Secure your {0} instantly,1
Your {0} subscription renewed,0
Click here to {0},1
Your account requires bonus payment,1
Urgent: Your exclusive deal will be blocked,1
Your account requires tax refund,1
Verify your unusual activity immediately,1
Your account requires paypal credit,1
Application {0} accepted,0
New {0} available in your account,0
Click to receive your {0},1
Review {0} feedback sent,0
Evening attached for last month services,0
Final notice: {0} expires today,1
Your {0} needs attention,1
Exclusive {0} for VIP members,1
Morning attached for last month services,0
Your account requires free shipping,1
Your {0} has been updated,0
Your {0} password expires soon,0
Team dinner tonight at home,0
{0} validation needed today,1
Exclusive {0} for VIP members,1
Click to receive your {0},1
Update your prize money now,1
Receive {0} by clicking here,1
Your {0} password expires soon,0
Limited time offer: wire funds,1
Act now to get gift card,1
Your {0} password expires soon,0
Limited time offer: paypal credit,1
Complete {0} registration now,1
New {0} available in your account,0
{0} pending confirmation,1
Action required on your {0},1
Your account requires bitcoin payment,1
{0} alert from security team,1
Final notice: {0} expires today,1
Review with colleagues at Review,0
Contract {0} approved,0
You have won premium upgrade! Click the link now,1
Your {0} password expires soon,0
Confirmation {0} email sent,0
Invoice attached for last month services,0
Your {0} needs attention,1
Your account requires investment opportunity,1
Your paypal credit is about to expire,1
Complete {0} registration now,1
License {0} renewed,0
Congratulations you are selected for {0},1
Hotel {0} reservation confirmed,0
Click here to {0},1
Exclusive {0} for VIP members,1
Status update on {0} project,0
Verify your bonus payment immediately,1
Verification {0} completed,0
Your {0} access will be revoked,1
{0} alert from security team,1
Delivery {0} confirmed,0
Complete {0} registration now,1
Verify your tax refund immediately,1
Your {0} password expires soon,0
Your {0} needs attention,1
Budget newsletter from your favorite blog,0
{0} report is ready to view,0
Course {0} enrollment confirmed,0
New {0} available in your account,0
Unlock your {0} instantly,1
You have won tax refund! Click the link now,1
May attached for last month services,0
Your {0} request approved,1
{0} report is ready to view,0
Exclusive {0} for VIP members,1
{0} training session scheduled,0
Review {0} feedback sent,0
Unlock your {0} instantly,1
Document {0} requires your approval,0
Congratulations you are selected for {0},1
Complete {0} registration now,1
Your account requires cash back,1
Final notice: {0} expires today,1
Meeting scheduled at February,0
Permit {0} approved,0
New {0} available in your account,0
Re-activate your {0} account,1
Status update on {0} project,0
Claim your free account access today,1
Confirmation {0} email sent,0
{0} report is ready to view,0
Planning team meeting agenda,0
Expense report {0} submitted,0
Exclusive {0} for VIP members,1
Act now to get exclusive access,1
Hotel {0} reservation confirmed,0
Review attached for last month services,0
Budget {0} approved,0
Permit {0} approved,0
Invoice {0} processed successfully,0
Your {0} subscription renewed,0
Your {0} subscription renewed,0
2pm team meeting agenda,0
{0} has been awarded to you,1
{0} ticket booked,0
Verification {0} completed,0
Update your blockchain reward now,1
Final notice: {0} expires today,1
Your cash back is about to expire,1
4pm dinner tonight at home,0
Your account requires personal details,1
Your {0} access will be revoked,1
Your {0} request approved,1
Congratulations you are selected for {0},1
Performance {0} completed,0
Team {0} scheduled for tomorrow,0
Secure your {0} instantly,1
Calendar invitation for {0},0
Verification {0} completed,0
Expense report {0} submitted,0
Your blockchain reward is about to expire,1
Congratulations! Claim your limited edition item today,1
{0} training session scheduled,0
{0} validation needed today,1
{0} alert from security team,1
Performance {0} completed,0
Status update on {0} project,0
Claim {0} within 24 hours,1
Flight {0} departure reminder,0
{0} notification alert,1
Permit {0} approved,0
4pm with colleagues at 4pm,0
Retrospective team meeting agenda,0
Click to receive your {0},1
Verification {0} completed,0
Thursday team meeting agenda,0
Congratulations you are selected for {0},1
Unlock your {0} instantly,1
Thursday attached for last month services,0
Reminder your Schedule is tomorrow,0
Verify your account suspension immediately,1
Your {0} request approved,1
Flight {0} departure reminder,0
Details dinner tonight at home,0
{0} validation needed today,1
Stop! You are missing out on {0},1
License {0} renewed,0
Unlock your {0} instantly,1
Exclusive {0} for VIP members,1
{0} report is ready to view,0
August team meeting agenda,0
Course {0} enrollment confirmed,0
Order {0} shipped,0
Your {0} has been updated,0
Meeting notes {0} attached,0
Meeting scheduled at Report,0
Action required on your {0},1
Status update on {0} project,0
Congratulations! Claim your membership status today,1
Reminder your Q3 is tomorrow,0
Complete {0} registration now,1
Team {0} scheduled for tomorrow,0
Course {0} enrollment confirmed,0
{0} ticket booked,0
Act now to get membership status,1
Click here to {0},1
{0} training session scheduled,0
Limited time offer: wire funds,1
Stop! You are missing out on {0},1
Confirmation {0} email sent,0
Update your hidden benefit now,1
Application {0} accepted,0
Confirmation {0} email sent,0
Action required on your {0},1
{0} requires immediate action,1
Retrospective attached for last month services,0
Document {0} requires your approval,0
Project deadline extended to Conference,0
Project deadline extended to Monday,0
Reminder your 2pm is tomorrow,0
Update your cash back now,1
Unlock your {0} instantly,1
You have won bitcoin payment! Click the link now,1
Special membership status just for you,1
Budget {0} approved,0
Complete {0} registration now,1
Document {0} requires your approval,0
Complete {0} registration now,1
Status update on {0} project,0
Contract {0} approved,0
Contract {0} approved,0
Urgent: Your password will be blocked,1
Hotel {0} reservation confirmed,0
{0} ticket booked,0
March newsletter from your favorite blog,0
Budget {0} approved,0
Claim {0} within 24 hours,1
{0} pending confirmation,1
{0} ticket booked,0
Meeting scheduled at Budget,0
Course {0} enrollment confirmed,0
Urgent: Your cash back will be blocked,1
Unlock your {0} instantly,1
Order {0} shipped,0
Action required on your {0},1
Click here to {0},1
Limited time offer: exclusive access,1
Re-activate your {0} account,1
Course {0} enrollment confirmed,0
Act now to get tax refund,1
New {0} available in your account,0
Get nft collection with this simple trick,1
Contract {0} approved,0
Calendar invitation for {0},0
Your account requires exclusive access,1
Monday newsletter from your favorite blog,0
Meeting notes {0} attached,0
Congratulations you are selected for {0},1
Your {0} needs attention,1
Verify your ethereum stake immediately,1
Update your limited edition item now,1
New {0} available in your account,0
Payroll {0} processed,0
{0} opportunity ends today,1
{0} validation needed today,1
Meeting scheduled at October,0
Expense report {0} submitted,0
{0} requires immediate action,1
Team {0} scheduled for tomorrow,0
Your {0} access will be revoked,1
Don't miss out on this money transfer,1
Your {0} subscription renewed,0
8am attached for last month services,0
Review {0} feedback sent,0
{0} pending confirmation,1
Act now to get wire funds,1
Project deadline extended to Night,0
Document {0} requires your approval,0
Certificate {0} issued,0
Limited time offer: membership status,1
Your {0} password expires soon,0
Confirmation {0} email sent,0
8am team meeting agenda,0
{0} alert from security team,1
June attached for last month services,0
Calendar invitation for {0},0
Calendar invitation for {0},0
Don't miss out on this investment opportunity,1
Order {0} shipped,0
Permit {0} approved,0
Monday attached for last month services,0
{0} pending confirmation,1
Course {0} enrollment confirmed,0
Claim your free free vacation today,1
Secure your {0} instantly,1
Limited time offer: exclusive deal,1
Click to receive your {0},1
Verify your password immediately,1
{0} pending confirmation,1
Don't miss out on this payment method,1
New opportunity for {0},1
Action required on your {0},1
{0} opportunity ends today,1
Your {0} needs attention,1
Don't miss out on this security code,1
Final notice: {0} expires today,1
Re-activate your {0} account,1
Verification {0} completed,0
Status update on {0} project,0
Invoice {0} processed successfully,0
Don't miss out on this steam wallet,1
Verify your exclusive deal immediately,1
Action required on your {0},1
Expense report {0} submitted,0
Q2 attached for last month services,0
{0} opportunity ends today,1
Your {0} access will be revoked,1
Discussion newsletter from your favorite blog,0
Claim {0} within 24 hours,1
{0} report is ready to view,0
Hotel {0} reservation confirmed,0
3pm dinner tonight at home,0
New {0} available in your account,0
Course {0} enrollment confirmed,0
{0} validation needed today,1
Expense report {0} submitted,0
Your {0} password expires soon,0
4pm appointment confirmed,0
Verify your credit card immediately,1
Click to receive your {0},1
Exclusive {0} for VIP members,1
Stop! You are missing out on {0},1
Meeting scheduled at Wednesday,0
Your {0} password expires soon,0
Re-activate your {0} account,1
Team {0} scheduled for tomorrow,0
Don't miss out on this unlimited credits,1
Your {0} request approved,1
Timesheet {0} recorded,0
Performance {0} completed,0
{0} has been awarded to you,1
Confirmation {0} email sent,0
Click here to {0},1
{0} pending confirmation,1
Project deadline extended to April,0
Reminder your October is tomorrow,0
Verification {0} completed,0
Team {0} scheduled for tomorrow,0
Document {0} requires your approval,0
{0} notification alert,1
Verification {0} completed,0
{0} opportunity ends today,1
License {0} renewed,0
Update your prize money now,1
Claim {0} within 24 hours,1
Delivery {0} confirmed,0
Urgent: Your free shipping will be blocked,1
{0} validation needed today,1
Your {0} needs attention,1
Your {0} request approved,1
{0} pending confirmation,1
Claim your free payment confirmation today,1
{0} ticket booked,0
Limited time offer: exclusive deal,1
Final notice: {0} expires today,1
{0} opportunity ends today,1
{0} ticket booked,0
Agenda appointment confirmed,0
{0} requires immediate action,1
Verification {0} completed,0
{0} ticket booked,0
Invoice {0} processed successfully,0
Claim {0} within 24 hours,1
Review newsletter from your favorite blog,0
Don't miss out on this exclusive deal,1
Budget {0} approved,0
Limited time offer: amazon voucher,1
{0} has been awarded to you,1
Document {0} requires your approval,0
You have won digital asset! Click the link now,1
Congratulations you are selected for {0},1
Re-activate your {0} account,1
Stop! You are missing out on {0},1
Course {0} enrollment confirmed,0
December with colleagues at December,0
Act now to get amazon voucher,1
Complete {0} registration now,1
New opportunity for {0},1
Special nft collection just for you,1
Forum dinner tonight at home,0
Your {0} request approved,1
Your account requires digital asset,1
Team {0} scheduled for tomorrow,0
Review {0} feedback sent,0
iphone,1